text,category,urgency,source
App crash ho rahi hai payment ke time. Ref TRK5614226.,App_Bug,Medium,App
"Maine headphones order kiye the, wallet deliver kar diya. Order ORD131244.",Wrong_Product,Medium,Call
Original bola tha lekin duplicate nikla. Seller response bhi nahi de raha.,Seller_Fraud,High,Email
"Tracking TRK7022674 update nahi ho raha, delivery date cross ho gayi. Seller bhi reply nahi kar raha.",Order_Not_Delivered,Medium,App
Amount debit hua lekin confirmation nahi aaya.,Payment_Issue,High,Website
App crash ho rahi hai payment ke time. Ref TRK4823498.,App_Bug,Low,Call
3 baar complaint ki but koi proper response nahi mila. Seller bhi reply nahi kar raha.,Customer_Service,Medium,Website
"Maine headphones order kiye the, wallet deliver kar diya. Order ORD271339.",Wrong_Product,High,Email
Promised date se 8 din late deliver hua. Support ko contact kiya but koi update nahi.,Late_Delivery,Low,Email
Original bola tha lekin duplicate nikla. Seller response bhi nahi de raha. Refund bhi abhi tak process nahi hua.,Seller_Fraud,Medium,Call
Refund 10 din se pending hai. Seller bhi reply nahi kar raha.,Refund_Return,Low,Website
Login karte hi something went wrong error aa raha hai.,App_Bug,Medium,App
App crash ho rahi hai payment ke time. Ref TRK5476583. App me tracking bhi galat show ho rahi hai.,App_Bug,High,App
Amount debit hua lekin confirmation nahi aaya. Support ko contact kiya but koi update nahi.,Payment_Issue,High,Website
"Maine headphones order kiye the, wallet deliver kar diya. Order ORD728038.",Wrong_Product,Low,Email
Seller ne fake product bhej diya aur return bhi reject kar diya. Order ORD694916.,Seller_Fraud,Medium,Website
Original bola tha lekin duplicate nikla. Seller response bhi nahi de raha.,Seller_Fraud,High,Website
Login karte hi something went wrong error aa raha hai. Support ko contact kiya but koi update nahi.,App_Bug,High,App
"Maine headphones order kiye the, wallet deliver kar diya. Order ORD717024. Seller bhi reply nahi kar raha.",Wrong_Product,Low,Email
"Order ORD392004 ko 4 din ho gaye, status out for delivery pe hi atka hai, parcel abhi tak nahi mila.",Order_Not_Delivered,Low,Call
Original bola tha lekin duplicate nikla. Seller response bhi nahi de raha.,Seller_Fraud,High,Call
Invoice me extra charge add ho gaya. Order ORD806073.,Billing_Invoice,High,Website
Original bola tha lekin duplicate nikla. Seller response bhi nahi de raha. Seller bhi reply nahi kar raha.,Seller_Fraud,Medium,App
"Order ORD197793 ko 9 din ho gaye, status out for delivery pe hi atka hai, parcel abhi tak nahi mila.",Order_Not_Delivered,Low,App
Seller ne fake product bhej diya aur return bhi reject kar diya. Order ORD509386.,Seller_Fraud,Low,Call
Original bola tha lekin duplicate nikla. Seller response bhi nahi de raha.,Seller_Fraud,High,Call
"Maine headphones order kiye the, wallet deliver kar diya. Order ORD159642.",Wrong_Product,Medium,Website
Invoice me extra charge add ho gaya. Order ORD707040.,Billing_Invoice,Medium,Email
Return approve hua but pickup schedule nahi ho raha. Invoice INV350280. Refund bhi abhi tak process nahi hua.,Refund_Return,Medium,App
"Order ORD176819 ko 4 din ho gaye, status out for delivery pe hi atka hai, parcel abhi tak nahi mila.",Order_Not_Delivered,Low,Website
Invoice me extra charge add ho gaya. Order ORD559469. Refund bhi abhi tak process nahi hua.,Billing_Invoice,Low,App
Return approve hua but pickup schedule nahi ho raha. Invoice INV212235. Support ko contact kiya but koi update nahi.,Refund_Return,Medium,Website
Login karte hi something went wrong error aa raha hai.,App_Bug,Medium,App
"Order ORD768061 ko 10 din ho gaye, status out for delivery pe hi atka hai, parcel abhi tak nahi mila.",Order_Not_Delivered,Medium,App
"Order ORD672092 ko 11 din ho gaye, status out for delivery pe hi atka hai, parcel abhi tak nahi mila.",Order_Not_Delivered,High,App
Customer support sirf ticket close kar raha hai without solution. Ref ORD475190. App me tracking bhi galat show ho rahi hai.,Customer_Service,Low,Website
Return approve hua but pickup schedule nahi ho raha. Invoice INV532322.,Refund_Return,High,Call
Box kholte hi product broken nikla. Order ORD379766.,Damaged_Product,Low,Website
Original bola tha lekin duplicate nikla. Seller response bhi nahi de raha. Support ko contact kiya but koi update nahi.,Seller_Fraud,High,Email
Express delivery li thi fir bhi delay hua.,Late_Delivery,High,Email
Original bola tha lekin duplicate nikla. Seller response bhi nahi de raha.,Seller_Fraud,High,App
Invoice me extra charge add ho gaya. Order ORD367095.,Billing_Invoice,Medium,Website
Customer support sirf ticket close kar raha hai without solution. Ref ORD796503.,Customer_Service,Medium,Email
Completely different product receive hua. App me tracking bhi galat show ho rahi hai.,Wrong_Product,Medium,Call
App crash ho rahi hai payment ke time. Ref TRK6049101.,App_Bug,High,Email
Discount apply hua tha par final bill me reflect nahi hua.,Billing_Invoice,High,Email
"Order ORD805477 ko 4 din ho gaye, status out for delivery pe hi atka hai, parcel abhi tak nahi mila. Support ko contact kiya but koi update nahi.",Order_Not_Delivered,Low,App
Invoice me extra charge add ho gaya. Order ORD853240. Seller bhi reply nahi kar raha.,Billing_Invoice,Low,App
Box kholte hi product broken nikla. Order ORD284430. Seller bhi reply nahi kar raha.,Damaged_Product,Medium,Call
Login karte hi something went wrong error aa raha hai.,App_Bug,Medium,Website
Screen cracked thi delivery ke time. App me tracking bhi galat show ho rahi hai.,Damaged_Product,Medium,Email
Discount apply hua tha par final bill me reflect nahi hua. Support ko contact kiya but koi update nahi.,Billing_Invoice,High,Website
App crash ho rahi hai payment ke time. Ref TRK7838382.,App_Bug,High,Call
Invoice me extra charge add ho gaya. Order ORD998348. App me tracking bhi galat show ho rahi hai.,Billing_Invoice,Low,Call
"Maine headphones order kiye the, wallet deliver kar diya. Order ORD611945. Refund bhi abhi tak process nahi hua.",Wrong_Product,Medium,Call
Screen cracked thi delivery ke time.,Damaged_Product,High,Call
Original bola tha lekin duplicate nikla. Seller response bhi nahi de raha. Refund bhi abhi tak process nahi hua.,Seller_Fraud,High,Call
3 baar complaint ki but koi proper response nahi mila. Refund bhi abhi tak process nahi hua.,Customer_Service,High,App
Box kholte hi product broken nikla. Order ORD890870.,Damaged_Product,High,Call
App crash ho rahi hai payment ke time. Ref TRK5299055.,App_Bug,Low,App
Box kholte hi product broken nikla. Order ORD426147.,Damaged_Product,Low,Call
Invoice me extra charge add ho gaya. Order ORD179688.,Billing_Invoice,High,App
3 baar complaint ki but koi proper response nahi mila.,Customer_Service,Low,Call
"Tracking TRK8713146 update nahi ho raha, delivery date cross ho gayi. Refund bhi abhi tak process nahi hua.",Order_Not_Delivered,Medium,Call
Discount apply hua tha par final bill me reflect nahi hua.,Billing_Invoice,High,Call
Completely different product receive hua.,Wrong_Product,High,Email
3 baar complaint ki but koi proper response nahi mila. App me tracking bhi galat show ho rahi hai.,Customer_Service,Medium,Website
Login karte hi something went wrong error aa raha hai.,App_Bug,High,Email
Discount apply hua tha par final bill me reflect nahi hua.,Billing_Invoice,High,Website
Customer support sirf ticket close kar raha hai without solution. Ref ORD300845.,Customer_Service,Low,Email
UPI payment deduct ho gaya par order place nahi hua. Txn TXN34084236. Support ko contact kiya but koi update nahi.,Payment_Issue,High,App
"Maine headphones order kiye the, wallet deliver kar diya. Order ORD768854. App me tracking bhi galat show ho rahi hai.",Wrong_Product,Medium,Website
Amount debit hua lekin confirmation nahi aaya.,Payment_Issue,Medium,App
Original bola tha lekin duplicate nikla. Seller response bhi nahi de raha.,Seller_Fraud,Medium,Website
Screen cracked thi delivery ke time.,Damaged_Product,Medium,App
UPI payment deduct ho gaya par order place nahi hua. Txn TXN98641164. Support ko contact kiya but koi update nahi.,Payment_Issue,Medium,Website
"Tracking TRK8883823 update nahi ho raha, delivery date cross ho gayi. Refund bhi abhi tak process nahi hua.",Order_Not_Delivered,Medium,Call
"Order ORD377405 ko 10 din ho gaye, status out for delivery pe hi atka hai, parcel abhi tak nahi mila. Support ko contact kiya but koi update nahi.",Order_Not_Delivered,Low,Website
"Order ORD931131 ko 6 din ho gaye, status out for delivery pe hi atka hai, parcel abhi tak nahi mila.",Order_Not_Delivered,Medium,Email
Login karte hi something went wrong error aa raha hai. App me tracking bhi galat show ho rahi hai.,App_Bug,Medium,Email
"Order ORD807053 ko 11 din ho gaye, status out for delivery pe hi atka hai, parcel abhi tak nahi mila. Support ko contact kiya but koi update nahi.",Order_Not_Delivered,Medium,Call
Return approve hua but pickup schedule nahi ho raha. Invoice INV765620.,Refund_Return,High,Email
App crash ho rahi hai payment ke time. Ref TRK7906258.,App_Bug,High,App
Discount apply hua tha par final bill me reflect nahi hua.,Billing_Invoice,High,Call
Invoice me extra charge add ho gaya. Order ORD643623.,Billing_Invoice,High,Email
Completely different product receive hua.,Wrong_Product,High,Website
Customer support sirf ticket close kar raha hai without solution. Ref ORD679077.,Customer_Service,High,Website
Completely different product receive hua. Support ko contact kiya but koi update nahi.,Wrong_Product,High,Website
Express delivery li thi fir bhi delay hua.,Late_Delivery,High,Email
Express delivery li thi fir bhi delay hua.,Late_Delivery,Medium,Call
Discount apply hua tha par final bill me reflect nahi hua.,Billing_Invoice,High,Email
Screen cracked thi delivery ke time.,Damaged_Product,Medium,App
Express delivery li thi fir bhi delay hua.,Late_Delivery,Medium,Website
"Tracking TRK7668663 update nahi ho raha, delivery date cross ho gayi.",Order_Not_Delivered,Low,Call
Amount debit hua lekin confirmation nahi aaya.,Payment_Issue,Low,Website
Screen cracked thi delivery ke time.,Damaged_Product,High,App
3 baar complaint ki but koi proper response nahi mila.,Customer_Service,Medium,Website
Original bola tha lekin duplicate nikla. Seller response bhi nahi de raha. Refund bhi abhi tak process nahi hua.,Seller_Fraud,Medium,App
Refund 10 din se pending hai.,Refund_Return,High,Call
Login karte hi something went wrong error aa raha hai. App me tracking bhi galat show ho rahi hai.,App_Bug,Medium,Email
Amount debit hua lekin confirmation nahi aaya.,Payment_Issue,Medium,App
Refund 10 din se pending hai.,Refund_Return,High,Website
App crash ho rahi hai payment ke time. Ref TRK2630140.,App_Bug,Medium,Email
Box kholte hi product broken nikla. Order ORD409445. Refund bhi abhi tak process nahi hua.,Damaged_Product,Medium,Email
Express delivery li thi fir bhi delay hua.,Late_Delivery,Medium,App
Seller ne fake product bhej diya aur return bhi reject kar diya. Order ORD809176. App me tracking bhi galat show ho rahi hai.,Seller_Fraud,High,App
Discount apply hua tha par final bill me reflect nahi hua. Support ko contact kiya but koi update nahi.,Billing_Invoice,Medium,Email
Return approve hua but pickup schedule nahi ho raha. Invoice INV766269.,Refund_Return,High,App
Amount debit hua lekin confirmation nahi aaya. App me tracking bhi galat show ho rahi hai.,Payment_Issue,High,Call
"Maine headphones order kiye the, wallet deliver kar diya. Order ORD535037.",Wrong_Product,Low,App
App crash ho rahi hai payment ke time. Ref TRK8460758.,App_Bug,High,Email
"Tracking TRK3049499 update nahi ho raha, delivery date cross ho gayi.",Order_Not_Delivered,Medium,App
"Tracking TRK3112652 update nahi ho raha, delivery date cross ho gayi. Support ko contact kiya but koi update nahi.",Order_Not_Delivered,Medium,Website
Customer support sirf ticket close kar raha hai without solution. Ref ORD926952.,Customer_Service,Medium,App
App crash ho rahi hai payment ke time. Ref TRK1249314.,App_Bug,High,App
Original bola tha lekin duplicate nikla. Seller response bhi nahi de raha.,Seller_Fraud,High,App
Invoice me extra charge add ho gaya. Order ORD744986.,Billing_Invoice,Medium,App
"Tracking TRK7738019 update nahi ho raha, delivery date cross ho gayi.",Order_Not_Delivered,Medium,App
Customer support sirf ticket close kar raha hai without solution. Ref ORD168872.,Customer_Service,Medium,Call
Amount debit hua lekin confirmation nahi aaya.,Payment_Issue,High,Website
Invoice me extra charge add ho gaya. Order ORD533914.,Billing_Invoice,High,Call
3 baar complaint ki but koi proper response nahi mila. Seller bhi reply nahi kar raha.,Customer_Service,High,App
Screen cracked thi delivery ke time.,Damaged_Product,Medium,App
Discount apply hua tha par final bill me reflect nahi hua.,Billing_Invoice,Medium,Website
Original bola tha lekin duplicate nikla. Seller response bhi nahi de raha. Refund bhi abhi tak process nahi hua.,Seller_Fraud,Medium,Call
Promised date se 6 din late deliver hua.,Late_Delivery,High,Email
Customer support sirf ticket close kar raha hai without solution. Ref ORD250210.,Customer_Service,High,Website
Discount apply hua tha par final bill me reflect nahi hua.,Billing_Invoice,Medium,App
Promised date se 6 din late deliver hua.,Late_Delivery,High,Call
Invoice me extra charge add ho gaya. Order ORD891615. App me tracking bhi galat show ho rahi hai.,Billing_Invoice,Medium,Email
"Tracking TRK1919088 update nahi ho raha, delivery date cross ho gayi.",Order_Not_Delivered,Medium,Email
Customer support sirf ticket close kar raha hai without solution. Ref ORD108105. Support ko contact kiya but koi update nahi.,Customer_Service,Medium,Email
"Order ORD557409 ko 7 din ho gaye, status out for delivery pe hi atka hai, parcel abhi tak nahi mila.",Order_Not_Delivered,Medium,Call
3 baar complaint ki but koi proper response nahi mila.,Customer_Service,Low,App
Invoice me extra charge add ho gaya. Order ORD355135. Refund bhi abhi tak process nahi hua.,Billing_Invoice,Medium,Website
Customer support sirf ticket close kar raha hai without solution. Ref ORD180089.,Customer_Service,Low,Email
Customer support sirf ticket close kar raha hai without solution. Ref ORD347745. Support ko contact kiya but koi update nahi.,Customer_Service,Medium,App
Original bola tha lekin duplicate nikla. Seller response bhi nahi de raha.,Seller_Fraud,Medium,Email
Seller ne fake product bhej diya aur return bhi reject kar diya. Order ORD591699.,Seller_Fraud,High,App
3 baar complaint ki but koi proper response nahi mila.,Customer_Service,Low,App
Login karte hi something went wrong error aa raha hai. App me tracking bhi galat show ho rahi hai.,App_Bug,Medium,App
Discount apply hua tha par final bill me reflect nahi hua. App me tracking bhi galat show ho rahi hai.,Billing_Invoice,Low,Website
3 baar complaint ki but koi proper response nahi mila.,Customer_Service,Medium,Email
"Order ORD685066 ko 12 din ho gaye, status out for delivery pe hi atka hai, parcel abhi tak nahi mila.",Order_Not_Delivered,Medium,Website
Customer support sirf ticket close kar raha hai without solution. Ref ORD466813. Seller bhi reply nahi kar raha.,Customer_Service,High,Call
Login karte hi something went wrong error aa raha hai.,App_Bug,High,Email
"Tracking TRK4593556 update nahi ho raha, delivery date cross ho gayi. Support ko contact kiya but koi update nahi.",Order_Not_Delivered,High,Email
Promised date se 7 din late deliver hua.,Late_Delivery,Medium,Call
Seller ne fake product bhej diya aur return bhi reject kar diya. Order ORD971728.,Seller_Fraud,Medium,Website
Amount debit hua lekin confirmation nahi aaya.,Payment_Issue,Medium,Call
Return approve hua but pickup schedule nahi ho raha. Invoice INV584106.,Refund_Return,High,Website
Box kholte hi product broken nikla. Order ORD362147.,Damaged_Product,High,App
Customer support sirf ticket close kar raha hai without solution. Ref ORD386042. Support ko contact kiya but koi update nahi.,Customer_Service,Medium,Email
Refund 10 din se pending hai.,Refund_Return,High,Website
"Order ORD979940 ko 4 din ho gaye, status out for delivery pe hi atka hai, parcel abhi tak nahi mila. App me tracking bhi galat show ho rahi hai.",Order_Not_Delivered,Medium,Website
Screen cracked thi delivery ke time. Support ko contact kiya but koi update nahi.,Damaged_Product,Medium,Call
"Tracking TRK6052478 update nahi ho raha, delivery date cross ho gayi.",Order_Not_Delivered,Medium,Call
"Tracking TRK9993490 update nahi ho raha, delivery date cross ho gayi.",Order_Not_Delivered,Medium,Email
Discount apply hua tha par final bill me reflect nahi hua. Refund bhi abhi tak process nahi hua.,Billing_Invoice,High,App
Discount apply hua tha par final bill me reflect nahi hua.,Billing_Invoice,High,Website
Box kholte hi product broken nikla. Order ORD908977.,Damaged_Product,Medium,Website
Express delivery li thi fir bhi delay hua. App me tracking bhi galat show ho rahi hai.,Late_Delivery,High,Website
"Order ORD143941 ko 8 din ho gaye, status out for delivery pe hi atka hai, parcel abhi tak nahi mila.",Order_Not_Delivered,Medium,Email
"Order ORD400009 ko 12 din ho gaye, status out for delivery pe hi atka hai, parcel abhi tak nahi mila.",Order_Not_Delivered,High,Email
Discount apply hua tha par final bill me reflect nahi hua.,Billing_Invoice,Medium,Email
Screen cracked thi delivery ke time. Seller bhi reply nahi kar raha.,Damaged_Product,High,Email
3 baar complaint ki but koi proper response nahi mila.,Customer_Service,Low,Call
Customer support sirf ticket close kar raha hai without solution. Ref ORD178686. Seller bhi reply nahi kar raha.,Customer_Service,High,Call
"Order ORD347459 ko 11 din ho gaye, status out for delivery pe hi atka hai, parcel abhi tak nahi mila. Support ko contact kiya but koi update nahi.",Order_Not_Delivered,Medium,Email
Invoice me extra charge add ho gaya. Order ORD701800.,Billing_Invoice,High,App
"Order ORD623285 ko 3 din ho gaye, status out for delivery pe hi atka hai, parcel abhi tak nahi mila. Refund bhi abhi tak process nahi hua.",Order_Not_Delivered,Medium,Website
Amount debit hua lekin confirmation nahi aaya.,Payment_Issue,Medium,Call
Amount debit hua lekin confirmation nahi aaya.,Payment_Issue,Low,Website
App crash ho rahi hai payment ke time. Ref TRK7064832.,App_Bug,Medium,Website
Box kholte hi product broken nikla. Order ORD478427.,Damaged_Product,High,Email
Discount apply hua tha par final bill me reflect nahi hua. Refund bhi abhi tak process nahi hua.,Billing_Invoice,Medium,Call
Discount apply hua tha par final bill me reflect nahi hua.,Billing_Invoice,Low,App
Completely different product receive hua.,Wrong_Product,Medium,Email
Express delivery li thi fir bhi delay hua.,Late_Delivery,High,Website
"Maine headphones order kiye the, wallet deliver kar diya. Order ORD279516.",Wrong_Product,High,App
Amount debit hua lekin confirmation nahi aaya.,Payment_Issue,High,Email
Login karte hi something went wrong error aa raha hai.,App_Bug,Medium,Website
Discount apply hua tha par final bill me reflect nahi hua.,Billing_Invoice,Medium,Email
UPI payment deduct ho gaya par order place nahi hua. Txn TXN85383550.,Payment_Issue,Medium,Email
Invoice me extra charge add ho gaya. Order ORD201514.,Billing_Invoice,Low,Website
Screen cracked thi delivery ke time.,Damaged_Product,High,App
"Tracking TRK8671057 update nahi ho raha, delivery date cross ho gayi.",Order_Not_Delivered,High,Call
Completely different product receive hua. Refund bhi abhi tak process nahi hua.,Wrong_Product,Medium,Call
3 baar complaint ki but koi proper response nahi mila. App me tracking bhi galat show ho rahi hai.,Customer_Service,Medium,Email
Box kholte hi product broken nikla. Order ORD234913.,Damaged_Product,High,Website
Original bola tha lekin duplicate nikla. Seller response bhi nahi de raha.,Seller_Fraud,Medium,Call
Seller ne fake product bhej diya aur return bhi reject kar diya. Order ORD443897.,Seller_Fraud,High,Email
Completely different product receive hua.,Wrong_Product,High,Call
"Maine headphones order kiye the, wallet deliver kar diya. Order ORD725905.",Wrong_Product,Medium,Call
Original bola tha lekin duplicate nikla. Seller response bhi nahi de raha. App me tracking bhi galat show ho rahi hai.,Seller_Fraud,High,Website
Invoice me extra charge add ho gaya. Order ORD530311.,Billing_Invoice,Medium,App
App crash ho rahi hai payment ke time. Ref TRK6453426.,App_Bug,Low,Call
Refund 10 din se pending hai.,Refund_Return,High,Website
3 baar complaint ki but koi proper response nahi mila.,Customer_Service,Medium,Call
3 baar complaint ki but koi proper response nahi mila.,Customer_Service,High,Email
UPI payment deduct ho gaya par order place nahi hua. Txn TXN20607151.,Payment_Issue,Medium,Call
Original bola tha lekin duplicate nikla. Seller response bhi nahi de raha.,Seller_Fraud,High,App
App crash ho rahi hai payment ke time. Ref TRK4906349.,App_Bug,Medium,Website
"Order ORD526673 ko 5 din ho gaye, status out for delivery pe hi atka hai, parcel abhi tak nahi mila.",Order_Not_Delivered,High,Email
App crash ho rahi hai payment ke time. Ref TRK4896008.,App_Bug,Medium,App
Amount debit hua lekin confirmation nahi aaya. Seller bhi reply nahi kar raha.,Payment_Issue,Low,Email
3 baar complaint ki but koi proper response nahi mila.,Customer_Service,High,Call
App crash ho rahi hai payment ke time. Ref TRK6655803.,App_Bug,High,Call
Express delivery li thi fir bhi delay hua.,Late_Delivery,Medium,Website
"Tracking TRK8494978 update nahi ho raha, delivery date cross ho gayi.",Order_Not_Delivered,Medium,App
3 baar complaint ki but koi proper response nahi mila.,Customer_Service,High,Email
Login karte hi something went wrong error aa raha hai. Refund bhi abhi tak process nahi hua.,App_Bug,High,Call
Box kholte hi product broken nikla. Order ORD898867.,Damaged_Product,Medium,Email
"Order ORD164758 ko 10 din ho gaye, status out for delivery pe hi atka hai, parcel abhi tak nahi mila. Refund bhi abhi tak process nahi hua.",Order_Not_Delivered,Low,Call
"Order ORD851742 ko 9 din ho gaye, status out for delivery pe hi atka hai, parcel abhi tak nahi mila.",Order_Not_Delivered,Medium,Call
Invoice me extra charge add ho gaya. Order ORD685941.,Billing_Invoice,Medium,Website
"Maine headphones order kiye the, wallet deliver kar diya. Order ORD544278.",Wrong_Product,Low,App
Amount debit hua lekin confirmation nahi aaya.,Payment_Issue,Low,Call
Discount apply hua tha par final bill me reflect nahi hua.,Billing_Invoice,Low,Website
Login karte hi something went wrong error aa raha hai. Support ko contact kiya but koi update nahi.,App_Bug,Medium,App
Amount debit hua lekin confirmation nahi aaya. Refund bhi abhi tak process nahi hua.,Payment_Issue,High,Website
Return approve hua but pickup schedule nahi ho raha. Invoice INV744793. Seller bhi reply nahi kar raha.,Refund_Return,Medium,Call
"Maine headphones order kiye the, wallet deliver kar diya. Order ORD356622.",Wrong_Product,Medium,App
Original bola tha lekin duplicate nikla. Seller response bhi nahi de raha.,Seller_Fraud,High,Website
UPI payment deduct ho gaya par order place nahi hua. Txn TXN18181595.,Payment_Issue,Low,Website
Login karte hi something went wrong error aa raha hai.,App_Bug,Medium,Email
Login karte hi something went wrong error aa raha hai.,App_Bug,Low,Email
Promised date se 8 din late deliver hua.,Late_Delivery,Medium,Website
Discount apply hua tha par final bill me reflect nahi hua.,Billing_Invoice,High,Website
"Tracking TRK1663497 update nahi ho raha, delivery date cross ho gayi.",Order_Not_Delivered,Medium,Call
Original bola tha lekin duplicate nikla. Seller response bhi nahi de raha.,Seller_Fraud,Medium,Website
App crash ho rahi hai payment ke time. Ref TRK5015307.,App_Bug,Medium,Email
3 baar complaint ki but koi proper response nahi mila.,Customer_Service,High,Website
Discount apply hua tha par final bill me reflect nahi hua. App me tracking bhi galat show ho rahi hai.,Billing_Invoice,High,Website
3 baar complaint ki but koi proper response nahi mila.,Customer_Service,High,Call
Amount debit hua lekin confirmation nahi aaya. App me tracking bhi galat show ho rahi hai.,Payment_Issue,High,App
"Maine headphones order kiye the, wallet deliver kar diya. Order ORD957730. Support ko contact kiya but koi update nahi.",Wrong_Product,High,Website
"Tracking TRK2014184 update nahi ho raha, delivery date cross ho gayi.",Order_Not_Delivered,Low,Call
"Tracking TRK1280618 update nahi ho raha, delivery date cross ho gayi.",Order_Not_Delivered,High,Call
Box kholte hi product broken nikla. Order ORD212214. Refund bhi abhi tak process nahi hua.,Damaged_Product,Medium,Email
Box kholte hi product broken nikla. Order ORD491172.,Damaged_Product,High,App
App crash ho rahi hai payment ke time. Ref TRK7799441.,App_Bug,Medium,Website
"Tracking TRK6557798 update nahi ho raha, delivery date cross ho gayi.",Order_Not_Delivered,High,Call
Customer support sirf ticket close kar raha hai without solution. Ref ORD817675. Refund bhi abhi tak process nahi hua.,Customer_Service,High,Website
Completely different product receive hua.,Wrong_Product,Low,Email
Invoice me extra charge add ho gaya. Order ORD928897. Support ko contact kiya but koi update nahi.,Billing_Invoice,Medium,Email
Login karte hi something went wrong error aa raha hai.,App_Bug,Medium,Website
3 baar complaint ki but koi proper response nahi mila.,Customer_Service,Medium,Email
Box kholte hi product broken nikla. Order ORD186023. App me tracking bhi galat show ho rahi hai.,Damaged_Product,High,App
"Tracking TRK7038413 update nahi ho raha, delivery date cross ho gayi. Support ko contact kiya but koi update nahi.",Order_Not_Delivered,High,Call
"Order ORD471106 ko 7 din ho gaye, status out for delivery pe hi atka hai, parcel abhi tak nahi mila.",Order_Not_Delivered,High,Call
Invoice me extra charge add ho gaya. Order ORD860053.,Billing_Invoice,High,Email
3 baar complaint ki but koi proper response nahi mila.,Customer_Service,Medium,App
Customer support sirf ticket close kar raha hai without solution. Ref ORD855917.,Customer_Service,High,App
Amount debit hua lekin confirmation nahi aaya.,Payment_Issue,Medium,Website
Customer support sirf ticket close kar raha hai without solution. Ref ORD602278. App me tracking bhi galat show ho rahi hai.,Customer_Service,Low,Website
3 baar complaint ki but koi proper response nahi mila. Support ko contact kiya but koi update nahi.,Customer_Service,Medium,App
Amount debit hua lekin confirmation nahi aaya.,Payment_Issue,Medium,Call
App crash ho rahi hai payment ke time. Ref TRK6080688. App me tracking bhi galat show ho rahi hai.,App_Bug,Medium,App
Discount apply hua tha par final bill me reflect nahi hua.,Billing_Invoice,Medium,Email
App crash ho rahi hai payment ke time. Ref TRK5164624. Seller bhi reply nahi kar raha.,App_Bug,Medium,Call
Amount debit hua lekin confirmation nahi aaya. Support ko contact kiya but koi update nahi.,Payment_Issue,Medium,Call
Invoice me extra charge add ho gaya. Order ORD461724.,Billing_Invoice,Low,App
Promised date se 5 din late deliver hua.,Late_Delivery,High,App
Discount apply hua tha par final bill me reflect nahi hua. Refund bhi abhi tak process nahi hua.,Billing_Invoice,Medium,Website
Return approve hua but pickup schedule nahi ho raha. Invoice INV678719.,Refund_Return,Low,Website
Box kholte hi product broken nikla. Order ORD295440.,Damaged_Product,Medium,Call
Invoice me extra charge add ho gaya. Order ORD315780. Support ko contact kiya but koi update nahi.,Billing_Invoice,High,Website
Discount apply hua tha par final bill me reflect nahi hua.,Billing_Invoice,Medium,App
3 baar complaint ki but koi proper response nahi mila.,Customer_Service,Medium,Email
"Tracking TRK4070977 update nahi ho raha, delivery date cross ho gayi.",Order_Not_Delivered,Medium,Call
Discount apply hua tha par final bill me reflect nahi hua. Support ko contact kiya but koi update nahi.,Billing_Invoice,High,Call
Login karte hi something went wrong error aa raha hai.,App_Bug,Medium,Call
Discount apply hua tha par final bill me reflect nahi hua.,Billing_Invoice,Medium,Website
3 baar complaint ki but koi proper response nahi mila.,Customer_Service,Medium,App
Completely different product receive hua.,Wrong_Product,Low,App
Box kholte hi product broken nikla. Order ORD412170.,Damaged_Product,High,App
Box kholte hi product broken nikla. Order ORD320073.,Damaged_Product,Medium,Website
Box kholte hi product broken nikla. Order ORD697766.,Damaged_Product,High,Email
3 baar complaint ki but koi proper response nahi mila.,Customer_Service,Medium,App
UPI payment deduct ho gaya par order place nahi hua. Txn TXN29628462.,Payment_Issue,Medium,Call
Completely different product receive hua.,Wrong_Product,Low,App
Discount apply hua tha par final bill me reflect nahi hua.,Billing_Invoice,Low,App
Screen cracked thi delivery ke time.,Damaged_Product,Low,Website
Completely different product receive hua. App me tracking bhi galat show ho rahi hai.,Wrong_Product,Medium,App
"Tracking TRK3084353 update nahi ho raha, delivery date cross ho gayi.",Order_Not_Delivered,Low,Call
Seller ne fake product bhej diya aur return bhi reject kar diya. Order ORD781571.,Seller_Fraud,High,Email
App crash ho rahi hai payment ke time. Ref TRK7649508.,App_Bug,High,App
"Tracking TRK3226333 update nahi ho raha, delivery date cross ho gayi.",Order_Not_Delivered,High,Email
Screen cracked thi delivery ke time.,Damaged_Product,Medium,App
"Tracking TRK3300647 update nahi ho raha, delivery date cross ho gayi.",Order_Not_Delivered,High,App
App crash ho rahi hai payment ke time. Ref TRK6891952.,App_Bug,Low,Call
Promised date se 11 din late deliver hua.,Late_Delivery,High,Call
Customer support sirf ticket close kar raha hai without solution. Ref ORD359822.,Customer_Service,Medium,Email
Box kholte hi product broken nikla. Order ORD989079.,Damaged_Product,Medium,Email
App crash ho rahi hai payment ke time. Ref TRK7474085.,App_Bug,High,App
Amount debit hua lekin confirmation nahi aaya.,Payment_Issue,Medium,Call
UPI payment deduct ho gaya par order place nahi hua. Txn TXN45189912. Seller bhi reply nahi kar raha.,Payment_Issue,Low,Call
Completely different product receive hua.,Wrong_Product,High,App
Customer support sirf ticket close kar raha hai without solution. Ref ORD947312.,Customer_Service,Medium,App
3 baar complaint ki but koi proper response nahi mila.,Customer_Service,High,App
Customer support sirf ticket close kar raha hai without solution. Ref ORD225245. Refund bhi abhi tak process nahi hua.,Customer_Service,Medium,Email
Seller ne fake product bhej diya aur return bhi reject kar diya. Order ORD886197.,Seller_Fraud,High,App
Customer support sirf ticket close kar raha hai without solution. Ref ORD620248.,Customer_Service,Medium,Email
Seller ne fake product bhej diya aur return bhi reject kar diya. Order ORD701790. Seller bhi reply nahi kar raha.,Seller_Fraud,High,Call
Customer support sirf ticket close kar raha hai without solution. Ref ORD287654. Support ko contact kiya but koi update nahi.,Customer_Service,High,Email
Customer support sirf ticket close kar raha hai without solution. Ref ORD699298.,Customer_Service,High,App
UPI payment deduct ho gaya par order place nahi hua. Txn TXN51701149. App me tracking bhi galat show ho rahi hai.,Payment_Issue,High,Website
3 baar complaint ki but koi proper response nahi mila.,Customer_Service,Low,Website
Box kholte hi product broken nikla. Order ORD257880.,Damaged_Product,Medium,App
UPI payment deduct ho gaya par order place nahi hua. Txn TXN51273379. Support ko contact kiya but koi update nahi.,Payment_Issue,High,App
UPI payment deduct ho gaya par order place nahi hua. Txn TXN15892193.,Payment_Issue,Medium,Email
Invoice me extra charge add ho gaya. Order ORD708982.,Billing_Invoice,High,App
Invoice me extra charge add ho gaya. Order ORD348273.,Billing_Invoice,Medium,Email
Invoice me extra charge add ho gaya. Order ORD178315. Support ko contact kiya but koi update nahi.,Billing_Invoice,Medium,Email
Discount apply hua tha par final bill me reflect nahi hua. Seller bhi reply nahi kar raha.,Billing_Invoice,High,Email
Promised date se 5 din late deliver hua.,Late_Delivery,High,App
Login karte hi something went wrong error aa raha hai.,App_Bug,Medium,App
Invoice me extra charge add ho gaya. Order ORD227352. App me tracking bhi galat show ho rahi hai.,Billing_Invoice,High,App
Completely different product receive hua.,Wrong_Product,Medium,Website
"Tracking TRK1716325 update nahi ho raha, delivery date cross ho gayi.",Order_Not_Delivered,High,Call
Completely different product receive hua.,Wrong_Product,High,Call
Promised date se 9 din late deliver hua.,Late_Delivery,Medium,App
"Tracking TRK8033593 update nahi ho raha, delivery date cross ho gayi. Seller bhi reply nahi kar raha.",Order_Not_Delivered,Low,Email
Discount apply hua tha par final bill me reflect nahi hua. Refund bhi abhi tak process nahi hua.,Billing_Invoice,Medium,App
Refund 10 din se pending hai.,Refund_Return,Low,App
Customer support sirf ticket close kar raha hai without solution. Ref ORD379473.,Customer_Service,Low,Call
Customer support sirf ticket close kar raha hai without solution. Ref ORD284654.,Customer_Service,High,Email
UPI payment deduct ho gaya par order place nahi hua. Txn TXN76065552.,Payment_Issue,Medium,App
"Order ORD120896 ko 7 din ho gaye, status out for delivery pe hi atka hai, parcel abhi tak nahi mila.",Order_Not_Delivered,High,Website
Customer support sirf ticket close kar raha hai without solution. Ref ORD941403.,Customer_Service,Low,App
Express delivery li thi fir bhi delay hua.,Late_Delivery,High,Email
Seller ne fake product bhej diya aur return bhi reject kar diya. Order ORD867926.,Seller_Fraud,High,Email
Seller ne fake product bhej diya aur return bhi reject kar diya. Order ORD496764. Seller bhi reply nahi kar raha.,Seller_Fraud,Low,Call
Promised date se 5 din late deliver hua.,Late_Delivery,High,Call
Seller ne fake product bhej diya aur return bhi reject kar diya. Order ORD349556.,Seller_Fraud,High,Email
Discount apply hua tha par final bill me reflect nahi hua. Seller bhi reply nahi kar raha.,Billing_Invoice,Medium,App
Discount apply hua tha par final bill me reflect nahi hua.,Billing_Invoice,High,Call
Box kholte hi product broken nikla. Order ORD270557. Refund bhi abhi tak process nahi hua.,Damaged_Product,Low,App
3 baar complaint ki but koi proper response nahi mila.,Customer_Service,Medium,Call
Login karte hi something went wrong error aa raha hai. Refund bhi abhi tak process nahi hua.,App_Bug,High,Website
Discount apply hua tha par final bill me reflect nahi hua. App me tracking bhi galat show ho rahi hai.,Billing_Invoice,High,Email
"Order ORD408857 ko 2 din ho gaye, status out for delivery pe hi atka hai, parcel abhi tak nahi mila. Refund bhi abhi tak process nahi hua.",Order_Not_Delivered,Low,Call
Express delivery li thi fir bhi delay hua. App me tracking bhi galat show ho rahi hai.,Late_Delivery,High,Call
Discount apply hua tha par final bill me reflect nahi hua. Refund bhi abhi tak process nahi hua.,Billing_Invoice,Medium,Website
Box kholte hi product broken nikla. Order ORD189870.,Damaged_Product,Medium,App
Express delivery li thi fir bhi delay hua. App me tracking bhi galat show ho rahi hai.,Late_Delivery,Low,App
"Maine headphones order kiye the, wallet deliver kar diya. Order ORD226124.",Wrong_Product,High,Call
"Tracking TRK3480985 update nahi ho raha, delivery date cross ho gayi.",Order_Not_Delivered,Medium,App
"Tracking TRK6471499 update nahi ho raha, delivery date cross ho gayi.",Order_Not_Delivered,Low,Call
"Order ORD255398 ko 3 din ho gaye, status out for delivery pe hi atka hai, parcel abhi tak nahi mila.",Order_Not_Delivered,Low,Email
Express delivery li thi fir bhi delay hua. Refund bhi abhi tak process nahi hua.,Late_Delivery,High,Call
"Tracking TRK4985919 update nahi ho raha, delivery date cross ho gayi.",Order_Not_Delivered,High,Email
3 baar complaint ki but koi proper response nahi mila.,Customer_Service,Medium,Email
3 baar complaint ki but koi proper response nahi mila.,Customer_Service,High,Call
Screen cracked thi delivery ke time.,Damaged_Product,Medium,Website
Box kholte hi product broken nikla. Order ORD282176. App me tracking bhi galat show ho rahi hai.,Damaged_Product,High,Email
Login karte hi something went wrong error aa raha hai.,App_Bug,Medium,Website
Discount apply hua tha par final bill me reflect nahi hua.,Billing_Invoice,Medium,Email
Box kholte hi product broken nikla. Order ORD398916.,Damaged_Product,Medium,Website
Promised date se 8 din late deliver hua.,Late_Delivery,Low,App
Invoice me extra charge add ho gaya. Order ORD778818. Refund bhi abhi tak process nahi hua.,Billing_Invoice,Medium,Email
Discount apply hua tha par final bill me reflect nahi hua.,Billing_Invoice,Medium,Call
"Maine headphones order kiye the, wallet deliver kar diya. Order ORD636361.",Wrong_Product,High,App
Discount apply hua tha par final bill me reflect nahi hua.,Billing_Invoice,Low,Email
Seller ne fake product bhej diya aur return bhi reject kar diya. Order ORD159532. Seller bhi reply nahi kar raha.,Seller_Fraud,Medium,Email
3 baar complaint ki but koi proper response nahi mila.,Customer_Service,Medium,Website
Customer support sirf ticket close kar raha hai without solution. Ref ORD819656.,Customer_Service,High,Website
Promised date se 6 din late deliver hua.,Late_Delivery,Medium,Website
Amount debit hua lekin confirmation nahi aaya.,Payment_Issue,High,Email
Discount apply hua tha par final bill me reflect nahi hua.,Billing_Invoice,Low,App
Invoice me extra charge add ho gaya. Order ORD624788. Seller bhi reply nahi kar raha.,Billing_Invoice,Low,Website
Seller ne fake product bhej diya aur return bhi reject kar diya. Order ORD459315.,Seller_Fraud,Medium,App
"Maine headphones order kiye the, wallet deliver kar diya. Order ORD428638. Support ko contact kiya but koi update nahi.",Wrong_Product,Medium,Website
"Maine headphones order kiye the, wallet deliver kar diya. Order ORD235691.",Wrong_Product,Medium,App
"Order ORD866151 ko 10 din ho gaye, status out for delivery pe hi atka hai, parcel abhi tak nahi mila. Seller bhi reply nahi kar raha.",Order_Not_Delivered,Medium,Website
Original bola tha lekin duplicate nikla. Seller response bhi nahi de raha.,Seller_Fraud,High,App
3 baar complaint ki but koi proper response nahi mila.,Customer_Service,Medium,Website
3 baar complaint ki but koi proper response nahi mila. Support ko contact kiya but koi update nahi.,Customer_Service,High,App
"Maine headphones order kiye the, wallet deliver kar diya. Order ORD229144.",Wrong_Product,Medium,App
"Maine headphones order kiye the, wallet deliver kar diya. Order ORD794125.",Wrong_Product,High,Call
"Tracking TRK3569046 update nahi ho raha, delivery date cross ho gayi.",Order_Not_Delivered,Medium,Email
App crash ho rahi hai payment ke time. Ref TRK2760168. Seller bhi reply nahi kar raha.,App_Bug,Medium,Website
Box kholte hi product broken nikla. Order ORD475308.,Damaged_Product,Low,Call
Customer support sirf ticket close kar raha hai without solution. Ref ORD113368.,Customer_Service,Low,App
Box kholte hi product broken nikla. Order ORD368322.,Damaged_Product,High,Website
Express delivery li thi fir bhi delay hua.,Late_Delivery,Low,App
Promised date se 6 din late deliver hua.,Late_Delivery,High,Email
Original bola tha lekin duplicate nikla. Seller response bhi nahi de raha.,Seller_Fraud,Medium,Website
"Order ORD985364 ko 11 din ho gaye, status out for delivery pe hi atka hai, parcel abhi tak nahi mila.",Order_Not_Delivered,Medium,Call
Original bola tha lekin duplicate nikla. Seller response bhi nahi de raha.,Seller_Fraud,Medium,Website
Discount apply hua tha par final bill me reflect nahi hua. Refund bhi abhi tak process nahi hua.,Billing_Invoice,High,Website
Amount debit hua lekin confirmation nahi aaya.,Payment_Issue,Medium,Call
3 baar complaint ki but koi proper response nahi mila.,Customer_Service,Medium,Call
Promised date se 7 din late deliver hua.,Late_Delivery,High,Website
Completely different product receive hua.,Wrong_Product,Medium,Call
Invoice me extra charge add ho gaya. Order ORD621533. Seller bhi reply nahi kar raha.,Billing_Invoice,Medium,Email
Return approve hua but pickup schedule nahi ho raha. Invoice INV457411.,Refund_Return,Low,Email
Completely different product receive hua. Support ko contact kiya but koi update nahi.,Wrong_Product,High,Email
Express delivery li thi fir bhi delay hua.,Late_Delivery,Medium,Call
"Order ORD296653 ko 5 din ho gaye, status out for delivery pe hi atka hai, parcel abhi tak nahi mila.",Order_Not_Delivered,Medium,Email
"Tracking TRK3067274 update nahi ho raha, delivery date cross ho gayi.",Order_Not_Delivered,Low,Website
UPI payment deduct ho gaya par order place nahi hua. Txn TXN68090825.,Payment_Issue,Medium,Website
App crash ho rahi hai payment ke time. Ref TRK3153888.,App_Bug,Low,Call
Invoice me extra charge add ho gaya. Order ORD386886.,Billing_Invoice,High,Email
Express delivery li thi fir bhi delay hua.,Late_Delivery,Medium,Website
UPI payment deduct ho gaya par order place nahi hua. Txn TXN25489430.,Payment_Issue,Medium,Call
Login karte hi something went wrong error aa raha hai. App me tracking bhi galat show ho rahi hai.,App_Bug,High,App
Seller ne fake product bhej diya aur return bhi reject kar diya. Order ORD400538. Seller bhi reply nahi kar raha.,Seller_Fraud,High,Call
"Order ORD878476 ko 6 din ho gaye, status out for delivery pe hi atka hai, parcel abhi tak nahi mila.",Order_Not_Delivered,High,Call
Discount apply hua tha par final bill me reflect nahi hua.,Billing_Invoice,Medium,Call
Express delivery li thi fir bhi delay hua.,Late_Delivery,Low,App
Seller ne fake product bhej diya aur return bhi reject kar diya. Order ORD870786.,Seller_Fraud,Medium,Website
Original bola tha lekin duplicate nikla. Seller response bhi nahi de raha. Refund bhi abhi tak process nahi hua.,Seller_Fraud,Medium,Email
Completely different product receive hua.,Wrong_Product,Medium,Website
Discount apply hua tha par final bill me reflect nahi hua.,Billing_Invoice,High,Website
Amount debit hua lekin confirmation nahi aaya.,Payment_Issue,Low,Website
Amount debit hua lekin confirmation nahi aaya.,Payment_Issue,High,Email
Completely different product receive hua.,Wrong_Product,High,App
Seller ne fake product bhej diya aur return bhi reject kar diya. Order ORD757386.,Seller_Fraud,Low,Call
Promised date se 12 din late deliver hua. App me tracking bhi galat show ho rahi hai.,Late_Delivery,Medium,App
"Order ORD286638 ko 11 din ho gaye, status out for delivery pe hi atka hai, parcel abhi tak nahi mila.",Order_Not_Delivered,Low,Call
Discount apply hua tha par final bill me reflect nahi hua. Seller bhi reply nahi kar raha.,Billing_Invoice,Medium,App
Box kholte hi product broken nikla. Order ORD834928. Refund bhi abhi tak process nahi hua.,Damaged_Product,Medium,Email
Screen cracked thi delivery ke time.,Damaged_Product,Medium,Website
Screen cracked thi delivery ke time.,Damaged_Product,High,Website
"Order ORD700538 ko 3 din ho gaye, status out for delivery pe hi atka hai, parcel abhi tak nahi mila.",Order_Not_Delivered,Medium,Email
Seller ne fake product bhej diya aur return bhi reject kar diya. Order ORD268772. Support ko contact kiya but koi update nahi.,Seller_Fraud,Medium,App
Express delivery li thi fir bhi delay hua. App me tracking bhi galat show ho rahi hai.,Late_Delivery,Low,Email
Seller ne fake product bhej diya aur return bhi reject kar diya. Order ORD204904.,Seller_Fraud,Medium,Email
App crash ho rahi hai payment ke time. Ref TRK7115185. Refund bhi abhi tak process nahi hua.,App_Bug,High,Website
Login karte hi something went wrong error aa raha hai.,App_Bug,High,Email
"Maine headphones order kiye the, wallet deliver kar diya. Order ORD284308.",Wrong_Product,High,App
Box kholte hi product broken nikla. Order ORD990856.,Damaged_Product,Medium,Website
Refund 10 din se pending hai.,Refund_Return,Low,Email
Seller ne fake product bhej diya aur return bhi reject kar diya. Order ORD516059. Support ko contact kiya but koi update nahi.,Seller_Fraud,Medium,Website
Invoice me extra charge add ho gaya. Order ORD693868. App me tracking bhi galat show ho rahi hai.,Billing_Invoice,High,Email
Invoice me extra charge add ho gaya. Order ORD801062.,Billing_Invoice,Medium,App
"Tracking TRK9747185 update nahi ho raha, delivery date cross ho gayi.",Order_Not_Delivered,Medium,Call
Login karte hi something went wrong error aa raha hai.,App_Bug,High,Call
3 baar complaint ki but koi proper response nahi mila.,Customer_Service,High,Website
"Tracking TRK3520615 update nahi ho raha, delivery date cross ho gayi.",Order_Not_Delivered,Medium,Website
Discount apply hua tha par final bill me reflect nahi hua. Support ko contact kiya but koi update nahi.,Billing_Invoice,Medium,Call
"Order ORD234097 ko 10 din ho gaye, status out for delivery pe hi atka hai, parcel abhi tak nahi mila. Support ko contact kiya but koi update nahi.",Order_Not_Delivered,High,Email
Refund 10 din se pending hai.,Refund_Return,High,Call
Promised date se 11 din late deliver hua.,Late_Delivery,High,Email
Original bola tha lekin duplicate nikla. Seller response bhi nahi de raha. Seller bhi reply nahi kar raha.,Seller_Fraud,High,Call
Promised date se 2 din late deliver hua.,Late_Delivery,Medium,App
"Order ORD732789 ko 8 din ho gaye, status out for delivery pe hi atka hai, parcel abhi tak nahi mila.",Order_Not_Delivered,High,App
Login karte hi something went wrong error aa raha hai.,App_Bug,Medium,App
Discount apply hua tha par final bill me reflect nahi hua.,Billing_Invoice,High,Website
"Order ORD706063 ko 2 din ho gaye, status out for delivery pe hi atka hai, parcel abhi tak nahi mila.",Order_Not_Delivered,High,Email
Invoice me extra charge add ho gaya. Order ORD262297. App me tracking bhi galat show ho rahi hai.,Billing_Invoice,Medium,Email
Amount debit hua lekin confirmation nahi aaya.,Payment_Issue,High,Call
3 baar complaint ki but koi proper response nahi mila.,Customer_Service,Medium,Website
Invoice me extra charge add ho gaya. Order ORD205149.,Billing_Invoice,Medium,App
Seller ne fake product bhej diya aur return bhi reject kar diya. Order ORD943442.,Seller_Fraud,High,App
3 baar complaint ki but koi proper response nahi mila.,Customer_Service,Medium,App
UPI payment deduct ho gaya par order place nahi hua. Txn TXN11437525.,Payment_Issue,Low,Email
Seller ne fake product bhej diya aur return bhi reject kar diya. Order ORD745073. Seller bhi reply nahi kar raha.,Seller_Fraud,Low,App
Amount debit hua lekin confirmation nahi aaya.,Payment_Issue,Medium,App
Refund 10 din se pending hai.,Refund_Return,High,Call
Completely different product receive hua. Refund bhi abhi tak process nahi hua.,Wrong_Product,High,App
Screen cracked thi delivery ke time.,Damaged_Product,Medium,Email
Amount debit hua lekin confirmation nahi aaya. Seller bhi reply nahi kar raha.,Payment_Issue,High,Website
App crash ho rahi hai payment ke time. Ref TRK6297082.,App_Bug,Medium,Email
Customer support sirf ticket close kar raha hai without solution. Ref ORD518309.,Customer_Service,High,Email
Seller ne fake product bhej diya aur return bhi reject kar diya. Order ORD623238. Support ko contact kiya but koi update nahi.,Seller_Fraud,Medium,Email
Seller ne fake product bhej diya aur return bhi reject kar diya. Order ORD225701.,Seller_Fraud,Medium,App
Express delivery li thi fir bhi delay hua.,Late_Delivery,Low,Email
Invoice me extra charge add ho gaya. Order ORD156778.,Billing_Invoice,High,Email
Invoice me extra charge add ho gaya. Order ORD579404.,Billing_Invoice,High,Website
Invoice me extra charge add ho gaya. Order ORD441244.,Billing_Invoice,High,Call
Amount debit hua lekin confirmation nahi aaya.,Payment_Issue,Medium,Email
Express delivery li thi fir bhi delay hua.,Late_Delivery,Medium,Email
Screen cracked thi delivery ke time.,Damaged_Product,High,Call
Completely different product receive hua.,Wrong_Product,High,App
App crash ho rahi hai payment ke time. Ref TRK5266272.,App_Bug,High,Email
3 baar complaint ki but koi proper response nahi mila.,Customer_Service,Low,Website
"Maine headphones order kiye the, wallet deliver kar diya. Order ORD918213.",Wrong_Product,Medium,Call
Refund 10 din se pending hai.,Refund_Return,Medium,Email
Discount apply hua tha par final bill me reflect nahi hua. Refund bhi abhi tak process nahi hua.,Billing_Invoice,Medium,Email
Login karte hi something went wrong error aa raha hai.,App_Bug,Medium,Website
Seller ne fake product bhej diya aur return bhi reject kar diya. Order ORD231113. App me tracking bhi galat show ho rahi hai.,Seller_Fraud,High,App
Refund 10 din se pending hai.,Refund_Return,High,Email
App crash ho rahi hai payment ke time. Ref TRK7540534.,App_Bug,Medium,Website
Seller ne fake product bhej diya aur return bhi reject kar diya. Order ORD129959.,Seller_Fraud,Medium,Email
"Maine headphones order kiye the, wallet deliver kar diya. Order ORD831510.",Wrong_Product,Medium,Call
Completely different product receive hua.,Wrong_Product,High,Email
Seller ne fake product bhej diya aur return bhi reject kar diya. Order ORD100096. Seller bhi reply nahi kar raha.,Seller_Fraud,Medium,Call
Amount debit hua lekin confirmation nahi aaya.,Payment_Issue,Medium,Email
Original bola tha lekin duplicate nikla. Seller response bhi nahi de raha.,Seller_Fraud,High,App
Invoice me extra charge add ho gaya. Order ORD641704.,Billing_Invoice,High,App
Original bola tha lekin duplicate nikla. Seller response bhi nahi de raha.,Seller_Fraud,Medium,Email
"Order ORD660957 ko 6 din ho gaye, status out for delivery pe hi atka hai, parcel abhi tak nahi mila. App me tracking bhi galat show ho rahi hai.",Order_Not_Delivered,Medium,Website
"Order ORD617555 ko 6 din ho gaye, status out for delivery pe hi atka hai, parcel abhi tak nahi mila.",Order_Not_Delivered,Medium,Email
Invoice me extra charge add ho gaya. Order ORD446290. App me tracking bhi galat show ho rahi hai.,Billing_Invoice,High,Call
Original bola tha lekin duplicate nikla. Seller response bhi nahi de raha.,Seller_Fraud,Medium,Call
Screen cracked thi delivery ke time.,Damaged_Product,Low,Call
Discount apply hua tha par final bill me reflect nahi hua.,Billing_Invoice,High,Email
Seller ne fake product bhej diya aur return bhi reject kar diya. Order ORD799080.,Seller_Fraud,High,Email
Completely different product receive hua.,Wrong_Product,Medium,Website
Invoice me extra charge add ho gaya. Order ORD360804.,Billing_Invoice,Low,App
"Order ORD835395 ko 4 din ho gaye, status out for delivery pe hi atka hai, parcel abhi tak nahi mila.",Order_Not_Delivered,High,Email
Screen cracked thi delivery ke time.,Damaged_Product,High,App
Discount apply hua tha par final bill me reflect nahi hua.,Billing_Invoice,Medium,Email
Screen cracked thi delivery ke time.,Damaged_Product,Medium,Email
Discount apply hua tha par final bill me reflect nahi hua.,Billing_Invoice,High,App
Login karte hi something went wrong error aa raha hai. Refund bhi abhi tak process nahi hua.,App_Bug,High,Email
"Order ORD145903 ko 5 din ho gaye, status out for delivery pe hi atka hai, parcel abhi tak nahi mila. Support ko contact kiya but koi update nahi.",Order_Not_Delivered,High,Call
Login karte hi something went wrong error aa raha hai. Support ko contact kiya but koi update nahi.,App_Bug,Medium,App
Invoice me extra charge add ho gaya. Order ORD478458.,Billing_Invoice,High,App
Screen cracked thi delivery ke time.,Damaged_Product,Medium,Website
Seller ne fake product bhej diya aur return bhi reject kar diya. Order ORD697717.,Seller_Fraud,Medium,Email
Login karte hi something went wrong error aa raha hai.,App_Bug,High,Website
Completely different product receive hua.,Wrong_Product,Medium,Email
App crash ho rahi hai payment ke time. Ref TRK5262908.,App_Bug,High,App
UPI payment deduct ho gaya par order place nahi hua. Txn TXN10881653.,Payment_Issue,High,Email
"Tracking TRK9577712 update nahi ho raha, delivery date cross ho gayi. Seller bhi reply nahi kar raha.",Order_Not_Delivered,Medium,Website
Original bola tha lekin duplicate nikla. Seller response bhi nahi de raha. App me tracking bhi galat show ho rahi hai.,Seller_Fraud,Medium,Website
Screen cracked thi delivery ke time.,Damaged_Product,High,Email
"Tracking TRK1938227 update nahi ho raha, delivery date cross ho gayi.",Order_Not_Delivered,High,App
Promised date se 8 din late deliver hua. Seller bhi reply nahi kar raha.,Late_Delivery,High,Website
Customer support sirf ticket close kar raha hai without solution. Ref ORD260639.,Customer_Service,Medium,App
Original bola tha lekin duplicate nikla. Seller response bhi nahi de raha. Seller bhi reply nahi kar raha.,Seller_Fraud,Medium,Email
"Tracking TRK3187332 update nahi ho raha, delivery date cross ho gayi.",Order_Not_Delivered,Medium,Website
"Maine headphones order kiye the, wallet deliver kar diya. Order ORD354085.",Wrong_Product,Medium,App
Login karte hi something went wrong error aa raha hai.,App_Bug,High,Email
Original bola tha lekin duplicate nikla. Seller response bhi nahi de raha. Support ko contact kiya but koi update nahi.,Seller_Fraud,High,Email
Seller ne fake product bhej diya aur return bhi reject kar diya. Order ORD217830.,Seller_Fraud,Medium,App
Customer support sirf ticket close kar raha hai without solution. Ref ORD419939. Support ko contact kiya but koi update nahi.,Customer_Service,High,Email
"Maine headphones order kiye the, wallet deliver kar diya. Order ORD828834.",Wrong_Product,High,App
3 baar complaint ki but koi proper response nahi mila.,Customer_Service,High,Email
Promised date se 10 din late deliver hua.,Late_Delivery,High,Email
Invoice me extra charge add ho gaya. Order ORD295472.,Billing_Invoice,High,Website
Refund 10 din se pending hai.,Refund_Return,High,Email
Original bola tha lekin duplicate nikla. Seller response bhi nahi de raha.,Seller_Fraud,Medium,App
Refund 10 din se pending hai. App me tracking bhi galat show ho rahi hai.,Refund_Return,Medium,Website
Invoice me extra charge add ho gaya. Order ORD547180.,Billing_Invoice,High,Website
"Maine headphones order kiye the, wallet deliver kar diya. Order ORD244818.",Wrong_Product,Low,Website
App crash ho rahi hai payment ke time. Ref TRK2137730. Support ko contact kiya but koi update nahi.,App_Bug,Medium,Email
Express delivery li thi fir bhi delay hua. Support ko contact kiya but koi update nahi.,Late_Delivery,High,Website
"Tracking TRK4874049 update nahi ho raha, delivery date cross ho gayi.",Order_Not_Delivered,High,Call
Original bola tha lekin duplicate nikla. Seller response bhi nahi de raha.,Seller_Fraud,High,Website
"Order ORD382967 ko 5 din ho gaye, status out for delivery pe hi atka hai, parcel abhi tak nahi mila. App me tracking bhi galat show ho rahi hai.",Order_Not_Delivered,Low,Call
Login karte hi something went wrong error aa raha hai.,App_Bug,High,Email
Invoice me extra charge add ho gaya. Order ORD645940.,Billing_Invoice,High,Call
UPI payment deduct ho gaya par order place nahi hua. Txn TXN94644215. App me tracking bhi galat show ho rahi hai.,Payment_Issue,High,Email
Screen cracked thi delivery ke time.,Damaged_Product,Medium,Website
Discount apply hua tha par final bill me reflect nahi hua.,Billing_Invoice,Medium,Website
Discount apply hua tha par final bill me reflect nahi hua.,Billing_Invoice,Low,Call
"Tracking TRK3751363 update nahi ho raha, delivery date cross ho gayi. App me tracking bhi galat show ho rahi hai.",Order_Not_Delivered,Medium,App
Completely different product receive hua.,Wrong_Product,High,Website
Return approve hua but pickup schedule nahi ho raha. Invoice INV287555.,Refund_Return,Medium,Call
Customer support sirf ticket close kar raha hai without solution. Ref ORD223264.,Customer_Service,High,Call
Promised date se 11 din late deliver hua.,Late_Delivery,Medium,Call
"Order ORD356600 ko 10 din ho gaye, status out for delivery pe hi atka hai, parcel abhi tak nahi mila.",Order_Not_Delivered,High,Website
Original bola tha lekin duplicate nikla. Seller response bhi nahi de raha.,Seller_Fraud,Medium,Email
Return approve hua but pickup schedule nahi ho raha. Invoice INV286906. Support ko contact kiya but koi update nahi.,Refund_Return,Low,Email
Return approve hua but pickup schedule nahi ho raha. Invoice INV438503.,Refund_Return,Medium,App
Customer support sirf ticket close kar raha hai without solution. Ref ORD227950.,Customer_Service,Medium,App
"Order ORD607157 ko 7 din ho gaye, status out for delivery pe hi atka hai, parcel abhi tak nahi mila. Refund bhi abhi tak process nahi hua.",Order_Not_Delivered,Low,Call
Completely different product receive hua.,Wrong_Product,High,App
Invoice me extra charge add ho gaya. Order ORD873291.,Billing_Invoice,High,Website
"Order ORD823535 ko 6 din ho gaye, status out for delivery pe hi atka hai, parcel abhi tak nahi mila.",Order_Not_Delivered,Medium,App
"Tracking TRK7644605 update nahi ho raha, delivery date cross ho gayi.",Order_Not_Delivered,Medium,Website
3 baar complaint ki but koi proper response nahi mila. Support ko contact kiya but koi update nahi.,Customer_Service,Medium,Email
Discount apply hua tha par final bill me reflect nahi hua.,Billing_Invoice,Medium,App
Original bola tha lekin duplicate nikla. Seller response bhi nahi de raha.,Seller_Fraud,High,Call
App crash ho rahi hai payment ke time. Ref TRK7535837.,App_Bug,Medium,Email
Login karte hi something went wrong error aa raha hai.,App_Bug,Low,Website
"Maine headphones order kiye the, wallet deliver kar diya. Order ORD217683.",Wrong_Product,Medium,App
Box kholte hi product broken nikla. Order ORD299451.,Damaged_Product,High,App
Box kholte hi product broken nikla. Order ORD315154. Refund bhi abhi tak process nahi hua.,Damaged_Product,Low,App
Customer support sirf ticket close kar raha hai without solution. Ref ORD208111. Refund bhi abhi tak process nahi hua.,Customer_Service,Medium,Website
Customer support sirf ticket close kar raha hai without solution. Ref ORD400487.,Customer_Service,High,Website
Customer support sirf ticket close kar raha hai without solution. Ref ORD753205.,Customer_Service,High,Website
Refund 10 din se pending hai.,Refund_Return,High,Call
"Order ORD593602 ko 2 din ho gaye, status out for delivery pe hi atka hai, parcel abhi tak nahi mila. App me tracking bhi galat show ho rahi hai.",Order_Not_Delivered,High,Call
Login karte hi something went wrong error aa raha hai.,App_Bug,Medium,Call
"Maine headphones order kiye the, wallet deliver kar diya. Order ORD952336.",Wrong_Product,Medium,Call
Invoice me extra charge add ho gaya. Order ORD250703.,Billing_Invoice,Medium,Email
Invoice me extra charge add ho gaya. Order ORD168540.,Billing_Invoice,High,Email
App crash ho rahi hai payment ke time. Ref TRK2726915.,App_Bug,High,Email
Completely different product receive hua.,Wrong_Product,Low,Call
"Order ORD953452 ko 11 din ho gaye, status out for delivery pe hi atka hai, parcel abhi tak nahi mila.",Order_Not_Delivered,Medium,Website
Seller ne fake product bhej diya aur return bhi reject kar diya. Order ORD875282.,Seller_Fraud,Medium,Call
Original bola tha lekin duplicate nikla. Seller response bhi nahi de raha.,Seller_Fraud,Medium,App
"Order ORD708979 ko 12 din ho gaye, status out for delivery pe hi atka hai, parcel abhi tak nahi mila. Refund bhi abhi tak process nahi hua.",Order_Not_Delivered,High,Call
Original bola tha lekin duplicate nikla. Seller response bhi nahi de raha.,Seller_Fraud,Medium,Call
Express delivery li thi fir bhi delay hua.,Late_Delivery,Medium,Email
"Tracking TRK4946691 update nahi ho raha, delivery date cross ho gayi.",Order_Not_Delivered,Medium,Call
Invoice me extra charge add ho gaya. Order ORD794668.,Billing_Invoice,Low,Email
Promised date se 3 din late deliver hua.,Late_Delivery,High,Call
App crash ho rahi hai payment ke time. Ref TRK3302174.,App_Bug,Medium,Call
Login karte hi something went wrong error aa raha hai.,App_Bug,High,App
"Maine headphones order kiye the, wallet deliver kar diya. Order ORD846722.",Wrong_Product,High,App
Completely different product receive hua.,Wrong_Product,Medium,Email
Invoice me extra charge add ho gaya. Order ORD648779.,Billing_Invoice,Low,App
Login karte hi something went wrong error aa raha hai.,App_Bug,Medium,Call
Completely different product receive hua. Refund bhi abhi tak process nahi hua.,Wrong_Product,Medium,Email
"Tracking TRK3836678 update nahi ho raha, delivery date cross ho gayi.",Order_Not_Delivered,Medium,App
Customer support sirf ticket close kar raha hai without solution. Ref ORD232981. Refund bhi abhi tak process nahi hua.,Customer_Service,High,Email
"Order ORD733152 ko 12 din ho gaye, status out for delivery pe hi atka hai, parcel abhi tak nahi mila.",Order_Not_Delivered,Medium,Email
Box kholte hi product broken nikla. Order ORD608473.,Damaged_Product,High,Website
"Maine headphones order kiye the, wallet deliver kar diya. Order ORD978302. App me tracking bhi galat show ho rahi hai.",Wrong_Product,Medium,Website
Original bola tha lekin duplicate nikla. Seller response bhi nahi de raha. App me tracking bhi galat show ho rahi hai.,Seller_Fraud,Medium,Call
Box kholte hi product broken nikla. Order ORD498249.,Damaged_Product,High,Email
Refund 10 din se pending hai.,Refund_Return,Medium,Call
Login karte hi something went wrong error aa raha hai.,App_Bug,High,Website
Box kholte hi product broken nikla. Order ORD645209.,Damaged_Product,Medium,App
"Order ORD650779 ko 7 din ho gaye, status out for delivery pe hi atka hai, parcel abhi tak nahi mila. Refund bhi abhi tak process nahi hua.",Order_Not_Delivered,High,App
"Order ORD159645 ko 3 din ho gaye, status out for delivery pe hi atka hai, parcel abhi tak nahi mila.",Order_Not_Delivered,High,Website
Invoice me extra charge add ho gaya. Order ORD216229.,Billing_Invoice,High,Call
Refund 10 din se pending hai. Seller bhi reply nahi kar raha.,Refund_Return,High,App
Discount apply hua tha par final bill me reflect nahi hua.,Billing_Invoice,Medium,Website
App crash ho rahi hai payment ke time. Ref TRK9255351.,App_Bug,High,App
Refund 10 din se pending hai.,Refund_Return,Medium,App
Return approve hua but pickup schedule nahi ho raha. Invoice INV139673. Refund bhi abhi tak process nahi hua.,Refund_Return,Low,App
Completely different product receive hua. App me tracking bhi galat show ho rahi hai.,Wrong_Product,Low,Call
"Tracking TRK6080612 update nahi ho raha, delivery date cross ho gayi.",Order_Not_Delivered,Medium,Email
Completely different product receive hua. Seller bhi reply nahi kar raha.,Wrong_Product,Low,Website
3 baar complaint ki but koi proper response nahi mila.,Customer_Service,High,App
Seller ne fake product bhej diya aur return bhi reject kar diya. Order ORD612997.,Seller_Fraud,Medium,Call
UPI payment deduct ho gaya par order place nahi hua. Txn TXN55327823.,Payment_Issue,High,Call
Return approve hua but pickup schedule nahi ho raha. Invoice INV175532.,Refund_Return,High,App
Seller ne fake product bhej diya aur return bhi reject kar diya. Order ORD115063.,Seller_Fraud,High,Website
Promised date se 11 din late deliver hua.,Late_Delivery,High,Website
Discount apply hua tha par final bill me reflect nahi hua. Support ko contact kiya but koi update nahi.,Billing_Invoice,Medium,Website
Customer support sirf ticket close kar raha hai without solution. Ref ORD387198.,Customer_Service,Medium,Call
Seller ne fake product bhej diya aur return bhi reject kar diya. Order ORD239849.,Seller_Fraud,High,Call
"Order ORD288128 ko 11 din ho gaye, status out for delivery pe hi atka hai, parcel abhi tak nahi mila.",Order_Not_Delivered,High,Call
App crash ho rahi hai payment ke time. Ref TRK5545782. Support ko contact kiya but koi update nahi.,App_Bug,Medium,App
Completely different product receive hua.,Wrong_Product,Medium,Website
"Order ORD748985 ko 10 din ho gaye, status out for delivery pe hi atka hai, parcel abhi tak nahi mila. Support ko contact kiya but koi update nahi.",Order_Not_Delivered,High,Website
"Order ORD818530 ko 4 din ho gaye, status out for delivery pe hi atka hai, parcel abhi tak nahi mila.",Order_Not_Delivered,High,Email
3 baar complaint ki but koi proper response nahi mila. Seller bhi reply nahi kar raha.,Customer_Service,Low,Website
Seller ne fake product bhej diya aur return bhi reject kar diya. Order ORD608623.,Seller_Fraud,Medium,Email
Discount apply hua tha par final bill me reflect nahi hua. App me tracking bhi galat show ho rahi hai.,Billing_Invoice,Low,Call
Return approve hua but pickup schedule nahi ho raha. Invoice INV156978. App me tracking bhi galat show ho rahi hai.,Refund_Return,High,Email
Seller ne fake product bhej diya aur return bhi reject kar diya. Order ORD762722. Seller bhi reply nahi kar raha.,Seller_Fraud,High,App
Express delivery li thi fir bhi delay hua.,Late_Delivery,Medium,Website
"Maine headphones order kiye the, wallet deliver kar diya. Order ORD190674.",Wrong_Product,High,Call
Express delivery li thi fir bhi delay hua.,Late_Delivery,Medium,Website
Return approve hua but pickup schedule nahi ho raha. Invoice INV142004. App me tracking bhi galat show ho rahi hai.,Refund_Return,Medium,App
Invoice me extra charge add ho gaya. Order ORD187127. Refund bhi abhi tak process nahi hua.,Billing_Invoice,High,App
"Tracking TRK8705487 update nahi ho raha, delivery date cross ho gayi. App me tracking bhi galat show ho rahi hai.",Order_Not_Delivered,Medium,Website
Express delivery li thi fir bhi delay hua. Seller bhi reply nahi kar raha.,Late_Delivery,High,Email
Completely different product receive hua.,Wrong_Product,High,App
Login karte hi something went wrong error aa raha hai. Refund bhi abhi tak process nahi hua.,App_Bug,Medium,App
Customer support sirf ticket close kar raha hai without solution. Ref ORD779658.,Customer_Service,High,App
App crash ho rahi hai payment ke time. Ref TRK4782209.,App_Bug,High,App
"Tracking TRK9157533 update nahi ho raha, delivery date cross ho gayi.",Order_Not_Delivered,Medium,Email
Discount apply hua tha par final bill me reflect nahi hua. Support ko contact kiya but koi update nahi.,Billing_Invoice,High,App
"Tracking TRK3482256 update nahi ho raha, delivery date cross ho gayi.",Order_Not_Delivered,Medium,Email
Invoice me extra charge add ho gaya. Order ORD596925. Support ko contact kiya but koi update nahi.,Billing_Invoice,High,Website
Express delivery li thi fir bhi delay hua.,Late_Delivery,Medium,Call
Invoice me extra charge add ho gaya. Order ORD927691.,Billing_Invoice,Low,App
Original bola tha lekin duplicate nikla. Seller response bhi nahi de raha. Support ko contact kiya but koi update nahi.,Seller_Fraud,Medium,Website
Seller ne fake product bhej diya aur return bhi reject kar diya. Order ORD143150. Support ko contact kiya but koi update nahi.,Seller_Fraud,High,App
Login karte hi something went wrong error aa raha hai.,App_Bug,High,App
Discount apply hua tha par final bill me reflect nahi hua. Refund bhi abhi tak process nahi hua.,Billing_Invoice,Medium,Email
Discount apply hua tha par final bill me reflect nahi hua.,Billing_Invoice,High,Call
Return approve hua but pickup schedule nahi ho raha. Invoice INV423047.,Refund_Return,High,Email
"Order ORD737692 ko 5 din ho gaye, status out for delivery pe hi atka hai, parcel abhi tak nahi mila.",Order_Not_Delivered,Medium,Website
"Tracking TRK2465941 update nahi ho raha, delivery date cross ho gayi.",Order_Not_Delivered,Medium,App
Refund 10 din se pending hai.,Refund_Return,High,Email
3 baar complaint ki but koi proper response nahi mila.,Customer_Service,High,Call
Screen cracked thi delivery ke time.,Damaged_Product,Low,Email
"Tracking TRK1111046 update nahi ho raha, delivery date cross ho gayi.",Order_Not_Delivered,Medium,Website
Original bola tha lekin duplicate nikla. Seller response bhi nahi de raha.,Seller_Fraud,Medium,Call
Seller ne fake product bhej diya aur return bhi reject kar diya. Order ORD261505.,Seller_Fraud,Medium,Email
Discount apply hua tha par final bill me reflect nahi hua.,Billing_Invoice,Low,Email
Completely different product receive hua.,Wrong_Product,Medium,Email
Seller ne fake product bhej diya aur return bhi reject kar diya. Order ORD253235. Refund bhi abhi tak process nahi hua.,Seller_Fraud,High,Email
"Tracking TRK2288937 update nahi ho raha, delivery date cross ho gayi. Seller bhi reply nahi kar raha.",Order_Not_Delivered,Medium,Website
Completely different product receive hua.,Wrong_Product,High,Website
"Tracking TRK9135255 update nahi ho raha, delivery date cross ho gayi. Support ko contact kiya but koi update nahi.",Order_Not_Delivered,Medium,Website
Box kholte hi product broken nikla. Order ORD537619.,Damaged_Product,Medium,Email
App crash ho rahi hai payment ke time. Ref TRK8414487. Refund bhi abhi tak process nahi hua.,App_Bug,High,App
Seller ne fake product bhej diya aur return bhi reject kar diya. Order ORD821469. Seller bhi reply nahi kar raha.,Seller_Fraud,High,App
"Tracking TRK8235132 update nahi ho raha, delivery date cross ho gayi. Seller bhi reply nahi kar raha.",Order_Not_Delivered,Medium,Email
"Tracking TRK1172342 update nahi ho raha, delivery date cross ho gayi.",Order_Not_Delivered,High,Website
Original bola tha lekin duplicate nikla. Seller response bhi nahi de raha.,Seller_Fraud,High,Website
"Maine headphones order kiye the, wallet deliver kar diya. Order ORD203919.",Wrong_Product,High,App
UPI payment deduct ho gaya par order place nahi hua. Txn TXN73715236.,Payment_Issue,High,App
Original bola tha lekin duplicate nikla. Seller response bhi nahi de raha.,Seller_Fraud,Medium,Email
"Order ORD644973 ko 6 din ho gaye, status out for delivery pe hi atka hai, parcel abhi tak nahi mila.",Order_Not_Delivered,High,Email
Completely different product receive hua.,Wrong_Product,Medium,Call
3 baar complaint ki but koi proper response nahi mila.,Customer_Service,High,Call
Login karte hi something went wrong error aa raha hai. App me tracking bhi galat show ho rahi hai.,App_Bug,Medium,App
Box kholte hi product broken nikla. Order ORD167853.,Damaged_Product,Low,App
Original bola tha lekin duplicate nikla. Seller response bhi nahi de raha. App me tracking bhi galat show ho rahi hai.,Seller_Fraud,High,Call
Amount debit hua lekin confirmation nahi aaya.,Payment_Issue,High,Website
"Order ORD970645 ko 4 din ho gaye, status out for delivery pe hi atka hai, parcel abhi tak nahi mila.",Order_Not_Delivered,Medium,Website
Customer support sirf ticket close kar raha hai without solution. Ref ORD897097.,Customer_Service,High,Call
Completely different product receive hua. Seller bhi reply nahi kar raha.,Wrong_Product,Low,App
Discount apply hua tha par final bill me reflect nahi hua. Refund bhi abhi tak process nahi hua.,Billing_Invoice,Low,Website
"Maine headphones order kiye the, wallet deliver kar diya. Order ORD427637.",Wrong_Product,Medium,Call
Invoice me extra charge add ho gaya. Order ORD631297.,Billing_Invoice,High,Email
Screen cracked thi delivery ke time. Refund bhi abhi tak process nahi hua.,Damaged_Product,High,App
Screen cracked thi delivery ke time.,Damaged_Product,High,Website
3 baar complaint ki but koi proper response nahi mila. Support ko contact kiya but koi update nahi.,Customer_Service,High,Email
"Tracking TRK9636236 update nahi ho raha, delivery date cross ho gayi.",Order_Not_Delivered,Medium,Email
Discount apply hua tha par final bill me reflect nahi hua.,Billing_Invoice,High,Call
Completely different product receive hua.,Wrong_Product,Low,App
Promised date se 11 din late deliver hua.,Late_Delivery,High,App
Box kholte hi product broken nikla. Order ORD720615.,Damaged_Product,Medium,Website
Customer support sirf ticket close kar raha hai without solution. Ref ORD783185.,Customer_Service,High,Call
Discount apply hua tha par final bill me reflect nahi hua.,Billing_Invoice,Medium,Website
Login karte hi something went wrong error aa raha hai.,App_Bug,Medium,App
Completely different product receive hua.,Wrong_Product,Low,Call
Customer support sirf ticket close kar raha hai without solution. Ref ORD764721.,Customer_Service,Medium,Email
App crash ho rahi hai payment ke time. Ref TRK5001087. Refund bhi abhi tak process nahi hua.,App_Bug,Medium,Call
Invoice me extra charge add ho gaya. Order ORD311802. Refund bhi abhi tak process nahi hua.,Billing_Invoice,Medium,Website
App crash ho rahi hai payment ke time. Ref TRK9151075.,App_Bug,High,Email
Express delivery li thi fir bhi delay hua. Seller bhi reply nahi kar raha.,Late_Delivery,Medium,Email
"Maine headphones order kiye the, wallet deliver kar diya. Order ORD349641.",Wrong_Product,Medium,Website
Return approve hua but pickup schedule nahi ho raha. Invoice INV283662.,Refund_Return,High,App
Completely different product receive hua.,Wrong_Product,High,Email
Promised date se 6 din late deliver hua. Seller bhi reply nahi kar raha.,Late_Delivery,Low,App
App crash ho rahi hai payment ke time. Ref TRK7454030.,App_Bug,Medium,Website
Express delivery li thi fir bhi delay hua.,Late_Delivery,Medium,Email
Seller ne fake product bhej diya aur return bhi reject kar diya. Order ORD560163.,Seller_Fraud,High,App
Screen cracked thi delivery ke time.,Damaged_Product,Medium,Website
App crash ho rahi hai payment ke time. Ref TRK8061035.,App_Bug,High,App
App crash ho rahi hai payment ke time. Ref TRK8439100. Support ko contact kiya but koi update nahi.,App_Bug,Medium,Email
"Maine headphones order kiye the, wallet deliver kar diya. Order ORD265488.",Wrong_Product,Medium,Email
Invoice me extra charge add ho gaya. Order ORD373342.,Billing_Invoice,High,Call
3 baar complaint ki but koi proper response nahi mila.,Customer_Service,Medium,App
UPI payment deduct ho gaya par order place nahi hua. Txn TXN63825994.,Payment_Issue,High,App
UPI payment deduct ho gaya par order place nahi hua. Txn TXN80576741.,Payment_Issue,Low,Call
"Order ORD299800 ko 8 din ho gaye, status out for delivery pe hi atka hai, parcel abhi tak nahi mila. Support ko contact kiya but koi update nahi.",Order_Not_Delivered,Medium,Email
Box kholte hi product broken nikla. Order ORD538651. Refund bhi abhi tak process nahi hua.,Damaged_Product,High,Call
Refund 10 din se pending hai. Refund bhi abhi tak process nahi hua.,Refund_Return,Low,Call
Login karte hi something went wrong error aa raha hai. Seller bhi reply nahi kar raha.,App_Bug,High,Website
Discount apply hua tha par final bill me reflect nahi hua.,Billing_Invoice,High,Call
App crash ho rahi hai payment ke time. Ref TRK1689962. App me tracking bhi galat show ho rahi hai.,App_Bug,Low,Call
Original bola tha lekin duplicate nikla. Seller response bhi nahi de raha. Seller bhi reply nahi kar raha.,Seller_Fraud,Low,Call
Express delivery li thi fir bhi delay hua.,Late_Delivery,Medium,Email
Completely different product receive hua.,Wrong_Product,Low,Call
"Order ORD157217 ko 9 din ho gaye, status out for delivery pe hi atka hai, parcel abhi tak nahi mila. App me tracking bhi galat show ho rahi hai.",Order_Not_Delivered,High,Call
"Tracking TRK9140297 update nahi ho raha, delivery date cross ho gayi.",Order_Not_Delivered,Low,App
Customer support sirf ticket close kar raha hai without solution. Ref ORD397917.,Customer_Service,Medium,Website
"Maine headphones order kiye the, wallet deliver kar diya. Order ORD651567.",Wrong_Product,Medium,Email
"Order ORD513316 ko 7 din ho gaye, status out for delivery pe hi atka hai, parcel abhi tak nahi mila. Seller bhi reply nahi kar raha.",Order_Not_Delivered,Medium,Call
Discount apply hua tha par final bill me reflect nahi hua.,Billing_Invoice,Medium,Website
Seller ne fake product bhej diya aur return bhi reject kar diya. Order ORD940494.,Seller_Fraud,Medium,App
Invoice me extra charge add ho gaya. Order ORD351742. App me tracking bhi galat show ho rahi hai.,Billing_Invoice,High,Website
"Tracking TRK8253770 update nahi ho raha, delivery date cross ho gayi.",Order_Not_Delivered,High,App
Promised date se 6 din late deliver hua.,Late_Delivery,High,Call
Box kholte hi product broken nikla. Order ORD555193.,Damaged_Product,Medium,Website
App crash ho rahi hai payment ke time. Ref TRK9846268. App me tracking bhi galat show ho rahi hai.,App_Bug,High,Call
Customer support sirf ticket close kar raha hai without solution. Ref ORD817555.,Customer_Service,Medium,App
Return approve hua but pickup schedule nahi ho raha. Invoice INV533082.,Refund_Return,Medium,Email
Customer support sirf ticket close kar raha hai without solution. Ref ORD905984.,Customer_Service,Medium,Call
"Tracking TRK5993696 update nahi ho raha, delivery date cross ho gayi.",Order_Not_Delivered,Medium,Email
Customer support sirf ticket close kar raha hai without solution. Ref ORD321321.,Customer_Service,High,App
"Order ORD113950 ko 9 din ho gaye, status out for delivery pe hi atka hai, parcel abhi tak nahi mila.",Order_Not_Delivered,Low,Call
3 baar complaint ki but koi proper response nahi mila. Seller bhi reply nahi kar raha.,Customer_Service,High,App
App crash ho rahi hai payment ke time. Ref TRK4510288.,App_Bug,High,Website
"Tracking TRK8952217 update nahi ho raha, delivery date cross ho gayi. Support ko contact kiya but koi update nahi.",Order_Not_Delivered,Medium,Call
Amount debit hua lekin confirmation nahi aaya. App me tracking bhi galat show ho rahi hai.,Payment_Issue,High,App
"Tracking TRK9316519 update nahi ho raha, delivery date cross ho gayi.",Order_Not_Delivered,Low,App
Completely different product receive hua. Refund bhi abhi tak process nahi hua.,Wrong_Product,Medium,Email
Refund 10 din se pending hai.,Refund_Return,Medium,App
Seller ne fake product bhej diya aur return bhi reject kar diya. Order ORD592034. Refund bhi abhi tak process nahi hua.,Seller_Fraud,Low,Call
Original bola tha lekin duplicate nikla. Seller response bhi nahi de raha.,Seller_Fraud,Medium,Website
Login karte hi something went wrong error aa raha hai. Support ko contact kiya but koi update nahi.,App_Bug,Medium,App
Screen cracked thi delivery ke time.,Damaged_Product,High,Email
Customer support sirf ticket close kar raha hai without solution. Ref ORD283201.,Customer_Service,Medium,App
Completely different product receive hua.,Wrong_Product,Medium,Website
Promised date se 3 din late deliver hua.,Late_Delivery,Medium,App
Box kholte hi product broken nikla. Order ORD631948.,Damaged_Product,Low,Website
Screen cracked thi delivery ke time.,Damaged_Product,High,Website
"Order ORD560438 ko 5 din ho gaye, status out for delivery pe hi atka hai, parcel abhi tak nahi mila.",Order_Not_Delivered,Medium,Email
"Maine headphones order kiye the, wallet deliver kar diya. Order ORD378937.",Wrong_Product,High,Call
Box kholte hi product broken nikla. Order ORD940715.,Damaged_Product,Medium,Email
Refund 10 din se pending hai. Refund bhi abhi tak process nahi hua.,Refund_Return,High,Website
Discount apply hua tha par final bill me reflect nahi hua.,Billing_Invoice,High,Email
Discount apply hua tha par final bill me reflect nahi hua.,Billing_Invoice,Medium,Website
Login karte hi something went wrong error aa raha hai.,App_Bug,Medium,Call
Screen cracked thi delivery ke time.,Damaged_Product,Medium,Website
Completely different product receive hua.,Wrong_Product,Medium,Website
"Tracking TRK6099302 update nahi ho raha, delivery date cross ho gayi. Seller bhi reply nahi kar raha.",Order_Not_Delivered,Low,Email
Login karte hi something went wrong error aa raha hai.,App_Bug,Medium,App
Invoice me extra charge add ho gaya. Order ORD944510.,Billing_Invoice,High,Website
App crash ho rahi hai payment ke time. Ref TRK6500359.,App_Bug,High,App
Original bola tha lekin duplicate nikla. Seller response bhi nahi de raha.,Seller_Fraud,High,Website
Discount apply hua tha par final bill me reflect nahi hua.,Billing_Invoice,High,Email
Completely different product receive hua. Support ko contact kiya but koi update nahi.,Wrong_Product,Medium,Call
Seller ne fake product bhej diya aur return bhi reject kar diya. Order ORD828205.,Seller_Fraud,Low,Email
Return approve hua but pickup schedule nahi ho raha. Invoice INV215695.,Refund_Return,High,Website
"Tracking TRK6087859 update nahi ho raha, delivery date cross ho gayi.",Order_Not_Delivered,High,Call
"Tracking TRK4616856 update nahi ho raha, delivery date cross ho gayi. Refund bhi abhi tak process nahi hua.",Order_Not_Delivered,High,App
Discount apply hua tha par final bill me reflect nahi hua.,Billing_Invoice,Medium,Website
Screen cracked thi delivery ke time.,Damaged_Product,High,Call
Discount apply hua tha par final bill me reflect nahi hua.,Billing_Invoice,Low,App
Completely different product receive hua. Seller bhi reply nahi kar raha.,Wrong_Product,Low,Website
Box kholte hi product broken nikla. Order ORD226126.,Damaged_Product,High,Call
"Tracking TRK1754700 update nahi ho raha, delivery date cross ho gayi.",Order_Not_Delivered,High,Email
Invoice me extra charge add ho gaya. Order ORD220213. Refund bhi abhi tak process nahi hua.,Billing_Invoice,Medium,Website
3 baar complaint ki but koi proper response nahi mila. Seller bhi reply nahi kar raha.,Customer_Service,High,App
3 baar complaint ki but koi proper response nahi mila. Support ko contact kiya but koi update nahi.,Customer_Service,Medium,Call
Amount debit hua lekin confirmation nahi aaya. Seller bhi reply nahi kar raha.,Payment_Issue,High,Website
Return approve hua but pickup schedule nahi ho raha. Invoice INV358281.,Refund_Return,High,Call
Invoice me extra charge add ho gaya. Order ORD920910.,Billing_Invoice,Medium,Call
Amount debit hua lekin confirmation nahi aaya. Support ko contact kiya but koi update nahi.,Payment_Issue,High,Call
3 baar complaint ki but koi proper response nahi mila.,Customer_Service,Medium,App
Seller ne fake product bhej diya aur return bhi reject kar diya. Order ORD415242.,Seller_Fraud,Low,Call
Original bola tha lekin duplicate nikla. Seller response bhi nahi de raha. Refund bhi abhi tak process nahi hua.,Seller_Fraud,High,Call
Amount debit hua lekin confirmation nahi aaya.,Payment_Issue,Low,Website
Discount apply hua tha par final bill me reflect nahi hua.,Billing_Invoice,Medium,Call
Login karte hi something went wrong error aa raha hai.,App_Bug,Medium,App
"Tracking TRK8458775 update nahi ho raha, delivery date cross ho gayi.",Order_Not_Delivered,Medium,Email
Original bola tha lekin duplicate nikla. Seller response bhi nahi de raha. App me tracking bhi galat show ho rahi hai.,Seller_Fraud,Low,Website
"Tracking TRK5653119 update nahi ho raha, delivery date cross ho gayi. Support ko contact kiya but koi update nahi.",Order_Not_Delivered,Medium,Website
"Order ORD882209 ko 11 din ho gaye, status out for delivery pe hi atka hai, parcel abhi tak nahi mila.",Order_Not_Delivered,Low,Email
Seller ne fake product bhej diya aur return bhi reject kar diya. Order ORD826648.,Seller_Fraud,Medium,Call
App crash ho rahi hai payment ke time. Ref TRK6419028. App me tracking bhi galat show ho rahi hai.,App_Bug,Medium,App
Promised date se 9 din late deliver hua.,Late_Delivery,High,Email
"Order ORD873266 ko 3 din ho gaye, status out for delivery pe hi atka hai, parcel abhi tak nahi mila.",Order_Not_Delivered,High,Email
Customer support sirf ticket close kar raha hai without solution. Ref ORD129226.,Customer_Service,Low,Email
Original bola tha lekin duplicate nikla. Seller response bhi nahi de raha.,Seller_Fraud,High,App
Screen cracked thi delivery ke time. Seller bhi reply nahi kar raha.,Damaged_Product,Low,Call
Customer support sirf ticket close kar raha hai without solution. Ref ORD920664.,Customer_Service,Medium,App
"Order ORD686424 ko 8 din ho gaye, status out for delivery pe hi atka hai, parcel abhi tak nahi mila. App me tracking bhi galat show ho rahi hai.",Order_Not_Delivered,High,App
Discount apply hua tha par final bill me reflect nahi hua.,Billing_Invoice,Low,App
Discount apply hua tha par final bill me reflect nahi hua.,Billing_Invoice,High,Website
Return approve hua but pickup schedule nahi ho raha. Invoice INV368735.,Refund_Return,Medium,Website
Seller ne fake product bhej diya aur return bhi reject kar diya. Order ORD163429.,Seller_Fraud,Medium,Email
Customer support sirf ticket close kar raha hai without solution. Ref ORD254569. Seller bhi reply nahi kar raha.,Customer_Service,Medium,Website
"Order ORD542563 ko 12 din ho gaye, status out for delivery pe hi atka hai, parcel abhi tak nahi mila.",Order_Not_Delivered,Medium,Email
Original bola tha lekin duplicate nikla. Seller response bhi nahi de raha.,Seller_Fraud,High,Email
Invoice me extra charge add ho gaya. Order ORD209940. Seller bhi reply nahi kar raha.,Billing_Invoice,Medium,Website
Invoice me extra charge add ho gaya. Order ORD350629. Support ko contact kiya but koi update nahi.,Billing_Invoice,Medium,App
Customer support sirf ticket close kar raha hai without solution. Ref ORD475271. Support ko contact kiya but koi update nahi.,Customer_Service,Medium,Email
"Order ORD308795 ko 5 din ho gaye, status out for delivery pe hi atka hai, parcel abhi tak nahi mila.",Order_Not_Delivered,Medium,Email
Promised date se 6 din late deliver hua.,Late_Delivery,High,Website
Invoice me extra charge add ho gaya. Order ORD454820.,Billing_Invoice,High,Website
Refund 10 din se pending hai.,Refund_Return,High,Call
Login karte hi something went wrong error aa raha hai.,App_Bug,Medium,Email
Screen cracked thi delivery ke time.,Damaged_Product,Low,Call
Seller ne fake product bhej diya aur return bhi reject kar diya. Order ORD922781. App me tracking bhi galat show ho rahi hai.,Seller_Fraud,Medium,Email
Completely different product receive hua.,Wrong_Product,Medium,Call
Discount apply hua tha par final bill me reflect nahi hua.,Billing_Invoice,High,Website
3 baar complaint ki but koi proper response nahi mila.,Customer_Service,High,App
3 baar complaint ki but koi proper response nahi mila.,Customer_Service,Medium,Call
Discount apply hua tha par final bill me reflect nahi hua.,Billing_Invoice,High,App
Customer support sirf ticket close kar raha hai without solution. Ref ORD408824. Refund bhi abhi tak process nahi hua.,Customer_Service,Low,App
"Tracking TRK4360587 update nahi ho raha, delivery date cross ho gayi.",Order_Not_Delivered,High,Email
Seller ne fake product bhej diya aur return bhi reject kar diya. Order ORD996531.,Seller_Fraud,Medium,Call
UPI payment deduct ho gaya par order place nahi hua. Txn TXN30036175. Support ko contact kiya but koi update nahi.,Payment_Issue,Medium,Call
Screen cracked thi delivery ke time.,Damaged_Product,Medium,Website
Invoice me extra charge add ho gaya. Order ORD492901.,Billing_Invoice,High,Email
3 baar complaint ki but koi proper response nahi mila.,Customer_Service,High,App
Return approve hua but pickup schedule nahi ho raha. Invoice INV499841. App me tracking bhi galat show ho rahi hai.,Refund_Return,High,App
3 baar complaint ki but koi proper response nahi mila.,Customer_Service,High,Call
"Order ORD172866 ko 5 din ho gaye, status out for delivery pe hi atka hai, parcel abhi tak nahi mila. Seller bhi reply nahi kar raha.",Order_Not_Delivered,Medium,Email
"Maine headphones order kiye the, wallet deliver kar diya. Order ORD442645. App me tracking bhi galat show ho rahi hai.",Wrong_Product,Medium,App
Invoice me extra charge add ho gaya. Order ORD236243.,Billing_Invoice,Medium,Email
Completely different product receive hua. App me tracking bhi galat show ho rahi hai.,Wrong_Product,Medium,Website
Completely different product receive hua. App me tracking bhi galat show ho rahi hai.,Wrong_Product,High,Email
Invoice me extra charge add ho gaya. Order ORD535214.,Billing_Invoice,Low,Website
App crash ho rahi hai payment ke time. Ref TRK1732568.,App_Bug,Medium,App
App crash ho rahi hai payment ke time. Ref TRK7900102.,App_Bug,High,App
Completely different product receive hua.,Wrong_Product,Medium,App
Login karte hi something went wrong error aa raha hai.,App_Bug,High,App
App crash ho rahi hai payment ke time. Ref TRK8788747. Support ko contact kiya but koi update nahi.,App_Bug,Medium,Call
Original bola tha lekin duplicate nikla. Seller response bhi nahi de raha. Refund bhi abhi tak process nahi hua.,Seller_Fraud,High,Call
Seller ne fake product bhej diya aur return bhi reject kar diya. Order ORD810287. Seller bhi reply nahi kar raha.,Seller_Fraud,Low,Website
Invoice me extra charge add ho gaya. Order ORD977135.,Billing_Invoice,High,Email
Invoice me extra charge add ho gaya. Order ORD151028.,Billing_Invoice,High,App
"Order ORD115267 ko 12 din ho gaye, status out for delivery pe hi atka hai, parcel abhi tak nahi mila.",Order_Not_Delivered,High,App
Box kholte hi product broken nikla. Order ORD859181. Refund bhi abhi tak process nahi hua.,Damaged_Product,High,Website
Login karte hi something went wrong error aa raha hai.,App_Bug,High,Call
App crash ho rahi hai payment ke time. Ref TRK4569653.,App_Bug,High,Email
"Order ORD531066 ko 9 din ho gaye, status out for delivery pe hi atka hai, parcel abhi tak nahi mila.",Order_Not_Delivered,High,Website
Customer support sirf ticket close kar raha hai without solution. Ref ORD729006.,Customer_Service,Medium,Website
3 baar complaint ki but koi proper response nahi mila.,Customer_Service,Medium,Call
"Maine headphones order kiye the, wallet deliver kar diya. Order ORD627874.",Wrong_Product,High,Website
Box kholte hi product broken nikla. Order ORD749871.,Damaged_Product,High,Call
Seller ne fake product bhej diya aur return bhi reject kar diya. Order ORD349628. Seller bhi reply nahi kar raha.,Seller_Fraud,Medium,Call
Login karte hi something went wrong error aa raha hai. Seller bhi reply nahi kar raha.,App_Bug,Low,Website
Box kholte hi product broken nikla. Order ORD737600.,Damaged_Product,High,Call
"Order ORD154638 ko 3 din ho gaye, status out for delivery pe hi atka hai, parcel abhi tak nahi mila. Support ko contact kiya but koi update nahi.",Order_Not_Delivered,High,App
Discount apply hua tha par final bill me reflect nahi hua.,Billing_Invoice,Medium,Email
3 baar complaint ki but koi proper response nahi mila.,Customer_Service,High,Call
Original bola tha lekin duplicate nikla. Seller response bhi nahi de raha.,Seller_Fraud,Medium,App
Screen cracked thi delivery ke time.,Damaged_Product,Medium,Website
3 baar complaint ki but koi proper response nahi mila.,Customer_Service,High,Website
App crash ho rahi hai payment ke time. Ref TRK4181393.,App_Bug,High,Call
Refund 10 din se pending hai.,Refund_Return,Medium,Call
Promised date se 6 din late deliver hua.,Late_Delivery,Medium,Email
Completely different product receive hua.,Wrong_Product,High,Website
Seller ne fake product bhej diya aur return bhi reject kar diya. Order ORD952624.,Seller_Fraud,High,Call
Return approve hua but pickup schedule nahi ho raha. Invoice INV731399.,Refund_Return,High,App
Login karte hi something went wrong error aa raha hai. App me tracking bhi galat show ho rahi hai.,App_Bug,High,Email
Completely different product receive hua. Refund bhi abhi tak process nahi hua.,Wrong_Product,Medium,Email
Screen cracked thi delivery ke time. Seller bhi reply nahi kar raha.,Damaged_Product,Medium,Call
Completely different product receive hua. Support ko contact kiya but koi update nahi.,Wrong_Product,High,Website
"Maine headphones order kiye the, wallet deliver kar diya. Order ORD572552.",Wrong_Product,Medium,Website
3 baar complaint ki but koi proper response nahi mila. App me tracking bhi galat show ho rahi hai.,Customer_Service,High,App
Customer support sirf ticket close kar raha hai without solution. Ref ORD601111. Seller bhi reply nahi kar raha.,Customer_Service,Medium,App
"Order ORD493914 ko 9 din ho gaye, status out for delivery pe hi atka hai, parcel abhi tak nahi mila.",Order_Not_Delivered,High,Call
3 baar complaint ki but koi proper response nahi mila.,Customer_Service,High,Email
Promised date se 4 din late deliver hua. Seller bhi reply nahi kar raha.,Late_Delivery,Low,Email
UPI payment deduct ho gaya par order place nahi hua. Txn TXN98432853.,Payment_Issue,Medium,App
Amount debit hua lekin confirmation nahi aaya.,Payment_Issue,Medium,Call
Box kholte hi product broken nikla. Order ORD465254.,Damaged_Product,High,Website
App crash ho rahi hai payment ke time. Ref TRK9353796.,App_Bug,Low,Call
Original bola tha lekin duplicate nikla. Seller response bhi nahi de raha. Support ko contact kiya but koi update nahi.,Seller_Fraud,Medium,App
"Order ORD268018 ko 5 din ho gaye, status out for delivery pe hi atka hai, parcel abhi tak nahi mila.",Order_Not_Delivered,Medium,App
Login karte hi something went wrong error aa raha hai. Refund bhi abhi tak process nahi hua.,App_Bug,High,Call
Login karte hi something went wrong error aa raha hai. Seller bhi reply nahi kar raha.,App_Bug,High,Website
Box kholte hi product broken nikla. Order ORD700665.,Damaged_Product,High,App
"Maine headphones order kiye the, wallet deliver kar diya. Order ORD988268.",Wrong_Product,Low,Website
"Maine headphones order kiye the, wallet deliver kar diya. Order ORD211763.",Wrong_Product,Medium,Email
Express delivery li thi fir bhi delay hua. Seller bhi reply nahi kar raha.,Late_Delivery,Medium,Email
"Maine headphones order kiye the, wallet deliver kar diya. Order ORD386735. App me tracking bhi galat show ho rahi hai.",Wrong_Product,High,Email
Seller ne fake product bhej diya aur return bhi reject kar diya. Order ORD989265.,Seller_Fraud,Medium,Email
UPI payment deduct ho gaya par order place nahi hua. Txn TXN66698597.,Payment_Issue,High,Call
Discount apply hua tha par final bill me reflect nahi hua. Refund bhi abhi tak process nahi hua.,Billing_Invoice,Medium,App
Express delivery li thi fir bhi delay hua.,Late_Delivery,High,Website
Seller ne fake product bhej diya aur return bhi reject kar diya. Order ORD871037.,Seller_Fraud,Low,Website
Discount apply hua tha par final bill me reflect nahi hua.,Billing_Invoice,High,App
"Tracking TRK8278315 update nahi ho raha, delivery date cross ho gayi. Seller bhi reply nahi kar raha.",Order_Not_Delivered,High,Call
Customer support sirf ticket close kar raha hai without solution. Ref ORD784507.,Customer_Service,Low,Call
3 baar complaint ki but koi proper response nahi mila. Support ko contact kiya but koi update nahi.,Customer_Service,High,Call
Customer support sirf ticket close kar raha hai without solution. Ref ORD932929.,Customer_Service,High,Website
"Order ORD848440 ko 8 din ho gaye, status out for delivery pe hi atka hai, parcel abhi tak nahi mila.",Order_Not_Delivered,Medium,Call
"Order ORD890110 ko 4 din ho gaye, status out for delivery pe hi atka hai, parcel abhi tak nahi mila.",Order_Not_Delivered,Medium,App
Completely different product receive hua.,Wrong_Product,High,Email
Promised date se 7 din late deliver hua.,Late_Delivery,High,App
Customer support sirf ticket close kar raha hai without solution. Ref ORD644675. App me tracking bhi galat show ho rahi hai.,Customer_Service,Medium,Email
App crash ho rahi hai payment ke time. Ref TRK2661097. Support ko contact kiya but koi update nahi.,App_Bug,High,Website
UPI payment deduct ho gaya par order place nahi hua. Txn TXN27245919.,Payment_Issue,Medium,Email
Invoice me extra charge add ho gaya. Order ORD519492.,Billing_Invoice,Medium,Website
"Tracking TRK4231751 update nahi ho raha, delivery date cross ho gayi.",Order_Not_Delivered,Medium,Website
Invoice me extra charge add ho gaya. Order ORD431727. Refund bhi abhi tak process nahi hua.,Billing_Invoice,High,App
Login karte hi something went wrong error aa raha hai.,App_Bug,Medium,Website
Promised date se 5 din late deliver hua.,Late_Delivery,High,App
Original bola tha lekin duplicate nikla. Seller response bhi nahi de raha.,Seller_Fraud,Low,Email
App crash ho rahi hai payment ke time. Ref TRK6335094.,App_Bug,Medium,Call
Invoice me extra charge add ho gaya. Order ORD371645.,Billing_Invoice,High,Email
"Tracking TRK5179399 update nahi ho raha, delivery date cross ho gayi.",Order_Not_Delivered,High,Email
Screen cracked thi delivery ke time.,Damaged_Product,High,Email
Discount apply hua tha par final bill me reflect nahi hua.,Billing_Invoice,Low,Website
"Maine headphones order kiye the, wallet deliver kar diya. Order ORD879521.",Wrong_Product,High,Website
Invoice me extra charge add ho gaya. Order ORD525167.,Billing_Invoice,Medium,Email
Seller ne fake product bhej diya aur return bhi reject kar diya. Order ORD736877. Refund bhi abhi tak process nahi hua.,Seller_Fraud,Medium,Email
Amount debit hua lekin confirmation nahi aaya.,Payment_Issue,Medium,App
3 baar complaint ki but koi proper response nahi mila.,Customer_Service,High,Email
Return approve hua but pickup schedule nahi ho raha. Invoice INV160289.,Refund_Return,High,Email
"Tracking TRK4123208 update nahi ho raha, delivery date cross ho gayi. App me tracking bhi galat show ho rahi hai.",Order_Not_Delivered,High,Website
Discount apply hua tha par final bill me reflect nahi hua. App me tracking bhi galat show ho rahi hai.,Billing_Invoice,High,Email
Invoice me extra charge add ho gaya. Order ORD662484.,Billing_Invoice,High,Email
Box kholte hi product broken nikla. Order ORD476687. App me tracking bhi galat show ho rahi hai.,Damaged_Product,High,Email
Return approve hua but pickup schedule nahi ho raha. Invoice INV602577. App me tracking bhi galat show ho rahi hai.,Refund_Return,Medium,Website
3 baar complaint ki but koi proper response nahi mila.,Customer_Service,High,Email
"Maine headphones order kiye the, wallet deliver kar diya. Order ORD154567.",Wrong_Product,High,Call
"Tracking TRK3558453 update nahi ho raha, delivery date cross ho gayi. Seller bhi reply nahi kar raha.",Order_Not_Delivered,Low,Website
Login karte hi something went wrong error aa raha hai.,App_Bug,High,Website
Seller ne fake product bhej diya aur return bhi reject kar diya. Order ORD520775.,Seller_Fraud,Medium,App
Express delivery li thi fir bhi delay hua. App me tracking bhi galat show ho rahi hai.,Late_Delivery,Medium,Call
Login karte hi something went wrong error aa raha hai.,App_Bug,High,App
Seller ne fake product bhej diya aur return bhi reject kar diya. Order ORD154662. Seller bhi reply nahi kar raha.,Seller_Fraud,High,Email
Amount debit hua lekin confirmation nahi aaya. Support ko contact kiya but koi update nahi.,Payment_Issue,High,Email
Screen cracked thi delivery ke time. Seller bhi reply nahi kar raha.,Damaged_Product,High,App
"Order ORD302299 ko 10 din ho gaye, status out for delivery pe hi atka hai, parcel abhi tak nahi mila.",Order_Not_Delivered,High,Call
UPI payment deduct ho gaya par order place nahi hua. Txn TXN27157313.,Payment_Issue,Medium,Email
Refund 10 din se pending hai.,Refund_Return,Low,App
Original bola tha lekin duplicate nikla. Seller response bhi nahi de raha. Support ko contact kiya but koi update nahi.,Seller_Fraud,Medium,Call
"Maine headphones order kiye the, wallet deliver kar diya. Order ORD273558.",Wrong_Product,High,Email
Seller ne fake product bhej diya aur return bhi reject kar diya. Order ORD267775.,Seller_Fraud,Medium,Email
Customer support sirf ticket close kar raha hai without solution. Ref ORD410759. Support ko contact kiya but koi update nahi.,Customer_Service,High,Website
Refund 10 din se pending hai.,Refund_Return,Low,Website
"Maine headphones order kiye the, wallet deliver kar diya. Order ORD780154.",Wrong_Product,Low,Email
Screen cracked thi delivery ke time.,Damaged_Product,Medium,Website
Screen cracked thi delivery ke time.,Damaged_Product,Medium,App
Screen cracked thi delivery ke time.,Damaged_Product,Medium,Website
Customer support sirf ticket close kar raha hai without solution. Ref ORD709918.,Customer_Service,High,Website
Return approve hua but pickup schedule nahi ho raha. Invoice INV581705. App me tracking bhi galat show ho rahi hai.,Refund_Return,Low,Website
App crash ho rahi hai payment ke time. Ref TRK3733321.,App_Bug,High,App
Discount apply hua tha par final bill me reflect nahi hua.,Billing_Invoice,Medium,App
Invoice me extra charge add ho gaya. Order ORD215380. Seller bhi reply nahi kar raha.,Billing_Invoice,High,App
Box kholte hi product broken nikla. Order ORD930116. App me tracking bhi galat show ho rahi hai.,Damaged_Product,Medium,Call
Screen cracked thi delivery ke time.,Damaged_Product,High,App
"Order ORD207809 ko 8 din ho gaye, status out for delivery pe hi atka hai, parcel abhi tak nahi mila. Support ko contact kiya but koi update nahi.",Order_Not_Delivered,High,Call
Discount apply hua tha par final bill me reflect nahi hua.,Billing_Invoice,Medium,App
"Maine headphones order kiye the, wallet deliver kar diya. Order ORD335428.",Wrong_Product,High,App
Return approve hua but pickup schedule nahi ho raha. Invoice INV656249. App me tracking bhi galat show ho rahi hai.,Refund_Return,High,Email
Login karte hi something went wrong error aa raha hai.,App_Bug,High,App
Box kholte hi product broken nikla. Order ORD915565.,Damaged_Product,Medium,Call
Box kholte hi product broken nikla. Order ORD705912. Support ko contact kiya but koi update nahi.,Damaged_Product,High,Call
3 baar complaint ki but koi proper response nahi mila.,Customer_Service,High,Website
Discount apply hua tha par final bill me reflect nahi hua.,Billing_Invoice,High,Call
"Maine headphones order kiye the, wallet deliver kar diya. Order ORD837246. Seller bhi reply nahi kar raha.",Wrong_Product,High,Call
UPI payment deduct ho gaya par order place nahi hua. Txn TXN28703143.,Payment_Issue,Medium,Call
Seller ne fake product bhej diya aur return bhi reject kar diya. Order ORD158579.,Seller_Fraud,Medium,Call
Invoice me extra charge add ho gaya. Order ORD794940. Refund bhi abhi tak process nahi hua.,Billing_Invoice,High,Website
"Tracking TRK4060575 update nahi ho raha, delivery date cross ho gayi.",Order_Not_Delivered,High,Call
Screen cracked thi delivery ke time. Seller bhi reply nahi kar raha.,Damaged_Product,Medium,Website
"Maine headphones order kiye the, wallet deliver kar diya. Order ORD515645.",Wrong_Product,High,Email
Login karte hi something went wrong error aa raha hai.,App_Bug,High,Website
Invoice me extra charge add ho gaya. Order ORD329540.,Billing_Invoice,Medium,Call
Discount apply hua tha par final bill me reflect nahi hua.,Billing_Invoice,High,App
"Tracking TRK6628280 update nahi ho raha, delivery date cross ho gayi. Seller bhi reply nahi kar raha.",Order_Not_Delivered,High,App
Screen cracked thi delivery ke time. Seller bhi reply nahi kar raha.,Damaged_Product,Medium,Call
"Tracking TRK6177530 update nahi ho raha, delivery date cross ho gayi.",Order_Not_Delivered,Medium,Email
Screen cracked thi delivery ke time. Support ko contact kiya but koi update nahi.,Damaged_Product,High,Call
Invoice me extra charge add ho gaya. Order ORD404212.,Billing_Invoice,High,Website
Promised date se 11 din late deliver hua.,Late_Delivery,Low,Email
Invoice me extra charge add ho gaya. Order ORD455488. App me tracking bhi galat show ho rahi hai.,Billing_Invoice,High,App
Amount debit hua lekin confirmation nahi aaya.,Payment_Issue,Medium,App
Completely different product receive hua. Refund bhi abhi tak process nahi hua.,Wrong_Product,High,App
Original bola tha lekin duplicate nikla. Seller response bhi nahi de raha.,Seller_Fraud,Low,Call
"Tracking TRK7862438 update nahi ho raha, delivery date cross ho gayi. Refund bhi abhi tak process nahi hua.",Order_Not_Delivered,Medium,Email
Discount apply hua tha par final bill me reflect nahi hua.,Billing_Invoice,High,Website
App crash ho rahi hai payment ke time. Ref TRK2766607.,App_Bug,Low,Website
Discount apply hua tha par final bill me reflect nahi hua.,Billing_Invoice,Low,Call
"Order ORD867324 ko 5 din ho gaye, status out for delivery pe hi atka hai, parcel abhi tak nahi mila.",Order_Not_Delivered,High,Email
Amount debit hua lekin confirmation nahi aaya. Support ko contact kiya but koi update nahi.,Payment_Issue,Low,Website
Login karte hi something went wrong error aa raha hai.,App_Bug,High,Call
UPI payment deduct ho gaya par order place nahi hua. Txn TXN66763408. Support ko contact kiya but koi update nahi.,Payment_Issue,High,App
Customer support sirf ticket close kar raha hai without solution. Ref ORD412828.,Customer_Service,High,App
"Tracking TRK5981239 update nahi ho raha, delivery date cross ho gayi.",Order_Not_Delivered,Medium,Website
Amount debit hua lekin confirmation nahi aaya.,Payment_Issue,Medium,App
Box kholte hi product broken nikla. Order ORD439458.,Damaged_Product,Medium,Email
"Tracking TRK9735757 update nahi ho raha, delivery date cross ho gayi.",Order_Not_Delivered,Low,Call
App crash ho rahi hai payment ke time. Ref TRK4667881.,App_Bug,Medium,Call
Seller ne fake product bhej diya aur return bhi reject kar diya. Order ORD300444.,Seller_Fraud,High,App
Login karte hi something went wrong error aa raha hai.,App_Bug,Low,Email
"Order ORD581111 ko 10 din ho gaye, status out for delivery pe hi atka hai, parcel abhi tak nahi mila.",Order_Not_Delivered,Medium,Call
3 baar complaint ki but koi proper response nahi mila.,Customer_Service,Medium,App
"Order ORD746195 ko 11 din ho gaye, status out for delivery pe hi atka hai, parcel abhi tak nahi mila.",Order_Not_Delivered,High,Call
"Maine headphones order kiye the, wallet deliver kar diya. Order ORD800144. App me tracking bhi galat show ho rahi hai.",Wrong_Product,Medium,App
Original bola tha lekin duplicate nikla. Seller response bhi nahi de raha.,Seller_Fraud,Medium,Call
"Tracking TRK4757032 update nahi ho raha, delivery date cross ho gayi.",Order_Not_Delivered,High,Call
App crash ho rahi hai payment ke time. Ref TRK1548189.,App_Bug,Low,Email
3 baar complaint ki but koi proper response nahi mila.,Customer_Service,High,Call
Original bola tha lekin duplicate nikla. Seller response bhi nahi de raha. Support ko contact kiya but koi update nahi.,Seller_Fraud,High,Website
Completely different product receive hua.,Wrong_Product,High,App
"Order ORD759443 ko 10 din ho gaye, status out for delivery pe hi atka hai, parcel abhi tak nahi mila.",Order_Not_Delivered,High,Call
"Order ORD575745 ko 12 din ho gaye, status out for delivery pe hi atka hai, parcel abhi tak nahi mila.",Order_Not_Delivered,High,Website
Screen cracked thi delivery ke time. Support ko contact kiya but koi update nahi.,Damaged_Product,Medium,App
"Order ORD212278 ko 4 din ho gaye, status out for delivery pe hi atka hai, parcel abhi tak nahi mila. App me tracking bhi galat show ho rahi hai.",Order_Not_Delivered,Low,Website
Discount apply hua tha par final bill me reflect nahi hua.,Billing_Invoice,High,Call
Discount apply hua tha par final bill me reflect nahi hua. Support ko contact kiya but koi update nahi.,Billing_Invoice,Medium,App
"Tracking TRK9118679 update nahi ho raha, delivery date cross ho gayi. Refund bhi abhi tak process nahi hua.",Order_Not_Delivered,Low,Website
App crash ho rahi hai payment ke time. Ref TRK9585651.,App_Bug,High,Website
"Order ORD330436 ko 6 din ho gaye, status out for delivery pe hi atka hai, parcel abhi tak nahi mila. Support ko contact kiya but koi update nahi.",Order_Not_Delivered,Low,Email
Login karte hi something went wrong error aa raha hai.,App_Bug,High,Website
Login karte hi something went wrong error aa raha hai. Support ko contact kiya but koi update nahi.,App_Bug,Low,Call
Discount apply hua tha par final bill me reflect nahi hua. App me tracking bhi galat show ho rahi hai.,Billing_Invoice,High,Email
Invoice me extra charge add ho gaya. Order ORD571233.,Billing_Invoice,High,Email
Invoice me extra charge add ho gaya. Order ORD288643. Support ko contact kiya but koi update nahi.,Billing_Invoice,Medium,Email
Original bola tha lekin duplicate nikla. Seller response bhi nahi de raha. Refund bhi abhi tak process nahi hua.,Seller_Fraud,Low,App
Invoice me extra charge add ho gaya. Order ORD652874.,Billing_Invoice,Low,App
Completely different product receive hua. App me tracking bhi galat show ho rahi hai.,Wrong_Product,Medium,Email
Invoice me extra charge add ho gaya. Order ORD574779.,Billing_Invoice,Medium,Email
"Order ORD584202 ko 2 din ho gaye, status out for delivery pe hi atka hai, parcel abhi tak nahi mila.",Order_Not_Delivered,Low,App
Customer support sirf ticket close kar raha hai without solution. Ref ORD172827. Refund bhi abhi tak process nahi hua.,Customer_Service,High,Email
"Maine headphones order kiye the, wallet deliver kar diya. Order ORD512433.",Wrong_Product,Low,App
Promised date se 4 din late deliver hua. Refund bhi abhi tak process nahi hua.,Late_Delivery,Low,Call
Seller ne fake product bhej diya aur return bhi reject kar diya. Order ORD300445.,Seller_Fraud,Low,Email
Promised date se 6 din late deliver hua.,Late_Delivery,Medium,Call
Customer support sirf ticket close kar raha hai without solution. Ref ORD244455.,Customer_Service,Medium,Call
App crash ho rahi hai payment ke time. Ref TRK9851473.,App_Bug,Low,Email
Screen cracked thi delivery ke time.,Damaged_Product,Medium,Website
App crash ho rahi hai payment ke time. Ref TRK2308903. Support ko contact kiya but koi update nahi.,App_Bug,Medium,Call
Seller ne fake product bhej diya aur return bhi reject kar diya. Order ORD456987.,Seller_Fraud,High,Email
App crash ho rahi hai payment ke time. Ref TRK9464296.,App_Bug,High,Call
Promised date se 6 din late deliver hua.,Late_Delivery,Medium,App
Seller ne fake product bhej diya aur return bhi reject kar diya. Order ORD881216. Seller bhi reply nahi kar raha.,Seller_Fraud,Medium,Call
Customer support sirf ticket close kar raha hai without solution. Ref ORD677035. App me tracking bhi galat show ho rahi hai.,Customer_Service,Medium,App
Discount apply hua tha par final bill me reflect nahi hua. Support ko contact kiya but koi update nahi.,Billing_Invoice,High,Email
Completely different product receive hua. Seller bhi reply nahi kar raha.,Wrong_Product,High,App
Refund 10 din se pending hai. App me tracking bhi galat show ho rahi hai.,Refund_Return,High,App
Original bola tha lekin duplicate nikla. Seller response bhi nahi de raha.,Seller_Fraud,Medium,Email
Box kholte hi product broken nikla. Order ORD294069.,Damaged_Product,Low,Website
Seller ne fake product bhej diya aur return bhi reject kar diya. Order ORD274740.,Seller_Fraud,Medium,Call
Customer support sirf ticket close kar raha hai without solution. Ref ORD376648.,Customer_Service,Medium,App
"Maine headphones order kiye the, wallet deliver kar diya. Order ORD595523.",Wrong_Product,High,Website
"Maine headphones order kiye the, wallet deliver kar diya. Order ORD891666.",Wrong_Product,Medium,Call
Completely different product receive hua.,Wrong_Product,High,Email
3 baar complaint ki but koi proper response nahi mila.,Customer_Service,Medium,Website
UPI payment deduct ho gaya par order place nahi hua. Txn TXN76817911. App me tracking bhi galat show ho rahi hai.,Payment_Issue,High,App
Original bola tha lekin duplicate nikla. Seller response bhi nahi de raha.,Seller_Fraud,Low,Website
3 baar complaint ki but koi proper response nahi mila.,Customer_Service,High,Email
Promised date se 6 din late deliver hua. Seller bhi reply nahi kar raha.,Late_Delivery,Medium,Website
Invoice me extra charge add ho gaya. Order ORD648600. App me tracking bhi galat show ho rahi hai.,Billing_Invoice,High,Email
"Order ORD327882 ko 3 din ho gaye, status out for delivery pe hi atka hai, parcel abhi tak nahi mila. Refund bhi abhi tak process nahi hua.",Order_Not_Delivered,High,Email
App crash ho rahi hai payment ke time. Ref TRK5218353.,App_Bug,Medium,Website
Amount debit hua lekin confirmation nahi aaya. Seller bhi reply nahi kar raha.,Payment_Issue,Medium,Email
3 baar complaint ki but koi proper response nahi mila.,Customer_Service,High,Call
Login karte hi something went wrong error aa raha hai. Support ko contact kiya but koi update nahi.,App_Bug,High,App
3 baar complaint ki but koi proper response nahi mila. App me tracking bhi galat show ho rahi hai.,Customer_Service,Medium,Email
Discount apply hua tha par final bill me reflect nahi hua.,Billing_Invoice,High,Call
"Order ORD745092 ko 11 din ho gaye, status out for delivery pe hi atka hai, parcel abhi tak nahi mila.",Order_Not_Delivered,High,Email
"Tracking TRK7760247 update nahi ho raha, delivery date cross ho gayi.",Order_Not_Delivered,Low,Call
Promised date se 3 din late deliver hua.,Late_Delivery,High,Email
Completely different product receive hua.,Wrong_Product,Medium,Website
Completely different product receive hua.,Wrong_Product,High,App
Box kholte hi product broken nikla. Order ORD220280.,Damaged_Product,Medium,Website
Original bola tha lekin duplicate nikla. Seller response bhi nahi de raha.,Seller_Fraud,High,Call
UPI payment deduct ho gaya par order place nahi hua. Txn TXN92243262.,Payment_Issue,Medium,App
Invoice me extra charge add ho gaya. Order ORD293785. Support ko contact kiya but koi update nahi.,Billing_Invoice,Medium,Email
Customer support sirf ticket close kar raha hai without solution. Ref ORD717363.,Customer_Service,Medium,App
Discount apply hua tha par final bill me reflect nahi hua.,Billing_Invoice,High,Email
"Tracking TRK6951329 update nahi ho raha, delivery date cross ho gayi. Support ko contact kiya but koi update nahi.",Order_Not_Delivered,High,Website
3 baar complaint ki but koi proper response nahi mila.,Customer_Service,Medium,Email
Invoice me extra charge add ho gaya. Order ORD391860.,Billing_Invoice,Low,Website
Completely different product receive hua.,Wrong_Product,Medium,App
"Order ORD342959 ko 9 din ho gaye, status out for delivery pe hi atka hai, parcel abhi tak nahi mila.",Order_Not_Delivered,Medium,Website
UPI payment deduct ho gaya par order place nahi hua. Txn TXN61550809.,Payment_Issue,High,Email
"Order ORD562976 ko 2 din ho gaye, status out for delivery pe hi atka hai, parcel abhi tak nahi mila.",Order_Not_Delivered,High,Call
Invoice me extra charge add ho gaya. Order ORD305225. Support ko contact kiya but koi update nahi.,Billing_Invoice,Medium,Call
Box kholte hi product broken nikla. Order ORD190196. Support ko contact kiya but koi update nahi.,Damaged_Product,Low,Email
Box kholte hi product broken nikla. Order ORD457261.,Damaged_Product,Medium,Call
Completely different product receive hua.,Wrong_Product,High,App
"Maine headphones order kiye the, wallet deliver kar diya. Order ORD920392.",Wrong_Product,High,Email
"Tracking TRK5217487 update nahi ho raha, delivery date cross ho gayi.",Order_Not_Delivered,High,Email
"Order ORD994640 ko 6 din ho gaye, status out for delivery pe hi atka hai, parcel abhi tak nahi mila.",Order_Not_Delivered,High,App
Completely different product receive hua. Refund bhi abhi tak process nahi hua.,Wrong_Product,Low,App
Original bola tha lekin duplicate nikla. Seller response bhi nahi de raha.,Seller_Fraud,Medium,App
Customer support sirf ticket close kar raha hai without solution. Ref ORD536459. Seller bhi reply nahi kar raha.,Customer_Service,High,Call
Completely different product receive hua.,Wrong_Product,High,Website
Completely different product receive hua.,Wrong_Product,High,Website
Discount apply hua tha par final bill me reflect nahi hua.,Billing_Invoice,Low,Email
3 baar complaint ki but koi proper response nahi mila.,Customer_Service,High,App
UPI payment deduct ho gaya par order place nahi hua. Txn TXN17634795. App me tracking bhi galat show ho rahi hai.,Payment_Issue,High,App
Customer support sirf ticket close kar raha hai without solution. Ref ORD406616.,Customer_Service,Medium,App
Customer support sirf ticket close kar raha hai without solution. Ref ORD618970.,Customer_Service,Medium,Email
Promised date se 10 din late deliver hua. Refund bhi abhi tak process nahi hua.,Late_Delivery,Low,Call
Customer support sirf ticket close kar raha hai without solution. Ref ORD243792. Refund bhi abhi tak process nahi hua.,Customer_Service,Medium,Website
"Order ORD832264 ko 3 din ho gaye, status out for delivery pe hi atka hai, parcel abhi tak nahi mila. Seller bhi reply nahi kar raha.",Order_Not_Delivered,High,Call
Customer support sirf ticket close kar raha hai without solution. Ref ORD162621.,Customer_Service,Low,Call
Invoice me extra charge add ho gaya. Order ORD315723.,Billing_Invoice,Medium,App
Completely different product receive hua. Seller bhi reply nahi kar raha.,Wrong_Product,High,Call
Promised date se 12 din late deliver hua. App me tracking bhi galat show ho rahi hai.,Late_Delivery,High,Email
Original bola tha lekin duplicate nikla. Seller response bhi nahi de raha.,Seller_Fraud,Low,App
Amount debit hua lekin confirmation nahi aaya.,Payment_Issue,Medium,App
"Tracking TRK5437867 update nahi ho raha, delivery date cross ho gayi.",Order_Not_Delivered,High,Call
"Tracking TRK4654790 update nahi ho raha, delivery date cross ho gayi.",Order_Not_Delivered,High,Email
Amount debit hua lekin confirmation nahi aaya.,Payment_Issue,High,Website
Seller ne fake product bhej diya aur return bhi reject kar diya. Order ORD343974.,Seller_Fraud,Low,Email
"Order ORD163766 ko 12 din ho gaye, status out for delivery pe hi atka hai, parcel abhi tak nahi mila.",Order_Not_Delivered,Low,App
Completely different product receive hua.,Wrong_Product,High,Email
Completely different product receive hua.,Wrong_Product,Medium,Email
Amount debit hua lekin confirmation nahi aaya.,Payment_Issue,High,Website
Return approve hua but pickup schedule nahi ho raha. Invoice INV947285.,Refund_Return,Medium,Email
Refund 10 din se pending hai.,Refund_Return,Medium,App
UPI payment deduct ho gaya par order place nahi hua. Txn TXN94600705.,Payment_Issue,Medium,App
Promised date se 10 din late deliver hua.,Late_Delivery,High,Email
Refund 10 din se pending hai.,Refund_Return,High,Website
Discount apply hua tha par final bill me reflect nahi hua. Refund bhi abhi tak process nahi hua.,Billing_Invoice,Medium,Website
Discount apply hua tha par final bill me reflect nahi hua.,Billing_Invoice,Medium,Email
Screen cracked thi delivery ke time.,Damaged_Product,High,Call
App crash ho rahi hai payment ke time. Ref TRK8618016.,App_Bug,Medium,Call
Box kholte hi product broken nikla. Order ORD135730. App me tracking bhi galat show ho rahi hai.,Damaged_Product,Low,Email
Seller ne fake product bhej diya aur return bhi reject kar diya. Order ORD846568.,Seller_Fraud,Medium,App
"Tracking TRK7859779 update nahi ho raha, delivery date cross ho gayi. App me tracking bhi galat show ho rahi hai.",Order_Not_Delivered,Medium,Website
Box kholte hi product broken nikla. Order ORD259652.,Damaged_Product,Medium,Email
Discount apply hua tha par final bill me reflect nahi hua.,Billing_Invoice,Medium,Call
3 baar complaint ki but koi proper response nahi mila.,Customer_Service,High,Email
"Tracking TRK2988957 update nahi ho raha, delivery date cross ho gayi.",Order_Not_Delivered,Low,Email
Refund 10 din se pending hai. Support ko contact kiya but koi update nahi.,Refund_Return,Medium,Website
"Order ORD666052 ko 2 din ho gaye, status out for delivery pe hi atka hai, parcel abhi tak nahi mila.",Order_Not_Delivered,High,Call
Box kholte hi product broken nikla. Order ORD971406.,Damaged_Product,High,Email
"Order ORD391979 ko 5 din ho gaye, status out for delivery pe hi atka hai, parcel abhi tak nahi mila.",Order_Not_Delivered,High,Email
Customer support sirf ticket close kar raha hai without solution. Ref ORD841143.,Customer_Service,Medium,Email
Seller ne fake product bhej diya aur return bhi reject kar diya. Order ORD765318.,Seller_Fraud,Low,Website
Customer support sirf ticket close kar raha hai without solution. Ref ORD608042. Seller bhi reply nahi kar raha.,Customer_Service,Low,Website
"Order ORD614526 ko 2 din ho gaye, status out for delivery pe hi atka hai, parcel abhi tak nahi mila.",Order_Not_Delivered,High,Call
App crash ho rahi hai payment ke time. Ref TRK6850278.,App_Bug,Low,Website
Express delivery li thi fir bhi delay hua.,Late_Delivery,High,App
Amount debit hua lekin confirmation nahi aaya.,Payment_Issue,High,Email
Login karte hi something went wrong error aa raha hai.,App_Bug,Low,Call
App crash ho rahi hai payment ke time. Ref TRK5495016. Refund bhi abhi tak process nahi hua.,App_Bug,High,Email
Discount apply hua tha par final bill me reflect nahi hua.,Billing_Invoice,High,App
3 baar complaint ki but koi proper response nahi mila. Refund bhi abhi tak process nahi hua.,Customer_Service,High,App
UPI payment deduct ho gaya par order place nahi hua. Txn TXN54733168.,Payment_Issue,Medium,App
Completely different product receive hua.,Wrong_Product,High,Website
Refund 10 din se pending hai. Seller bhi reply nahi kar raha.,Refund_Return,Medium,App
Completely different product receive hua. Support ko contact kiya but koi update nahi.,Wrong_Product,High,App
Screen cracked thi delivery ke time. App me tracking bhi galat show ho rahi hai.,Damaged_Product,High,Website
"Tracking TRK6237674 update nahi ho raha, delivery date cross ho gayi.",Order_Not_Delivered,High,Email
Invoice me extra charge add ho gaya. Order ORD377107. App me tracking bhi galat show ho rahi hai.,Billing_Invoice,Medium,Call
Customer support sirf ticket close kar raha hai without solution. Ref ORD500984.,Customer_Service,Medium,Call
Seller ne fake product bhej diya aur return bhi reject kar diya. Order ORD516650.,Seller_Fraud,Medium,Email
Seller ne fake product bhej diya aur return bhi reject kar diya. Order ORD200022. Support ko contact kiya but koi update nahi.,Seller_Fraud,High,Call
"Maine headphones order kiye the, wallet deliver kar diya. Order ORD161795.",Wrong_Product,Medium,App
3 baar complaint ki but koi proper response nahi mila.,Customer_Service,Medium,Email
UPI payment deduct ho gaya par order place nahi hua. Txn TXN74826670.,Payment_Issue,Medium,App
Refund 10 din se pending hai. Seller bhi reply nahi kar raha.,Refund_Return,High,Call
Promised date se 12 din late deliver hua.,Late_Delivery,Medium,Call
Discount apply hua tha par final bill me reflect nahi hua.,Billing_Invoice,Low,Website
Seller ne fake product bhej diya aur return bhi reject kar diya. Order ORD941811.,Seller_Fraud,High,Email
Return approve hua but pickup schedule nahi ho raha. Invoice INV849817.,Refund_Return,High,Call
"Order ORD426988 ko 10 din ho gaye, status out for delivery pe hi atka hai, parcel abhi tak nahi mila.",Order_Not_Delivered,High,Call
"Maine headphones order kiye the, wallet deliver kar diya. Order ORD467476.",Wrong_Product,High,Call
Completely different product receive hua.,Wrong_Product,High,Website
"Order ORD393586 ko 3 din ho gaye, status out for delivery pe hi atka hai, parcel abhi tak nahi mila. App me tracking bhi galat show ho rahi hai.",Order_Not_Delivered,High,Email
Amount debit hua lekin confirmation nahi aaya. Support ko contact kiya but koi update nahi.,Payment_Issue,High,Call
Express delivery li thi fir bhi delay hua.,Late_Delivery,Medium,Email
"Maine headphones order kiye the, wallet deliver kar diya. Order ORD352468.",Wrong_Product,Medium,Email
"Maine headphones order kiye the, wallet deliver kar diya. Order ORD274185.",Wrong_Product,Medium,Email
Login karte hi something went wrong error aa raha hai.,App_Bug,Medium,Email
Box kholte hi product broken nikla. Order ORD746944.,Damaged_Product,Low,Website
Invoice me extra charge add ho gaya. Order ORD105887.,Billing_Invoice,Medium,App
App crash ho rahi hai payment ke time. Ref TRK5612919. Refund bhi abhi tak process nahi hua.,App_Bug,High,App
UPI payment deduct ho gaya par order place nahi hua. Txn TXN94857827.,Payment_Issue,Medium,App
"Order ORD742693 ko 4 din ho gaye, status out for delivery pe hi atka hai, parcel abhi tak nahi mila. Seller bhi reply nahi kar raha.",Order_Not_Delivered,High,App
3 baar complaint ki but koi proper response nahi mila.,Customer_Service,Medium,Email
Return approve hua but pickup schedule nahi ho raha. Invoice INV641422.,Refund_Return,Medium,App
"Order ORD864366 ko 9 din ho gaye, status out for delivery pe hi atka hai, parcel abhi tak nahi mila. Support ko contact kiya but koi update nahi.",Order_Not_Delivered,Medium,Call
Seller ne fake product bhej diya aur return bhi reject kar diya. Order ORD426279.,Seller_Fraud,Medium,App
Completely different product receive hua. Seller bhi reply nahi kar raha.,Wrong_Product,Medium,App
Original bola tha lekin duplicate nikla. Seller response bhi nahi de raha.,Seller_Fraud,Medium,Website
Box kholte hi product broken nikla. Order ORD425569. Refund bhi abhi tak process nahi hua.,Damaged_Product,High,Website
Customer support sirf ticket close kar raha hai without solution. Ref ORD285715. Refund bhi abhi tak process nahi hua.,Customer_Service,Medium,Email
Screen cracked thi delivery ke time. Support ko contact kiya but koi update nahi.,Damaged_Product,Low,Call
3 baar complaint ki but koi proper response nahi mila.,Customer_Service,Medium,App
"Maine headphones order kiye the, wallet deliver kar diya. Order ORD370756.",Wrong_Product,Medium,Website
Discount apply hua tha par final bill me reflect nahi hua.,Billing_Invoice,Low,Email
Login karte hi something went wrong error aa raha hai.,App_Bug,Low,Website
Refund 10 din se pending hai.,Refund_Return,Medium,Call
Screen cracked thi delivery ke time.,Damaged_Product,Medium,Email
"Order ORD900244 ko 8 din ho gaye, status out for delivery pe hi atka hai, parcel abhi tak nahi mila.",Order_Not_Delivered,Low,Call
"Maine headphones order kiye the, wallet deliver kar diya. Order ORD637085. Support ko contact kiya but koi update nahi.",Wrong_Product,High,Email
Box kholte hi product broken nikla. Order ORD194789.,Damaged_Product,High,App
App crash ho rahi hai payment ke time. Ref TRK6054678. Support ko contact kiya but koi update nahi.,App_Bug,High,Website
Original bola tha lekin duplicate nikla. Seller response bhi nahi de raha.,Seller_Fraud,Medium,Website
Refund 10 din se pending hai.,Refund_Return,High,Website
Discount apply hua tha par final bill me reflect nahi hua. App me tracking bhi galat show ho rahi hai.,Billing_Invoice,Medium,App
Seller ne fake product bhej diya aur return bhi reject kar diya. Order ORD905142.,Seller_Fraud,High,Call
Return approve hua but pickup schedule nahi ho raha. Invoice INV297101.,Refund_Return,High,Call
Login karte hi something went wrong error aa raha hai.,App_Bug,High,Call
Original bola tha lekin duplicate nikla. Seller response bhi nahi de raha.,Seller_Fraud,High,App
Login karte hi something went wrong error aa raha hai.,App_Bug,High,Call
"Tracking TRK1914547 update nahi ho raha, delivery date cross ho gayi.",Order_Not_Delivered,High,Call
Completely different product receive hua. Support ko contact kiya but koi update nahi.,Wrong_Product,Low,Call
Promised date se 6 din late deliver hua. App me tracking bhi galat show ho rahi hai.,Late_Delivery,High,Call
Customer support sirf ticket close kar raha hai without solution. Ref ORD613405.,Customer_Service,High,Email
App crash ho rahi hai payment ke time. Ref TRK5483468.,App_Bug,Medium,Email
App crash ho rahi hai payment ke time. Ref TRK1614253. Seller bhi reply nahi kar raha.,App_Bug,High,Website
Login karte hi something went wrong error aa raha hai.,App_Bug,Low,Call
"Tracking TRK1642355 update nahi ho raha, delivery date cross ho gayi.",Order_Not_Delivered,High,App
3 baar complaint ki but koi proper response nahi mila.,Customer_Service,Medium,App
Express delivery li thi fir bhi delay hua.,Late_Delivery,Medium,Website
App crash ho rahi hai payment ke time. Ref TRK8934254.,App_Bug,Medium,Email
"Maine headphones order kiye the, wallet deliver kar diya. Order ORD733992. Support ko contact kiya but koi update nahi.",Wrong_Product,High,Call
Login karte hi something went wrong error aa raha hai. Support ko contact kiya but koi update nahi.,App_Bug,High,Email
Original bola tha lekin duplicate nikla. Seller response bhi nahi de raha.,Seller_Fraud,Medium,Call
Return approve hua but pickup schedule nahi ho raha. Invoice INV435169. App me tracking bhi galat show ho rahi hai.,Refund_Return,High,Website
Login karte hi something went wrong error aa raha hai.,App_Bug,Medium,Email
"Tracking TRK5895978 update nahi ho raha, delivery date cross ho gayi.",Order_Not_Delivered,High,Website
Login karte hi something went wrong error aa raha hai.,App_Bug,Low,Call
Return approve hua but pickup schedule nahi ho raha. Invoice INV201690. Seller bhi reply nahi kar raha.,Refund_Return,Medium,Website
Express delivery li thi fir bhi delay hua.,Late_Delivery,High,Email
Login karte hi something went wrong error aa raha hai.,App_Bug,Medium,Call
3 baar complaint ki but koi proper response nahi mila.,Customer_Service,High,Call
App crash ho rahi hai payment ke time. Ref TRK8014552.,App_Bug,Medium,Website
App crash ho rahi hai payment ke time. Ref TRK7858110. App me tracking bhi galat show ho rahi hai.,App_Bug,Medium,Email
"Tracking TRK9578785 update nahi ho raha, delivery date cross ho gayi.",Order_Not_Delivered,Low,Website
Invoice me extra charge add ho gaya. Order ORD438400. App me tracking bhi galat show ho rahi hai.,Billing_Invoice,Medium,Call
UPI payment deduct ho gaya par order place nahi hua. Txn TXN24919279.,Payment_Issue,Low,Website
Seller ne fake product bhej diya aur return bhi reject kar diya. Order ORD107217.,Seller_Fraud,Low,App
Screen cracked thi delivery ke time.,Damaged_Product,Medium,Call
Invoice me extra charge add ho gaya. Order ORD407194.,Billing_Invoice,Low,Call
Invoice me extra charge add ho gaya. Order ORD208656.,Billing_Invoice,High,Website
3 baar complaint ki but koi proper response nahi mila. Refund bhi abhi tak process nahi hua.,Customer_Service,Medium,App
Discount apply hua tha par final bill me reflect nahi hua. App me tracking bhi galat show ho rahi hai.,Billing_Invoice,High,Call
Login karte hi something went wrong error aa raha hai.,App_Bug,High,Email
Completely different product receive hua.,Wrong_Product,High,Email
Seller ne fake product bhej diya aur return bhi reject kar diya. Order ORD253643. Support ko contact kiya but koi update nahi.,Seller_Fraud,Medium,Website
Completely different product receive hua.,Wrong_Product,Low,Email
Login karte hi something went wrong error aa raha hai. App me tracking bhi galat show ho rahi hai.,App_Bug,High,Call
"Order ORD458997 ko 5 din ho gaye, status out for delivery pe hi atka hai, parcel abhi tak nahi mila. Seller bhi reply nahi kar raha.",Order_Not_Delivered,Medium,Email
"Maine headphones order kiye the, wallet deliver kar diya. Order ORD980779.",Wrong_Product,High,App
UPI payment deduct ho gaya par order place nahi hua. Txn TXN82172776.,Payment_Issue,High,Website
Seller ne fake product bhej diya aur return bhi reject kar diya. Order ORD823201. Refund bhi abhi tak process nahi hua.,Seller_Fraud,Medium,App
Box kholte hi product broken nikla. Order ORD238987. App me tracking bhi galat show ho rahi hai.,Damaged_Product,Medium,App
Customer support sirf ticket close kar raha hai without solution. Ref ORD305967.,Customer_Service,High,Website
Completely different product receive hua.,Wrong_Product,Medium,Website
Completely different product receive hua. Support ko contact kiya but koi update nahi.,Wrong_Product,High,Call
Completely different product receive hua.,Wrong_Product,Medium,Call
"Order ORD611265 ko 9 din ho gaye, status out for delivery pe hi atka hai, parcel abhi tak nahi mila.",Order_Not_Delivered,High,Call
App crash ho rahi hai payment ke time. Ref TRK6745050. Seller bhi reply nahi kar raha.,App_Bug,Medium,Website
3 baar complaint ki but koi proper response nahi mila.,Customer_Service,Medium,Website
Customer support sirf ticket close kar raha hai without solution. Ref ORD903625.,Customer_Service,High,Call
Login karte hi something went wrong error aa raha hai.,App_Bug,Medium,Email
Original bola tha lekin duplicate nikla. Seller response bhi nahi de raha.,Seller_Fraud,Medium,Call
"Tracking TRK7858320 update nahi ho raha, delivery date cross ho gayi.",Order_Not_Delivered,Medium,App
Box kholte hi product broken nikla. Order ORD318742.,Damaged_Product,Medium,Email
"Maine headphones order kiye the, wallet deliver kar diya. Order ORD936212.",Wrong_Product,High,Website
Original bola tha lekin duplicate nikla. Seller response bhi nahi de raha.,Seller_Fraud,Low,Call
3 baar complaint ki but koi proper response nahi mila. Refund bhi abhi tak process nahi hua.,Customer_Service,High,Email
"Order ORD886249 ko 4 din ho gaye, status out for delivery pe hi atka hai, parcel abhi tak nahi mila.",Order_Not_Delivered,Medium,Website
Completely different product receive hua. Refund bhi abhi tak process nahi hua.,Wrong_Product,Medium,Website
Box kholte hi product broken nikla. Order ORD924076.,Damaged_Product,High,Email
Discount apply hua tha par final bill me reflect nahi hua.,Billing_Invoice,Low,Website
"Tracking TRK7648944 update nahi ho raha, delivery date cross ho gayi.",Order_Not_Delivered,High,Email
"Tracking TRK9459266 update nahi ho raha, delivery date cross ho gayi.",Order_Not_Delivered,Medium,App
Box kholte hi product broken nikla. Order ORD685410.,Damaged_Product,High,Call
App crash ho rahi hai payment ke time. Ref TRK2226138.,App_Bug,Low,Website
App crash ho rahi hai payment ke time. Ref TRK6701061.,App_Bug,High,Email
"Tracking TRK1143242 update nahi ho raha, delivery date cross ho gayi. Support ko contact kiya but koi update nahi.",Order_Not_Delivered,Medium,Email
"Maine headphones order kiye the, wallet deliver kar diya. Order ORD907327. Support ko contact kiya but koi update nahi.",Wrong_Product,High,Website
"Order ORD917326 ko 3 din ho gaye, status out for delivery pe hi atka hai, parcel abhi tak nahi mila.",Order_Not_Delivered,High,Website
App crash ho rahi hai payment ke time. Ref TRK3739533.,App_Bug,High,Email
"Tracking TRK7293367 update nahi ho raha, delivery date cross ho gayi.",Order_Not_Delivered,Medium,Call
Original bola tha lekin duplicate nikla. Seller response bhi nahi de raha.,Seller_Fraud,Medium,App
Seller ne fake product bhej diya aur return bhi reject kar diya. Order ORD226204.,Seller_Fraud,High,Website
Seller ne fake product bhej diya aur return bhi reject kar diya. Order ORD938641.,Seller_Fraud,Low,App
"Tracking TRK2678829 update nahi ho raha, delivery date cross ho gayi.",Order_Not_Delivered,High,Email
Seller ne fake product bhej diya aur return bhi reject kar diya. Order ORD782028.,Seller_Fraud,Low,App
Seller ne fake product bhej diya aur return bhi reject kar diya. Order ORD285973. App me tracking bhi galat show ho rahi hai.,Seller_Fraud,Medium,App
"Maine headphones order kiye the, wallet deliver kar diya. Order ORD875788.",Wrong_Product,High,Website
Return approve hua but pickup schedule nahi ho raha. Invoice INV482801. Support ko contact kiya but koi update nahi.,Refund_Return,High,Email
Refund 10 din se pending hai. App me tracking bhi galat show ho rahi hai.,Refund_Return,High,Website
Return approve hua but pickup schedule nahi ho raha. Invoice INV899541. Seller bhi reply nahi kar raha.,Refund_Return,High,Website
"Order ORD217871 ko 10 din ho gaye, status out for delivery pe hi atka hai, parcel abhi tak nahi mila.",Order_Not_Delivered,Low,App
3 baar complaint ki but koi proper response nahi mila.,Customer_Service,Medium,App
Invoice me extra charge add ho gaya. Order ORD231945. Seller bhi reply nahi kar raha.,Billing_Invoice,Medium,Call
Customer support sirf ticket close kar raha hai without solution. Ref ORD361912.,Customer_Service,Medium,Call
Login karte hi something went wrong error aa raha hai.,App_Bug,Medium,App
Screen cracked thi delivery ke time. Seller bhi reply nahi kar raha.,Damaged_Product,Medium,Website
Original bola tha lekin duplicate nikla. Seller response bhi nahi de raha.,Seller_Fraud,Medium,Call
Invoice me extra charge add ho gaya. Order ORD575207.,Billing_Invoice,Medium,Email
Customer support sirf ticket close kar raha hai without solution. Ref ORD367685.,Customer_Service,High,Email
Screen cracked thi delivery ke time.,Damaged_Product,High,Website
UPI payment deduct ho gaya par order place nahi hua. Txn TXN56657336.,Payment_Issue,Medium,App
UPI payment deduct ho gaya par order place nahi hua. Txn TXN29019782. Seller bhi reply nahi kar raha.,Payment_Issue,High,Email
"Maine headphones order kiye the, wallet deliver kar diya. Order ORD690225.",Wrong_Product,High,Website
Invoice me extra charge add ho gaya. Order ORD813447. Support ko contact kiya but koi update nahi.,Billing_Invoice,Medium,Call
Express delivery li thi fir bhi delay hua.,Late_Delivery,Low,Call
3 baar complaint ki but koi proper response nahi mila.,Customer_Service,Low,App
"Tracking TRK3412422 update nahi ho raha, delivery date cross ho gayi.",Order_Not_Delivered,High,Call
Invoice me extra charge add ho gaya. Order ORD360647. App me tracking bhi galat show ho rahi hai.,Billing_Invoice,High,Website
Seller ne fake product bhej diya aur return bhi reject kar diya. Order ORD804892.,Seller_Fraud,Medium,App
Screen cracked thi delivery ke time.,Damaged_Product,Medium,App
Express delivery li thi fir bhi delay hua.,Late_Delivery,High,Website
Express delivery li thi fir bhi delay hua. Refund bhi abhi tak process nahi hua.,Late_Delivery,High,Call
Express delivery li thi fir bhi delay hua.,Late_Delivery,Medium,Email
Login karte hi something went wrong error aa raha hai. App me tracking bhi galat show ho rahi hai.,App_Bug,High,Call
Original bola tha lekin duplicate nikla. Seller response bhi nahi de raha.,Seller_Fraud,Medium,Call
"Order ORD719019 ko 3 din ho gaye, status out for delivery pe hi atka hai, parcel abhi tak nahi mila.",Order_Not_Delivered,High,Call
Box kholte hi product broken nikla. Order ORD464175.,Damaged_Product,High,Call
Screen cracked thi delivery ke time. Refund bhi abhi tak process nahi hua.,Damaged_Product,High,Call
Screen cracked thi delivery ke time.,Damaged_Product,High,Call
Screen cracked thi delivery ke time.,Damaged_Product,Low,Email
Screen cracked thi delivery ke time.,Damaged_Product,Medium,Website
3 baar complaint ki but koi proper response nahi mila.,Customer_Service,Medium,Call
Original bola tha lekin duplicate nikla. Seller response bhi nahi de raha.,Seller_Fraud,Low,Email
"Order ORD710110 ko 10 din ho gaye, status out for delivery pe hi atka hai, parcel abhi tak nahi mila. Support ko contact kiya but koi update nahi.",Order_Not_Delivered,High,App
Seller ne fake product bhej diya aur return bhi reject kar diya. Order ORD846235.,Seller_Fraud,Medium,Call
Original bola tha lekin duplicate nikla. Seller response bhi nahi de raha.,Seller_Fraud,High,App
Seller ne fake product bhej diya aur return bhi reject kar diya. Order ORD799946.,Seller_Fraud,Low,Website
Express delivery li thi fir bhi delay hua. Seller bhi reply nahi kar raha.,Late_Delivery,Low,Call
Express delivery li thi fir bhi delay hua.,Late_Delivery,Medium,Call
Screen cracked thi delivery ke time.,Damaged_Product,Low,Email
"Maine headphones order kiye the, wallet deliver kar diya. Order ORD826871.",Wrong_Product,High,Call
"Maine headphones order kiye the, wallet deliver kar diya. Order ORD946466.",Wrong_Product,Medium,Website
Invoice me extra charge add ho gaya. Order ORD582595. Support ko contact kiya but koi update nahi.,Billing_Invoice,High,Call
"Maine headphones order kiye the, wallet deliver kar diya. Order ORD464488.",Wrong_Product,High,Email
"Maine headphones order kiye the, wallet deliver kar diya. Order ORD848276. App me tracking bhi galat show ho rahi hai.",Wrong_Product,High,Email
3 baar complaint ki but koi proper response nahi mila.,Customer_Service,High,App
Box kholte hi product broken nikla. Order ORD743668.,Damaged_Product,High,Website
Promised date se 7 din late deliver hua. App me tracking bhi galat show ho rahi hai.,Late_Delivery,Medium,Call
Screen cracked thi delivery ke time. Refund bhi abhi tak process nahi hua.,Damaged_Product,High,Call
Express delivery li thi fir bhi delay hua. Seller bhi reply nahi kar raha.,Late_Delivery,High,App
"Maine headphones order kiye the, wallet deliver kar diya. Order ORD735604.",Wrong_Product,High,App
"Tracking TRK1463949 update nahi ho raha, delivery date cross ho gayi.",Order_Not_Delivered,High,Website
Original bola tha lekin duplicate nikla. Seller response bhi nahi de raha.,Seller_Fraud,Low,Email
Completely different product receive hua. Seller bhi reply nahi kar raha.,Wrong_Product,Low,App
Screen cracked thi delivery ke time.,Damaged_Product,Low,Call
Seller ne fake product bhej diya aur return bhi reject kar diya. Order ORD742978.,Seller_Fraud,Medium,App
App crash ho rahi hai payment ke time. Ref TRK5130922.,App_Bug,Medium,Call
"Order ORD603760 ko 3 din ho gaye, status out for delivery pe hi atka hai, parcel abhi tak nahi mila.",Order_Not_Delivered,High,Call
Box kholte hi product broken nikla. Order ORD396287. App me tracking bhi galat show ho rahi hai.,Damaged_Product,High,Call
"Order ORD615101 ko 9 din ho gaye, status out for delivery pe hi atka hai, parcel abhi tak nahi mila.",Order_Not_Delivered,High,Email
Box kholte hi product broken nikla. Order ORD653176.,Damaged_Product,Medium,Website
App crash ho rahi hai payment ke time. Ref TRK1469143. Seller bhi reply nahi kar raha.,App_Bug,Medium,Call
Box kholte hi product broken nikla. Order ORD633458. Support ko contact kiya but koi update nahi.,Damaged_Product,Low,Email
"Order ORD619333 ko 11 din ho gaye, status out for delivery pe hi atka hai, parcel abhi tak nahi mila. App me tracking bhi galat show ho rahi hai.",Order_Not_Delivered,High,App
Return approve hua but pickup schedule nahi ho raha. Invoice INV285658.,Refund_Return,Medium,App
Seller ne fake product bhej diya aur return bhi reject kar diya. Order ORD751966.,Seller_Fraud,Low,Email
Invoice me extra charge add ho gaya. Order ORD536089.,Billing_Invoice,Medium,App
Login karte hi something went wrong error aa raha hai. Seller bhi reply nahi kar raha.,App_Bug,High,Call
"Tracking TRK5303341 update nahi ho raha, delivery date cross ho gayi.",Order_Not_Delivered,High,Email
"Order ORD514089 ko 9 din ho gaye, status out for delivery pe hi atka hai, parcel abhi tak nahi mila. Seller bhi reply nahi kar raha.",Order_Not_Delivered,Medium,App
"Order ORD973563 ko 3 din ho gaye, status out for delivery pe hi atka hai, parcel abhi tak nahi mila. Refund bhi abhi tak process nahi hua.",Order_Not_Delivered,High,Website
Invoice me extra charge add ho gaya. Order ORD795076.,Billing_Invoice,High,App
Amount debit hua lekin confirmation nahi aaya.,Payment_Issue,High,Call
Original bola tha lekin duplicate nikla. Seller response bhi nahi de raha. App me tracking bhi galat show ho rahi hai.,Seller_Fraud,High,Call
"Order ORD730886 ko 4 din ho gaye, status out for delivery pe hi atka hai, parcel abhi tak nahi mila. Refund bhi abhi tak process nahi hua.",Order_Not_Delivered,High,App
Invoice me extra charge add ho gaya. Order ORD748634. Seller bhi reply nahi kar raha.,Billing_Invoice,Medium,App
Invoice me extra charge add ho gaya. Order ORD953232.,Billing_Invoice,Medium,App
"Maine headphones order kiye the, wallet deliver kar diya. Order ORD120754. App me tracking bhi galat show ho rahi hai.",Wrong_Product,Medium,Website
Login karte hi something went wrong error aa raha hai.,App_Bug,High,Website
Customer support sirf ticket close kar raha hai without solution. Ref ORD507321.,Customer_Service,High,App
Invoice me extra charge add ho gaya. Order ORD521769. App me tracking bhi galat show ho rahi hai.,Billing_Invoice,High,Call
Discount apply hua tha par final bill me reflect nahi hua.,Billing_Invoice,High,Website
Seller ne fake product bhej diya aur return bhi reject kar diya. Order ORD695996.,Seller_Fraud,Medium,Call
Discount apply hua tha par final bill me reflect nahi hua.,Billing_Invoice,Medium,Call
"Order ORD454086 ko 10 din ho gaye, status out for delivery pe hi atka hai, parcel abhi tak nahi mila.",Order_Not_Delivered,Low,App
Login karte hi something went wrong error aa raha hai.,App_Bug,Medium,Website
Original bola tha lekin duplicate nikla. Seller response bhi nahi de raha.,Seller_Fraud,Low,App
App crash ho rahi hai payment ke time. Ref TRK1360140.,App_Bug,High,Email
Seller ne fake product bhej diya aur return bhi reject kar diya. Order ORD323359.,Seller_Fraud,High,Call
Invoice me extra charge add ho gaya. Order ORD403815.,Billing_Invoice,High,Call
"Tracking TRK8878038 update nahi ho raha, delivery date cross ho gayi.",Order_Not_Delivered,Medium,Website
Return approve hua but pickup schedule nahi ho raha. Invoice INV242185.,Refund_Return,High,App
Completely different product receive hua.,Wrong_Product,Medium,Email
Amount debit hua lekin confirmation nahi aaya.,Payment_Issue,Low,App
UPI payment deduct ho gaya par order place nahi hua. Txn TXN21149828.,Payment_Issue,Medium,App
Login karte hi something went wrong error aa raha hai.,App_Bug,Low,App
"Maine headphones order kiye the, wallet deliver kar diya. Order ORD154537.",Wrong_Product,High,App
3 baar complaint ki but koi proper response nahi mila. Seller bhi reply nahi kar raha.,Customer_Service,Medium,App
Customer support sirf ticket close kar raha hai without solution. Ref ORD592957. App me tracking bhi galat show ho rahi hai.,Customer_Service,High,Call
Discount apply hua tha par final bill me reflect nahi hua. Refund bhi abhi tak process nahi hua.,Billing_Invoice,High,Call
Return approve hua but pickup schedule nahi ho raha. Invoice INV633506.,Refund_Return,Medium,App
Seller ne fake product bhej diya aur return bhi reject kar diya. Order ORD491526.,Seller_Fraud,Low,App
Screen cracked thi delivery ke time.,Damaged_Product,Low,Email
Box kholte hi product broken nikla. Order ORD742321.,Damaged_Product,Low,Website
"Order ORD104027 ko 5 din ho gaye, status out for delivery pe hi atka hai, parcel abhi tak nahi mila. Seller bhi reply nahi kar raha.",Order_Not_Delivered,High,Website
Invoice me extra charge add ho gaya. Order ORD842640. Seller bhi reply nahi kar raha.,Billing_Invoice,Medium,App
"Order ORD376049 ko 5 din ho gaye, status out for delivery pe hi atka hai, parcel abhi tak nahi mila.",Order_Not_Delivered,Medium,App
Original bola tha lekin duplicate nikla. Seller response bhi nahi de raha.,Seller_Fraud,High,Call
Completely different product receive hua.,Wrong_Product,Medium,Email
Customer support sirf ticket close kar raha hai without solution. Ref ORD167793.,Customer_Service,High,Call
"Tracking TRK2480282 update nahi ho raha, delivery date cross ho gayi.",Order_Not_Delivered,Medium,App
Completely different product receive hua.,Wrong_Product,Medium,Email
"Maine headphones order kiye the, wallet deliver kar diya. Order ORD339192.",Wrong_Product,Medium,Call
Discount apply hua tha par final bill me reflect nahi hua.,Billing_Invoice,Low,Email
Invoice me extra charge add ho gaya. Order ORD518820.,Billing_Invoice,High,Website
Seller ne fake product bhej diya aur return bhi reject kar diya. Order ORD510299. App me tracking bhi galat show ho rahi hai.,Seller_Fraud,High,Email
Express delivery li thi fir bhi delay hua.,Late_Delivery,Low,Website
"Maine headphones order kiye the, wallet deliver kar diya. Order ORD470534.",Wrong_Product,High,Call
Screen cracked thi delivery ke time.,Damaged_Product,High,Call
App crash ho rahi hai payment ke time. Ref TRK5729448.,App_Bug,Low,App
"Tracking TRK5129038 update nahi ho raha, delivery date cross ho gayi.",Order_Not_Delivered,Low,Call
Screen cracked thi delivery ke time.,Damaged_Product,Medium,Website
App crash ho rahi hai payment ke time. Ref TRK5179188.,App_Bug,High,App
Invoice me extra charge add ho gaya. Order ORD753899.,Billing_Invoice,Low,Email
"Tracking TRK4241051 update nahi ho raha, delivery date cross ho gayi.",Order_Not_Delivered,Medium,Call
Seller ne fake product bhej diya aur return bhi reject kar diya. Order ORD443109.,Seller_Fraud,Medium,Email
Discount apply hua tha par final bill me reflect nahi hua.,Billing_Invoice,Medium,App
Customer support sirf ticket close kar raha hai without solution. Ref ORD871222. App me tracking bhi galat show ho rahi hai.,Customer_Service,High,App
Customer support sirf ticket close kar raha hai without solution. Ref ORD251057.,Customer_Service,High,Email
Invoice me extra charge add ho gaya. Order ORD568383.,Billing_Invoice,High,Email
Invoice me extra charge add ho gaya. Order ORD840605. Seller bhi reply nahi kar raha.,Billing_Invoice,High,Email
Completely different product receive hua. App me tracking bhi galat show ho rahi hai.,Wrong_Product,Medium,Call
Seller ne fake product bhej diya aur return bhi reject kar diya. Order ORD774885. Seller bhi reply nahi kar raha.,Seller_Fraud,Medium,Website
"Maine headphones order kiye the, wallet deliver kar diya. Order ORD246707.",Wrong_Product,High,Email
Amount debit hua lekin confirmation nahi aaya.,Payment_Issue,High,Call
Login karte hi something went wrong error aa raha hai.,App_Bug,High,Email
Seller ne fake product bhej diya aur return bhi reject kar diya. Order ORD776078.,Seller_Fraud,High,Website
UPI payment deduct ho gaya par order place nahi hua. Txn TXN62012760.,Payment_Issue,High,Email
Completely different product receive hua. Support ko contact kiya but koi update nahi.,Wrong_Product,Medium,App
Customer support sirf ticket close kar raha hai without solution. Ref ORD709834. Seller bhi reply nahi kar raha.,Customer_Service,Low,Email
3 baar complaint ki but koi proper response nahi mila. Support ko contact kiya but koi update nahi.,Customer_Service,High,Email
Discount apply hua tha par final bill me reflect nahi hua.,Billing_Invoice,Medium,Website
Seller ne fake product bhej diya aur return bhi reject kar diya. Order ORD506272.,Seller_Fraud,Medium,Email
Promised date se 2 din late deliver hua.,Late_Delivery,High,Email
Seller ne fake product bhej diya aur return bhi reject kar diya. Order ORD424955. App me tracking bhi galat show ho rahi hai.,Seller_Fraud,Medium,Call
UPI payment deduct ho gaya par order place nahi hua. Txn TXN90093137.,Payment_Issue,Medium,Website
"Order ORD100283 ko 2 din ho gaye, status out for delivery pe hi atka hai, parcel abhi tak nahi mila.",Order_Not_Delivered,Low,Email
Invoice me extra charge add ho gaya. Order ORD201955. App me tracking bhi galat show ho rahi hai.,Billing_Invoice,Medium,Email
"Tracking TRK1375717 update nahi ho raha, delivery date cross ho gayi.",Order_Not_Delivered,High,Website
"Order ORD599651 ko 3 din ho gaye, status out for delivery pe hi atka hai, parcel abhi tak nahi mila.",Order_Not_Delivered,Medium,Email
3 baar complaint ki but koi proper response nahi mila.,Customer_Service,High,Call
Discount apply hua tha par final bill me reflect nahi hua.,Billing_Invoice,Low,Email
Login karte hi something went wrong error aa raha hai. App me tracking bhi galat show ho rahi hai.,App_Bug,Medium,App
Express delivery li thi fir bhi delay hua. Seller bhi reply nahi kar raha.,Late_Delivery,Medium,Call
Box kholte hi product broken nikla. Order ORD491399. Refund bhi abhi tak process nahi hua.,Damaged_Product,High,Call
Discount apply hua tha par final bill me reflect nahi hua.,Billing_Invoice,High,Call
"Tracking TRK6583525 update nahi ho raha, delivery date cross ho gayi.",Order_Not_Delivered,Medium,Website
Refund 10 din se pending hai.,Refund_Return,Medium,Website
UPI payment deduct ho gaya par order place nahi hua. Txn TXN66234015.,Payment_Issue,Medium,App
Completely different product receive hua.,Wrong_Product,High,App
3 baar complaint ki but koi proper response nahi mila. Refund bhi abhi tak process nahi hua.,Customer_Service,Medium,App
Original bola tha lekin duplicate nikla. Seller response bhi nahi de raha.,Seller_Fraud,Medium,App
Login karte hi something went wrong error aa raha hai.,App_Bug,Low,Website
"Order ORD410152 ko 12 din ho gaye, status out for delivery pe hi atka hai, parcel abhi tak nahi mila. Refund bhi abhi tak process nahi hua.",Order_Not_Delivered,Medium,App
Discount apply hua tha par final bill me reflect nahi hua.,Billing_Invoice,High,Email
Discount apply hua tha par final bill me reflect nahi hua.,Billing_Invoice,High,Email
Login karte hi something went wrong error aa raha hai.,App_Bug,Low,Call
Amount debit hua lekin confirmation nahi aaya. Seller bhi reply nahi kar raha.,Payment_Issue,High,App
Discount apply hua tha par final bill me reflect nahi hua.,Billing_Invoice,Medium,Call
Original bola tha lekin duplicate nikla. Seller response bhi nahi de raha.,Seller_Fraud,Medium,Call
"Order ORD585679 ko 8 din ho gaye, status out for delivery pe hi atka hai, parcel abhi tak nahi mila.",Order_Not_Delivered,Medium,App
Customer support sirf ticket close kar raha hai without solution. Ref ORD832133. Support ko contact kiya but koi update nahi.,Customer_Service,High,Email
Invoice me extra charge add ho gaya. Order ORD978050. App me tracking bhi galat show ho rahi hai.,Billing_Invoice,Medium,Website
Box kholte hi product broken nikla. Order ORD416960.,Damaged_Product,Medium,Call
Box kholte hi product broken nikla. Order ORD206470.,Damaged_Product,High,Email
Screen cracked thi delivery ke time.,Damaged_Product,High,App
3 baar complaint ki but koi proper response nahi mila.,Customer_Service,High,Website
Return approve hua but pickup schedule nahi ho raha. Invoice INV269864. Support ko contact kiya but koi update nahi.,Refund_Return,Medium,Email
Completely different product receive hua.,Wrong_Product,High,Website
3 baar complaint ki but koi proper response nahi mila. Refund bhi abhi tak process nahi hua.,Customer_Service,Medium,App
Customer support sirf ticket close kar raha hai without solution. Ref ORD435050.,Customer_Service,Medium,Website
"Tracking TRK2189815 update nahi ho raha, delivery date cross ho gayi.",Order_Not_Delivered,High,App
Invoice me extra charge add ho gaya. Order ORD693659.,Billing_Invoice,High,Website
Express delivery li thi fir bhi delay hua. Refund bhi abhi tak process nahi hua.,Late_Delivery,High,Website
Box kholte hi product broken nikla. Order ORD602651. Refund bhi abhi tak process nahi hua.,Damaged_Product,Medium,App
Invoice me extra charge add ho gaya. Order ORD537588.,Billing_Invoice,High,Email
Discount apply hua tha par final bill me reflect nahi hua.,Billing_Invoice,High,Call
Completely different product receive hua.,Wrong_Product,Low,App
3 baar complaint ki but koi proper response nahi mila.,Customer_Service,Low,Website
Completely different product receive hua.,Wrong_Product,High,Call
App crash ho rahi hai payment ke time. Ref TRK3336691.,App_Bug,High,Email
Original bola tha lekin duplicate nikla. Seller response bhi nahi de raha.,Seller_Fraud,High,Email
Original bola tha lekin duplicate nikla. Seller response bhi nahi de raha.,Seller_Fraud,Medium,Email
Seller ne fake product bhej diya aur return bhi reject kar diya. Order ORD364802. Support ko contact kiya but koi update nahi.,Seller_Fraud,Medium,Email
Refund 10 din se pending hai. Seller bhi reply nahi kar raha.,Refund_Return,Low,Call
Completely different product receive hua. Refund bhi abhi tak process nahi hua.,Wrong_Product,Medium,App
"Order ORD390828 ko 6 din ho gaye, status out for delivery pe hi atka hai, parcel abhi tak nahi mila. Seller bhi reply nahi kar raha.",Order_Not_Delivered,Low,Call
Seller ne fake product bhej diya aur return bhi reject kar diya. Order ORD110334. Support ko contact kiya but koi update nahi.,Seller_Fraud,High,Email
Refund 10 din se pending hai.,Refund_Return,Medium,Website
Screen cracked thi delivery ke time.,Damaged_Product,Low,Email
Box kholte hi product broken nikla. Order ORD200331. Support ko contact kiya but koi update nahi.,Damaged_Product,Low,Website
Customer support sirf ticket close kar raha hai without solution. Ref ORD350369.,Customer_Service,Medium,Website
"Order ORD528379 ko 8 din ho gaye, status out for delivery pe hi atka hai, parcel abhi tak nahi mila.",Order_Not_Delivered,Medium,App
Completely different product receive hua.,Wrong_Product,Medium,Call
Promised date se 11 din late deliver hua.,Late_Delivery,Medium,Website
Box kholte hi product broken nikla. Order ORD328514. Refund bhi abhi tak process nahi hua.,Damaged_Product,Low,Call
Completely different product receive hua.,Wrong_Product,High,Email
Customer support sirf ticket close kar raha hai without solution. Ref ORD614806. Refund bhi abhi tak process nahi hua.,Customer_Service,High,Email
3 baar complaint ki but koi proper response nahi mila.,Customer_Service,Medium,Website
Express delivery li thi fir bhi delay hua.,Late_Delivery,High,App
3 baar complaint ki but koi proper response nahi mila. Support ko contact kiya but koi update nahi.,Customer_Service,High,Email
Seller ne fake product bhej diya aur return bhi reject kar diya. Order ORD343076.,Seller_Fraud,Medium,Website
3 baar complaint ki but koi proper response nahi mila.,Customer_Service,High,App
Customer support sirf ticket close kar raha hai without solution. Ref ORD659890.,Customer_Service,Medium,Website
"Maine headphones order kiye the, wallet deliver kar diya. Order ORD357579.",Wrong_Product,High,App
Invoice me extra charge add ho gaya. Order ORD150692.,Billing_Invoice,Medium,Email
Discount apply hua tha par final bill me reflect nahi hua.,Billing_Invoice,Medium,App
UPI payment deduct ho gaya par order place nahi hua. Txn TXN80986823.,Payment_Issue,High,Call
Refund 10 din se pending hai.,Refund_Return,Medium,Email
Completely different product receive hua.,Wrong_Product,High,Email
Promised date se 6 din late deliver hua.,Late_Delivery,High,Website
Box kholte hi product broken nikla. Order ORD556694.,Damaged_Product,High,Website
Seller ne fake product bhej diya aur return bhi reject kar diya. Order ORD560352.,Seller_Fraud,High,Website
Discount apply hua tha par final bill me reflect nahi hua. Seller bhi reply nahi kar raha.,Billing_Invoice,High,Call
Refund 10 din se pending hai.,Refund_Return,Low,Call
"Tracking TRK6206670 update nahi ho raha, delivery date cross ho gayi.",Order_Not_Delivered,High,Email
"Order ORD761310 ko 9 din ho gaye, status out for delivery pe hi atka hai, parcel abhi tak nahi mila.",Order_Not_Delivered,Medium,Call
3 baar complaint ki but koi proper response nahi mila. App me tracking bhi galat show ho rahi hai.,Customer_Service,Medium,Call
Box kholte hi product broken nikla. Order ORD798687.,Damaged_Product,Medium,Email
Seller ne fake product bhej diya aur return bhi reject kar diya. Order ORD197716. Refund bhi abhi tak process nahi hua.,Seller_Fraud,High,Website
Seller ne fake product bhej diya aur return bhi reject kar diya. Order ORD537873. Support ko contact kiya but koi update nahi.,Seller_Fraud,High,App
Seller ne fake product bhej diya aur return bhi reject kar diya. Order ORD378404.,Seller_Fraud,Low,Call
"Tracking TRK6750174 update nahi ho raha, delivery date cross ho gayi.",Order_Not_Delivered,High,Email
Login karte hi something went wrong error aa raha hai.,App_Bug,Medium,Website
Seller ne fake product bhej diya aur return bhi reject kar diya. Order ORD554949.,Seller_Fraud,Low,Call
"Tracking TRK5322520 update nahi ho raha, delivery date cross ho gayi. Support ko contact kiya but koi update nahi.",Order_Not_Delivered,Low,Website
Invoice me extra charge add ho gaya. Order ORD203386.,Billing_Invoice,High,App
Original bola tha lekin duplicate nikla. Seller response bhi nahi de raha.,Seller_Fraud,Medium,Website
Invoice me extra charge add ho gaya. Order ORD449999.,Billing_Invoice,Low,Call
Completely different product receive hua.,Wrong_Product,High,Email
"Maine headphones order kiye the, wallet deliver kar diya. Order ORD205549.",Wrong_Product,Medium,App
Return approve hua but pickup schedule nahi ho raha. Invoice INV594097. Refund bhi abhi tak process nahi hua.,Refund_Return,Medium,Email
App crash ho rahi hai payment ke time. Ref TRK3771957. Seller bhi reply nahi kar raha.,App_Bug,Low,App
Box kholte hi product broken nikla. Order ORD927895. Refund bhi abhi tak process nahi hua.,Damaged_Product,Medium,App
Express delivery li thi fir bhi delay hua. Seller bhi reply nahi kar raha.,Late_Delivery,Medium,Website
App crash ho rahi hai payment ke time. Ref TRK6681731.,App_Bug,High,Email
3 baar complaint ki but koi proper response nahi mila.,Customer_Service,High,Website
App crash ho rahi hai payment ke time. Ref TRK1985629. App me tracking bhi galat show ho rahi hai.,App_Bug,High,App
3 baar complaint ki but koi proper response nahi mila.,Customer_Service,High,Email
Return approve hua but pickup schedule nahi ho raha. Invoice INV481901. Seller bhi reply nahi kar raha.,Refund_Return,High,Email
Discount apply hua tha par final bill me reflect nahi hua. Refund bhi abhi tak process nahi hua.,Billing_Invoice,Medium,Call
App crash ho rahi hai payment ke time. Ref TRK3754468.,App_Bug,Low,Website
"Order ORD351682 ko 6 din ho gaye, status out for delivery pe hi atka hai, parcel abhi tak nahi mila.",Order_Not_Delivered,Medium,Call
"Order ORD762215 ko 11 din ho gaye, status out for delivery pe hi atka hai, parcel abhi tak nahi mila.",Order_Not_Delivered,High,Call
Box kholte hi product broken nikla. Order ORD321314. App me tracking bhi galat show ho rahi hai.,Damaged_Product,Low,Website
Invoice me extra charge add ho gaya. Order ORD577052. Seller bhi reply nahi kar raha.,Billing_Invoice,High,App
Discount apply hua tha par final bill me reflect nahi hua.,Billing_Invoice,High,App
Screen cracked thi delivery ke time. App me tracking bhi galat show ho rahi hai.,Damaged_Product,High,App
Invoice me extra charge add ho gaya. Order ORD941368. Refund bhi abhi tak process nahi hua.,Billing_Invoice,Medium,App
"Maine headphones order kiye the, wallet deliver kar diya. Order ORD660033.",Wrong_Product,High,Email
Seller ne fake product bhej diya aur return bhi reject kar diya. Order ORD114901. App me tracking bhi galat show ho rahi hai.,Seller_Fraud,High,Website
Refund 10 din se pending hai. App me tracking bhi galat show ho rahi hai.,Refund_Return,High,Website
3 baar complaint ki but koi proper response nahi mila.,Customer_Service,High,Website
"Tracking TRK2902045 update nahi ho raha, delivery date cross ho gayi. App me tracking bhi galat show ho rahi hai.",Order_Not_Delivered,Medium,Call
Login karte hi something went wrong error aa raha hai. Support ko contact kiya but koi update nahi.,App_Bug,Medium,Email
Box kholte hi product broken nikla. Order ORD166514.,Damaged_Product,Medium,Website
Discount apply hua tha par final bill me reflect nahi hua. App me tracking bhi galat show ho rahi hai.,Billing_Invoice,High,Website
Login karte hi something went wrong error aa raha hai.,App_Bug,Medium,Call
Discount apply hua tha par final bill me reflect nahi hua. Refund bhi abhi tak process nahi hua.,Billing_Invoice,High,Email
Login karte hi something went wrong error aa raha hai. Seller bhi reply nahi kar raha.,App_Bug,Medium,App
Completely different product receive hua.,Wrong_Product,Medium,Website
3 baar complaint ki but koi proper response nahi mila.,Customer_Service,Low,Email
Box kholte hi product broken nikla. Order ORD394301.,Damaged_Product,High,Call
3 baar complaint ki but koi proper response nahi mila. Seller bhi reply nahi kar raha.,Customer_Service,Low,App
Customer support sirf ticket close kar raha hai without solution. Ref ORD377033.,Customer_Service,Medium,App
Original bola tha lekin duplicate nikla. Seller response bhi nahi de raha.,Seller_Fraud,Medium,Email
"Tracking TRK1683460 update nahi ho raha, delivery date cross ho gayi.",Order_Not_Delivered,High,App
Seller ne fake product bhej diya aur return bhi reject kar diya. Order ORD716881.,Seller_Fraud,High,App
Customer support sirf ticket close kar raha hai without solution. Ref ORD185992.,Customer_Service,Medium,App
App crash ho rahi hai payment ke time. Ref TRK4664443.,App_Bug,Medium,Website
UPI payment deduct ho gaya par order place nahi hua. Txn TXN87402122.,Payment_Issue,High,Call
Original bola tha lekin duplicate nikla. Seller response bhi nahi de raha.,Seller_Fraud,Medium,Email
Customer support sirf ticket close kar raha hai without solution. Ref ORD841242.,Customer_Service,Low,Call
Completely different product receive hua.,Wrong_Product,Low,Website
Seller ne fake product bhej diya aur return bhi reject kar diya. Order ORD342069.,Seller_Fraud,High,Website
Customer support sirf ticket close kar raha hai without solution. Ref ORD702485.,Customer_Service,High,App
3 baar complaint ki but koi proper response nahi mila.,Customer_Service,High,Call
Discount apply hua tha par final bill me reflect nahi hua. Refund bhi abhi tak process nahi hua.,Billing_Invoice,High,Website
Completely different product receive hua.,Wrong_Product,High,App
Screen cracked thi delivery ke time. Support ko contact kiya but koi update nahi.,Damaged_Product,High,App
Invoice me extra charge add ho gaya. Order ORD714973. Support ko contact kiya but koi update nahi.,Billing_Invoice,Medium,Email
Express delivery li thi fir bhi delay hua.,Late_Delivery,High,Website
Login karte hi something went wrong error aa raha hai. Refund bhi abhi tak process nahi hua.,App_Bug,Medium,App
3 baar complaint ki but koi proper response nahi mila.,Customer_Service,High,Email
Customer support sirf ticket close kar raha hai without solution. Ref ORD894544.,Customer_Service,High,App
3 baar complaint ki but koi proper response nahi mila. Refund bhi abhi tak process nahi hua.,Customer_Service,Medium,Call
3 baar complaint ki but koi proper response nahi mila.,Customer_Service,Medium,Email
"Tracking TRK4292843 update nahi ho raha, delivery date cross ho gayi.",Order_Not_Delivered,High,Website
Completely different product receive hua. Support ko contact kiya but koi update nahi.,Wrong_Product,High,App
Original bola tha lekin duplicate nikla. Seller response bhi nahi de raha.,Seller_Fraud,High,Website
Seller ne fake product bhej diya aur return bhi reject kar diya. Order ORD138394. Refund bhi abhi tak process nahi hua.,Seller_Fraud,Medium,Call
Return approve hua but pickup schedule nahi ho raha. Invoice INV741491.,Refund_Return,Medium,Website
"Tracking TRK3802428 update nahi ho raha, delivery date cross ho gayi.",Order_Not_Delivered,High,Call
Return approve hua but pickup schedule nahi ho raha. Invoice INV711193. App me tracking bhi galat show ho rahi hai.,Refund_Return,Medium,Email
Box kholte hi product broken nikla. Order ORD128206.,Damaged_Product,High,Website
Seller ne fake product bhej diya aur return bhi reject kar diya. Order ORD868019. App me tracking bhi galat show ho rahi hai.,Seller_Fraud,High,Call
Seller ne fake product bhej diya aur return bhi reject kar diya. Order ORD133020.,Seller_Fraud,Low,Email
Express delivery li thi fir bhi delay hua.,Late_Delivery,High,App
Completely different product receive hua. App me tracking bhi galat show ho rahi hai.,Wrong_Product,High,Website
App crash ho rahi hai payment ke time. Ref TRK9728545.,App_Bug,Low,Email
Promised date se 5 din late deliver hua.,Late_Delivery,High,Call
3 baar complaint ki but koi proper response nahi mila.,Customer_Service,High,Call
Return approve hua but pickup schedule nahi ho raha. Invoice INV156405.,Refund_Return,High,Call
Invoice me extra charge add ho gaya. Order ORD155398.,Billing_Invoice,High,App
"Maine headphones order kiye the, wallet deliver kar diya. Order ORD353225. Refund bhi abhi tak process nahi hua.",Wrong_Product,High,Website
Promised date se 4 din late deliver hua.,Late_Delivery,High,App
Completely different product receive hua. Refund bhi abhi tak process nahi hua.,Wrong_Product,Medium,Email
Amount debit hua lekin confirmation nahi aaya.,Payment_Issue,Medium,App
"Order ORD894357 ko 9 din ho gaye, status out for delivery pe hi atka hai, parcel abhi tak nahi mila.",Order_Not_Delivered,High,Email
"Order ORD854162 ko 8 din ho gaye, status out for delivery pe hi atka hai, parcel abhi tak nahi mila.",Order_Not_Delivered,Medium,Email
Screen cracked thi delivery ke time.,Damaged_Product,Medium,Email
"Maine headphones order kiye the, wallet deliver kar diya. Order ORD257891.",Wrong_Product,High,Call
Discount apply hua tha par final bill me reflect nahi hua. Refund bhi abhi tak process nahi hua.,Billing_Invoice,Low,Call
3 baar complaint ki but koi proper response nahi mila.,Customer_Service,High,App
Seller ne fake product bhej diya aur return bhi reject kar diya. Order ORD936449.,Seller_Fraud,High,Email
Screen cracked thi delivery ke time.,Damaged_Product,High,Website
Discount apply hua tha par final bill me reflect nahi hua.,Billing_Invoice,Low,Website
Seller ne fake product bhej diya aur return bhi reject kar diya. Order ORD380819.,Seller_Fraud,High,App
3 baar complaint ki but koi proper response nahi mila.,Customer_Service,High,Website
Invoice me extra charge add ho gaya. Order ORD653985. Seller bhi reply nahi kar raha.,Billing_Invoice,High,Call
Login karte hi something went wrong error aa raha hai.,App_Bug,Medium,Call
Customer support sirf ticket close kar raha hai without solution. Ref ORD354506.,Customer_Service,Low,Call
Original bola tha lekin duplicate nikla. Seller response bhi nahi de raha.,Seller_Fraud,High,Call
Original bola tha lekin duplicate nikla. Seller response bhi nahi de raha.,Seller_Fraud,Medium,Email
Customer support sirf ticket close kar raha hai without solution. Ref ORD408106. App me tracking bhi galat show ho rahi hai.,Customer_Service,High,Email
Promised date se 7 din late deliver hua. Support ko contact kiya but koi update nahi.,Late_Delivery,Medium,Email
Customer support sirf ticket close kar raha hai without solution. Ref ORD588303. Seller bhi reply nahi kar raha.,Customer_Service,Low,Email
Seller ne fake product bhej diya aur return bhi reject kar diya. Order ORD319086.,Seller_Fraud,Low,App
Invoice me extra charge add ho gaya. Order ORD945891. App me tracking bhi galat show ho rahi hai.,Billing_Invoice,Medium,App
"Maine headphones order kiye the, wallet deliver kar diya. Order ORD352807. App me tracking bhi galat show ho rahi hai.",Wrong_Product,Medium,Website
"Tracking TRK1583133 update nahi ho raha, delivery date cross ho gayi.",Order_Not_Delivered,Medium,Call
Screen cracked thi delivery ke time.,Damaged_Product,Medium,App
"Order ORD318841 ko 11 din ho gaye, status out for delivery pe hi atka hai, parcel abhi tak nahi mila. App me tracking bhi galat show ho rahi hai.",Order_Not_Delivered,High,Website
Promised date se 12 din late deliver hua.,Late_Delivery,High,Email
Box kholte hi product broken nikla. Order ORD859984. Refund bhi abhi tak process nahi hua.,Damaged_Product,Medium,Email
Seller ne fake product bhej diya aur return bhi reject kar diya. Order ORD179955.,Seller_Fraud,Medium,Email
"Tracking TRK4881400 update nahi ho raha, delivery date cross ho gayi.",Order_Not_Delivered,High,Website
Screen cracked thi delivery ke time.,Damaged_Product,Medium,App
Original bola tha lekin duplicate nikla. Seller response bhi nahi de raha. Seller bhi reply nahi kar raha.,Seller_Fraud,Medium,Email
Original bola tha lekin duplicate nikla. Seller response bhi nahi de raha. Refund bhi abhi tak process nahi hua.,Seller_Fraud,High,Call
Invoice me extra charge add ho gaya. Order ORD644566.,Billing_Invoice,High,App
Return approve hua but pickup schedule nahi ho raha. Invoice INV478873.,Refund_Return,High,App
Discount apply hua tha par final bill me reflect nahi hua.,Billing_Invoice,Medium,Email
Refund 10 din se pending hai.,Refund_Return,High,Call
Invoice me extra charge add ho gaya. Order ORD751353.,Billing_Invoice,High,Website
Customer support sirf ticket close kar raha hai without solution. Ref ORD932371. App me tracking bhi galat show ho rahi hai.,Customer_Service,Low,Website
Invoice me extra charge add ho gaya. Order ORD345101. Refund bhi abhi tak process nahi hua.,Billing_Invoice,Medium,App
App crash ho rahi hai payment ke time. Ref TRK7178089.,App_Bug,High,Website
Refund 10 din se pending hai.,Refund_Return,Medium,Call
Express delivery li thi fir bhi delay hua. Refund bhi abhi tak process nahi hua.,Late_Delivery,Medium,Website
Seller ne fake product bhej diya aur return bhi reject kar diya. Order ORD408708.,Seller_Fraud,Medium,Website
UPI payment deduct ho gaya par order place nahi hua. Txn TXN39934299.,Payment_Issue,Medium,Call
Invoice me extra charge add ho gaya. Order ORD527629.,Billing_Invoice,High,Call
UPI payment deduct ho gaya par order place nahi hua. Txn TXN38978527.,Payment_Issue,Low,Website
"Maine headphones order kiye the, wallet deliver kar diya. Order ORD441603. Seller bhi reply nahi kar raha.",Wrong_Product,Medium,Email
Express delivery li thi fir bhi delay hua.,Late_Delivery,High,Website
Discount apply hua tha par final bill me reflect nahi hua. App me tracking bhi galat show ho rahi hai.,Billing_Invoice,Medium,Email
Invoice me extra charge add ho gaya. Order ORD969494.,Billing_Invoice,High,Website
Screen cracked thi delivery ke time.,Damaged_Product,Medium,Call
"Maine headphones order kiye the, wallet deliver kar diya. Order ORD716155.",Wrong_Product,High,App
Promised date se 12 din late deliver hua.,Late_Delivery,High,Call
Refund 10 din se pending hai. Seller bhi reply nahi kar raha.,Refund_Return,Medium,Email
Box kholte hi product broken nikla. Order ORD150243.,Damaged_Product,High,Email
App crash ho rahi hai payment ke time. Ref TRK6392076.,App_Bug,Low,Website
Express delivery li thi fir bhi delay hua.,Late_Delivery,High,Email
3 baar complaint ki but koi proper response nahi mila. App me tracking bhi galat show ho rahi hai.,Customer_Service,Low,Call
Screen cracked thi delivery ke time. Seller bhi reply nahi kar raha.,Damaged_Product,Medium,Call
Screen cracked thi delivery ke time. Refund bhi abhi tak process nahi hua.,Damaged_Product,High,Email
"Order ORD308078 ko 3 din ho gaye, status out for delivery pe hi atka hai, parcel abhi tak nahi mila.",Order_Not_Delivered,Low,Email
Customer support sirf ticket close kar raha hai without solution. Ref ORD312460.,Customer_Service,High,App
Seller ne fake product bhej diya aur return bhi reject kar diya. Order ORD810968. Seller bhi reply nahi kar raha.,Seller_Fraud,High,Call
Original bola tha lekin duplicate nikla. Seller response bhi nahi de raha.,Seller_Fraud,High,Website
Seller ne fake product bhej diya aur return bhi reject kar diya. Order ORD800318. Support ko contact kiya but koi update nahi.,Seller_Fraud,Low,Email
"Tracking TRK9560886 update nahi ho raha, delivery date cross ho gayi. Seller bhi reply nahi kar raha.",Order_Not_Delivered,High,Website
App crash ho rahi hai payment ke time. Ref TRK8891969.,App_Bug,Medium,Call
App crash ho rahi hai payment ke time. Ref TRK2261287. App me tracking bhi galat show ho rahi hai.,App_Bug,Low,Website
"Order ORD373781 ko 11 din ho gaye, status out for delivery pe hi atka hai, parcel abhi tak nahi mila.",Order_Not_Delivered,Medium,Call
Screen cracked thi delivery ke time. Seller bhi reply nahi kar raha.,Damaged_Product,Low,Website
Completely different product receive hua.,Wrong_Product,Low,App
Completely different product receive hua.,Wrong_Product,Low,Website
Return approve hua but pickup schedule nahi ho raha. Invoice INV482820.,Refund_Return,High,Website
Original bola tha lekin duplicate nikla. Seller response bhi nahi de raha.,Seller_Fraud,High,Email
Completely different product receive hua.,Wrong_Product,Medium,Website
"Order ORD443295 ko 2 din ho gaye, status out for delivery pe hi atka hai, parcel abhi tak nahi mila.",Order_Not_Delivered,Medium,Email
Original bola tha lekin duplicate nikla. Seller response bhi nahi de raha.,Seller_Fraud,Medium,Website
Login karte hi something went wrong error aa raha hai. Refund bhi abhi tak process nahi hua.,App_Bug,Low,App
Login karte hi something went wrong error aa raha hai.,App_Bug,Medium,App
Login karte hi something went wrong error aa raha hai.,App_Bug,High,Website
"Maine headphones order kiye the, wallet deliver kar diya. Order ORD127491.",Wrong_Product,High,Call
Completely different product receive hua.,Wrong_Product,Medium,Website
Promised date se 9 din late deliver hua.,Late_Delivery,High,Email
App crash ho rahi hai payment ke time. Ref TRK4124541.,App_Bug,Medium,App
Login karte hi something went wrong error aa raha hai.,App_Bug,Medium,App
App crash ho rahi hai payment ke time. Ref TRK3951233. Support ko contact kiya but koi update nahi.,App_Bug,Low,Call
Discount apply hua tha par final bill me reflect nahi hua. Support ko contact kiya but koi update nahi.,Billing_Invoice,Medium,Website
Login karte hi something went wrong error aa raha hai.,App_Bug,Low,App
Customer support sirf ticket close kar raha hai without solution. Ref ORD373393.,Customer_Service,High,Call
Original bola tha lekin duplicate nikla. Seller response bhi nahi de raha.,Seller_Fraud,High,Website
3 baar complaint ki but koi proper response nahi mila.,Customer_Service,High,App
Amount debit hua lekin confirmation nahi aaya. Refund bhi abhi tak process nahi hua.,Payment_Issue,Medium,Email
Box kholte hi product broken nikla. Order ORD107971. Seller bhi reply nahi kar raha.,Damaged_Product,Low,App
Refund 10 din se pending hai.,Refund_Return,High,App
"Tracking TRK7619127 update nahi ho raha, delivery date cross ho gayi. Seller bhi reply nahi kar raha.",Order_Not_Delivered,High,Email
Seller ne fake product bhej diya aur return bhi reject kar diya. Order ORD864341.,Seller_Fraud,Medium,App
Original bola tha lekin duplicate nikla. Seller response bhi nahi de raha. Support ko contact kiya but koi update nahi.,Seller_Fraud,Medium,App
Customer support sirf ticket close kar raha hai without solution. Ref ORD136901.,Customer_Service,Low,App
Login karte hi something went wrong error aa raha hai. Refund bhi abhi tak process nahi hua.,App_Bug,High,Email
Invoice me extra charge add ho gaya. Order ORD446966.,Billing_Invoice,Medium,Call
Screen cracked thi delivery ke time. Refund bhi abhi tak process nahi hua.,Damaged_Product,Medium,Email
Completely different product receive hua. Support ko contact kiya but koi update nahi.,Wrong_Product,High,App
Amount debit hua lekin confirmation nahi aaya. Refund bhi abhi tak process nahi hua.,Payment_Issue,High,Website
"Maine headphones order kiye the, wallet deliver kar diya. Order ORD176281.",Wrong_Product,Low,App
Original bola tha lekin duplicate nikla. Seller response bhi nahi de raha.,Seller_Fraud,High,Website
Login karte hi something went wrong error aa raha hai.,App_Bug,High,Call
Seller ne fake product bhej diya aur return bhi reject kar diya. Order ORD543623.,Seller_Fraud,High,App
Seller ne fake product bhej diya aur return bhi reject kar diya. Order ORD486750. Support ko contact kiya but koi update nahi.,Seller_Fraud,Medium,App
Box kholte hi product broken nikla. Order ORD976964. Seller bhi reply nahi kar raha.,Damaged_Product,Medium,App
"Order ORD194215 ko 6 din ho gaye, status out for delivery pe hi atka hai, parcel abhi tak nahi mila.",Order_Not_Delivered,High,Call
Customer support sirf ticket close kar raha hai without solution. Ref ORD904189.,Customer_Service,High,Website
Refund 10 din se pending hai.,Refund_Return,Medium,Call
Seller ne fake product bhej diya aur return bhi reject kar diya. Order ORD441242.,Seller_Fraud,Low,Call
Invoice me extra charge add ho gaya. Order ORD864995.,Billing_Invoice,Medium,App
App crash ho rahi hai payment ke time. Ref TRK8669985.,App_Bug,Medium,Website
Return approve hua but pickup schedule nahi ho raha. Invoice INV441649. Support ko contact kiya but koi update nahi.,Refund_Return,Medium,Website
Amount debit hua lekin confirmation nahi aaya.,Payment_Issue,High,Website
Seller ne fake product bhej diya aur return bhi reject kar diya. Order ORD440894.,Seller_Fraud,Medium,Email
Completely different product receive hua.,Wrong_Product,Medium,Call
Original bola tha lekin duplicate nikla. Seller response bhi nahi de raha. Refund bhi abhi tak process nahi hua.,Seller_Fraud,Medium,Call
App crash ho rahi hai payment ke time. Ref TRK8496508. Support ko contact kiya but koi update nahi.,App_Bug,Medium,Website
"Order ORD799107 ko 9 din ho gaye, status out for delivery pe hi atka hai, parcel abhi tak nahi mila.",Order_Not_Delivered,High,Email
Seller ne fake product bhej diya aur return bhi reject kar diya. Order ORD237015.,Seller_Fraud,High,App
"Maine headphones order kiye the, wallet deliver kar diya. Order ORD139486.",Wrong_Product,Low,Call
Completely different product receive hua.,Wrong_Product,High,Call
Return approve hua but pickup schedule nahi ho raha. Invoice INV391640.,Refund_Return,Medium,Email
"Order ORD463737 ko 3 din ho gaye, status out for delivery pe hi atka hai, parcel abhi tak nahi mila. Support ko contact kiya but koi update nahi.",Order_Not_Delivered,Medium,Website
Screen cracked thi delivery ke time.,Damaged_Product,Medium,Website
"Order ORD105151 ko 5 din ho gaye, status out for delivery pe hi atka hai, parcel abhi tak nahi mila.",Order_Not_Delivered,Medium,App
Seller ne fake product bhej diya aur return bhi reject kar diya. Order ORD764053. Seller bhi reply nahi kar raha.,Seller_Fraud,Low,Call
Invoice me extra charge add ho gaya. Order ORD156102. App me tracking bhi galat show ho rahi hai.,Billing_Invoice,High,Website
"Order ORD568179 ko 12 din ho gaye, status out for delivery pe hi atka hai, parcel abhi tak nahi mila.",Order_Not_Delivered,Medium,Call
Return approve hua but pickup schedule nahi ho raha. Invoice INV138821. App me tracking bhi galat show ho rahi hai.,Refund_Return,High,App
Login karte hi something went wrong error aa raha hai. Refund bhi abhi tak process nahi hua.,App_Bug,High,App
3 baar complaint ki but koi proper response nahi mila.,Customer_Service,High,Website
Original bola tha lekin duplicate nikla. Seller response bhi nahi de raha.,Seller_Fraud,High,Email
Box kholte hi product broken nikla. Order ORD949833.,Damaged_Product,High,Call
Box kholte hi product broken nikla. Order ORD339980. Refund bhi abhi tak process nahi hua.,Damaged_Product,Medium,Email
Invoice me extra charge add ho gaya. Order ORD322311. App me tracking bhi galat show ho rahi hai.,Billing_Invoice,Low,Call
"Order ORD602593 ko 6 din ho gaye, status out for delivery pe hi atka hai, parcel abhi tak nahi mila. Seller bhi reply nahi kar raha.",Order_Not_Delivered,Medium,App
Invoice me extra charge add ho gaya. Order ORD532371.,Billing_Invoice,Low,App
3 baar complaint ki but koi proper response nahi mila. Seller bhi reply nahi kar raha.,Customer_Service,High,Email
Refund 10 din se pending hai.,Refund_Return,High,Email
Discount apply hua tha par final bill me reflect nahi hua.,Billing_Invoice,High,Email
Invoice me extra charge add ho gaya. Order ORD215930.,Billing_Invoice,Medium,App
Original bola tha lekin duplicate nikla. Seller response bhi nahi de raha. Seller bhi reply nahi kar raha.,Seller_Fraud,Medium,Call
"Maine headphones order kiye the, wallet deliver kar diya. Order ORD641958.",Wrong_Product,High,App
Promised date se 5 din late deliver hua.,Late_Delivery,High,App
Original bola tha lekin duplicate nikla. Seller response bhi nahi de raha.,Seller_Fraud,High,Email
"Maine headphones order kiye the, wallet deliver kar diya. Order ORD939937. App me tracking bhi galat show ho rahi hai.",Wrong_Product,High,Email
Discount apply hua tha par final bill me reflect nahi hua. Seller bhi reply nahi kar raha.,Billing_Invoice,High,Website
App crash ho rahi hai payment ke time. Ref TRK8373187.,App_Bug,High,Email
"Maine headphones order kiye the, wallet deliver kar diya. Order ORD971044. Refund bhi abhi tak process nahi hua.",Wrong_Product,High,Call
"Tracking TRK1418312 update nahi ho raha, delivery date cross ho gayi. App me tracking bhi galat show ho rahi hai.",Order_Not_Delivered,Medium,App
Return approve hua but pickup schedule nahi ho raha. Invoice INV714008.,Refund_Return,Medium,Email
Completely different product receive hua. Seller bhi reply nahi kar raha.,Wrong_Product,Medium,Email
Login karte hi something went wrong error aa raha hai.,App_Bug,High,Call
Login karte hi something went wrong error aa raha hai.,App_Bug,High,Call
Customer support sirf ticket close kar raha hai without solution. Ref ORD608581. Support ko contact kiya but koi update nahi.,Customer_Service,Medium,Call
Original bola tha lekin duplicate nikla. Seller response bhi nahi de raha. Refund bhi abhi tak process nahi hua.,Seller_Fraud,High,Call
Promised date se 10 din late deliver hua.,Late_Delivery,Low,Website
"Tracking TRK3656814 update nahi ho raha, delivery date cross ho gayi. Refund bhi abhi tak process nahi hua.",Order_Not_Delivered,High,App
Original bola tha lekin duplicate nikla. Seller response bhi nahi de raha.,Seller_Fraud,Medium,Email
Return approve hua but pickup schedule nahi ho raha. Invoice INV673170.,Refund_Return,High,App
Discount apply hua tha par final bill me reflect nahi hua.,Billing_Invoice,Low,Email
Invoice me extra charge add ho gaya. Order ORD665287.,Billing_Invoice,High,Email
Invoice me extra charge add ho gaya. Order ORD969070.,Billing_Invoice,High,Call
"Order ORD265497 ko 6 din ho gaye, status out for delivery pe hi atka hai, parcel abhi tak nahi mila.",Order_Not_Delivered,Medium,Call
"Maine headphones order kiye the, wallet deliver kar diya. Order ORD585867.",Wrong_Product,High,App
"Maine headphones order kiye the, wallet deliver kar diya. Order ORD848035.",Wrong_Product,High,App
"Maine headphones order kiye the, wallet deliver kar diya. Order ORD285628. App me tracking bhi galat show ho rahi hai.",Wrong_Product,High,Call
Completely different product receive hua.,Wrong_Product,Medium,Email
Express delivery li thi fir bhi delay hua.,Late_Delivery,High,Email
Original bola tha lekin duplicate nikla. Seller response bhi nahi de raha.,Seller_Fraud,High,Email
"Maine headphones order kiye the, wallet deliver kar diya. Order ORD965620. Support ko contact kiya but koi update nahi.",Wrong_Product,High,Call
"Maine headphones order kiye the, wallet deliver kar diya. Order ORD743909.",Wrong_Product,High,Call
"Maine headphones order kiye the, wallet deliver kar diya. Order ORD545555. Support ko contact kiya but koi update nahi.",Wrong_Product,Low,App
"Maine headphones order kiye the, wallet deliver kar diya. Order ORD475125. Support ko contact kiya but koi update nahi.",Wrong_Product,Medium,Call
Refund 10 din se pending hai.,Refund_Return,High,Email
Box kholte hi product broken nikla. Order ORD273616. Seller bhi reply nahi kar raha.,Damaged_Product,Medium,Call
Customer support sirf ticket close kar raha hai without solution. Ref ORD302635.,Customer_Service,Low,Call
Screen cracked thi delivery ke time.,Damaged_Product,Medium,App
"Maine headphones order kiye the, wallet deliver kar diya. Order ORD520169. Seller bhi reply nahi kar raha.",Wrong_Product,Medium,Call
"Maine headphones order kiye the, wallet deliver kar diya. Order ORD925519. App me tracking bhi galat show ho rahi hai.",Wrong_Product,Medium,Email
"Maine headphones order kiye the, wallet deliver kar diya. Order ORD832829.",Wrong_Product,Low,Call
"Maine headphones order kiye the, wallet deliver kar diya. Order ORD443226.",Wrong_Product,High,App
App crash ho rahi hai payment ke time. Ref TRK9015427.,App_Bug,High,App
"Order ORD543004 ko 10 din ho gaye, status out for delivery pe hi atka hai, parcel abhi tak nahi mila.",Order_Not_Delivered,Medium,Call
Original bola tha lekin duplicate nikla. Seller response bhi nahi de raha. Refund bhi abhi tak process nahi hua.,Seller_Fraud,High,App
Invoice me extra charge add ho gaya. Order ORD151539.,Billing_Invoice,Medium,Email
Completely different product receive hua.,Wrong_Product,High,Call
Discount apply hua tha par final bill me reflect nahi hua. Refund bhi abhi tak process nahi hua.,Billing_Invoice,High,Email
Completely different product receive hua.,Wrong_Product,Low,Website
Box kholte hi product broken nikla. Order ORD545803.,Damaged_Product,Low,Website
Promised date se 2 din late deliver hua. Refund bhi abhi tak process nahi hua.,Late_Delivery,Medium,Email
Seller ne fake product bhej diya aur return bhi reject kar diya. Order ORD109600. Refund bhi abhi tak process nahi hua.,Seller_Fraud,High,Call
Discount apply hua tha par final bill me reflect nahi hua.,Billing_Invoice,Medium,Call
"Order ORD285469 ko 3 din ho gaye, status out for delivery pe hi atka hai, parcel abhi tak nahi mila.",Order_Not_Delivered,Low,Email
Completely different product receive hua. App me tracking bhi galat show ho rahi hai.,Wrong_Product,Medium,Call
UPI payment deduct ho gaya par order place nahi hua. Txn TXN87556314.,Payment_Issue,High,App
Refund 10 din se pending hai.,Refund_Return,Medium,Call
"Order ORD272620 ko 6 din ho gaye, status out for delivery pe hi atka hai, parcel abhi tak nahi mila. App me tracking bhi galat show ho rahi hai.",Order_Not_Delivered,High,Call
3 baar complaint ki but koi proper response nahi mila.,Customer_Service,Medium,Website
Discount apply hua tha par final bill me reflect nahi hua.,Billing_Invoice,Medium,Website
Completely different product receive hua.,Wrong_Product,High,Email
3 baar complaint ki but koi proper response nahi mila. Support ko contact kiya but koi update nahi.,Customer_Service,High,Call
3 baar complaint ki but koi proper response nahi mila.,Customer_Service,High,Email
App crash ho rahi hai payment ke time. Ref TRK3847446.,App_Bug,Medium,App
Refund 10 din se pending hai.,Refund_Return,High,Call
UPI payment deduct ho gaya par order place nahi hua. Txn TXN95274112. Support ko contact kiya but koi update nahi.,Payment_Issue,High,Website
Customer support sirf ticket close kar raha hai without solution. Ref ORD447103.,Customer_Service,Low,App
Completely different product receive hua.,Wrong_Product,Low,Email
Amount debit hua lekin confirmation nahi aaya. Seller bhi reply nahi kar raha.,Payment_Issue,Medium,Website
Screen cracked thi delivery ke time. Seller bhi reply nahi kar raha.,Damaged_Product,High,Email
Seller ne fake product bhej diya aur return bhi reject kar diya. Order ORD254228. App me tracking bhi galat show ho rahi hai.,Seller_Fraud,Medium,Call
UPI payment deduct ho gaya par order place nahi hua. Txn TXN52211754.,Payment_Issue,High,Call
"Tracking TRK3307375 update nahi ho raha, delivery date cross ho gayi. Seller bhi reply nahi kar raha.",Order_Not_Delivered,Low,Call
App crash ho rahi hai payment ke time. Ref TRK3217967. App me tracking bhi galat show ho rahi hai.,App_Bug,High,Website
Seller ne fake product bhej diya aur return bhi reject kar diya. Order ORD258280.,Seller_Fraud,High,Website
Return approve hua but pickup schedule nahi ho raha. Invoice INV639685.,Refund_Return,High,Website
"Order ORD115626 ko 2 din ho gaye, status out for delivery pe hi atka hai, parcel abhi tak nahi mila. App me tracking bhi galat show ho rahi hai.",Order_Not_Delivered,Medium,Call
"Order ORD632596 ko 3 din ho gaye, status out for delivery pe hi atka hai, parcel abhi tak nahi mila. Seller bhi reply nahi kar raha.",Order_Not_Delivered,Medium,Website
Invoice me extra charge add ho gaya. Order ORD402790. Refund bhi abhi tak process nahi hua.,Billing_Invoice,Medium,App
"Maine headphones order kiye the, wallet deliver kar diya. Order ORD924357.",Wrong_Product,High,Email
Discount apply hua tha par final bill me reflect nahi hua.,Billing_Invoice,Low,Call
Express delivery li thi fir bhi delay hua.,Late_Delivery,Medium,Call
Express delivery li thi fir bhi delay hua.,Late_Delivery,High,App
"Tracking TRK6017911 update nahi ho raha, delivery date cross ho gayi.",Order_Not_Delivered,High,Call
"Maine headphones order kiye the, wallet deliver kar diya. Order ORD518196. Seller bhi reply nahi kar raha.",Wrong_Product,High,Website
Invoice me extra charge add ho gaya. Order ORD408492.,Billing_Invoice,High,Call
App crash ho rahi hai payment ke time. Ref TRK4927208.,App_Bug,Low,App
Discount apply hua tha par final bill me reflect nahi hua.,Billing_Invoice,High,Email
Invoice me extra charge add ho gaya. Order ORD697006. Seller bhi reply nahi kar raha.,Billing_Invoice,Low,Website
Discount apply hua tha par final bill me reflect nahi hua.,Billing_Invoice,High,App
"Maine headphones order kiye the, wallet deliver kar diya. Order ORD898021.",Wrong_Product,Medium,App
Discount apply hua tha par final bill me reflect nahi hua. Support ko contact kiya but koi update nahi.,Billing_Invoice,Medium,App
"Maine headphones order kiye the, wallet deliver kar diya. Order ORD393948.",Wrong_Product,High,Website
Original bola tha lekin duplicate nikla. Seller response bhi nahi de raha. Refund bhi abhi tak process nahi hua.,Seller_Fraud,Medium,Email
Customer support sirf ticket close kar raha hai without solution. Ref ORD210347.,Customer_Service,Medium,Email
Invoice me extra charge add ho gaya. Order ORD103026.,Billing_Invoice,Medium,App
Return approve hua but pickup schedule nahi ho raha. Invoice INV330222. Seller bhi reply nahi kar raha.,Refund_Return,Medium,Website
Express delivery li thi fir bhi delay hua.,Late_Delivery,Medium,Email
"Order ORD609057 ko 4 din ho gaye, status out for delivery pe hi atka hai, parcel abhi tak nahi mila. Refund bhi abhi tak process nahi hua.",Order_Not_Delivered,Medium,Website
"Tracking TRK7534491 update nahi ho raha, delivery date cross ho gayi.",Order_Not_Delivered,High,Email
Return approve hua but pickup schedule nahi ho raha. Invoice INV702261.,Refund_Return,Low,App
UPI payment deduct ho gaya par order place nahi hua. Txn TXN20854298.,Payment_Issue,High,Call
"Order ORD309305 ko 3 din ho gaye, status out for delivery pe hi atka hai, parcel abhi tak nahi mila.",Order_Not_Delivered,Medium,App
"Tracking TRK2453304 update nahi ho raha, delivery date cross ho gayi.",Order_Not_Delivered,High,Email
Seller ne fake product bhej diya aur return bhi reject kar diya. Order ORD936185.,Seller_Fraud,High,Call
3 baar complaint ki but koi proper response nahi mila.,Customer_Service,High,Website
UPI payment deduct ho gaya par order place nahi hua. Txn TXN82265483. Seller bhi reply nahi kar raha.,Payment_Issue,High,Email
"Tracking TRK7765944 update nahi ho raha, delivery date cross ho gayi.",Order_Not_Delivered,High,Email
Invoice me extra charge add ho gaya. Order ORD453784.,Billing_Invoice,High,Call
"Tracking TRK4250688 update nahi ho raha, delivery date cross ho gayi.",Order_Not_Delivered,Low,Email
Return approve hua but pickup schedule nahi ho raha. Invoice INV285468.,Refund_Return,Low,Email
Invoice me extra charge add ho gaya. Order ORD666432.,Billing_Invoice,Medium,Email
Login karte hi something went wrong error aa raha hai. App me tracking bhi galat show ho rahi hai.,App_Bug,High,Website
Box kholte hi product broken nikla. Order ORD722924. App me tracking bhi galat show ho rahi hai.,Damaged_Product,Medium,Email
Box kholte hi product broken nikla. Order ORD344916.,Damaged_Product,Low,App
"Maine headphones order kiye the, wallet deliver kar diya. Order ORD249237.",Wrong_Product,High,Website
Seller ne fake product bhej diya aur return bhi reject kar diya. Order ORD525850.,Seller_Fraud,High,Website
UPI payment deduct ho gaya par order place nahi hua. Txn TXN68752116.,Payment_Issue,Low,Email
Promised date se 3 din late deliver hua.,Late_Delivery,High,Website
Refund 10 din se pending hai.,Refund_Return,High,App
Amount debit hua lekin confirmation nahi aaya.,Payment_Issue,Medium,Email
Login karte hi something went wrong error aa raha hai. App me tracking bhi galat show ho rahi hai.,App_Bug,High,Website
UPI payment deduct ho gaya par order place nahi hua. Txn TXN47236581. Seller bhi reply nahi kar raha.,Payment_Issue,Low,Call
"Tracking TRK2208104 update nahi ho raha, delivery date cross ho gayi.",Order_Not_Delivered,High,Website
Amount debit hua lekin confirmation nahi aaya.,Payment_Issue,High,Email
Login karte hi something went wrong error aa raha hai. App me tracking bhi galat show ho rahi hai.,App_Bug,Low,App
Login karte hi something went wrong error aa raha hai. App me tracking bhi galat show ho rahi hai.,App_Bug,Medium,Call
Customer support sirf ticket close kar raha hai without solution. Ref ORD602249.,Customer_Service,Medium,Email
3 baar complaint ki but koi proper response nahi mila.,Customer_Service,Medium,Website
Customer support sirf ticket close kar raha hai without solution. Ref ORD328554. Support ko contact kiya but koi update nahi.,Customer_Service,Low,Email
3 baar complaint ki but koi proper response nahi mila. Seller bhi reply nahi kar raha.,Customer_Service,Medium,Website
Seller ne fake product bhej diya aur return bhi reject kar diya. Order ORD422662. Seller bhi reply nahi kar raha.,Seller_Fraud,Medium,Call
Promised date se 10 din late deliver hua.,Late_Delivery,High,Email
Seller ne fake product bhej diya aur return bhi reject kar diya. Order ORD222314. Support ko contact kiya but koi update nahi.,Seller_Fraud,Medium,App
3 baar complaint ki but koi proper response nahi mila.,Customer_Service,Medium,Email
Promised date se 8 din late deliver hua.,Late_Delivery,High,Website
UPI payment deduct ho gaya par order place nahi hua. Txn TXN11137010.,Payment_Issue,High,Website
"Tracking TRK1413795 update nahi ho raha, delivery date cross ho gayi. App me tracking bhi galat show ho rahi hai.",Order_Not_Delivered,High,Email
Promised date se 8 din late deliver hua.,Late_Delivery,High,Website
"Order ORD647622 ko 12 din ho gaye, status out for delivery pe hi atka hai, parcel abhi tak nahi mila.",Order_Not_Delivered,High,App
Screen cracked thi delivery ke time.,Damaged_Product,Medium,Email
Completely different product receive hua.,Wrong_Product,High,App
Screen cracked thi delivery ke time. App me tracking bhi galat show ho rahi hai.,Damaged_Product,Medium,Website
Completely different product receive hua.,Wrong_Product,Medium,Website
Original bola tha lekin duplicate nikla. Seller response bhi nahi de raha. Refund bhi abhi tak process nahi hua.,Seller_Fraud,Medium,Website
Seller ne fake product bhej diya aur return bhi reject kar diya. Order ORD162033.,Seller_Fraud,High,Website
Box kholte hi product broken nikla. Order ORD169246.,Damaged_Product,Medium,Website
Box kholte hi product broken nikla. Order ORD233778. Support ko contact kiya but koi update nahi.,Damaged_Product,High,Website
Original bola tha lekin duplicate nikla. Seller response bhi nahi de raha. Support ko contact kiya but koi update nahi.,Seller_Fraud,High,Website
Completely different product receive hua. Seller bhi reply nahi kar raha.,Wrong_Product,High,Website
Refund 10 din se pending hai. Support ko contact kiya but koi update nahi.,Refund_Return,High,App
App crash ho rahi hai payment ke time. Ref TRK2504225. Seller bhi reply nahi kar raha.,App_Bug,Low,Website
"Maine headphones order kiye the, wallet deliver kar diya. Order ORD225128.",Wrong_Product,High,Call
Invoice me extra charge add ho gaya. Order ORD695055.,Billing_Invoice,High,App
3 baar complaint ki but koi proper response nahi mila.,Customer_Service,Low,App
Discount apply hua tha par final bill me reflect nahi hua.,Billing_Invoice,High,Email
Screen cracked thi delivery ke time.,Damaged_Product,Medium,Website
Screen cracked thi delivery ke time.,Damaged_Product,Medium,Website
Express delivery li thi fir bhi delay hua. Support ko contact kiya but koi update nahi.,Late_Delivery,High,Call
Login karte hi something went wrong error aa raha hai.,App_Bug,Low,App
Completely different product receive hua. Support ko contact kiya but koi update nahi.,Wrong_Product,Medium,App
Login karte hi something went wrong error aa raha hai.,App_Bug,Low,Email
UPI payment deduct ho gaya par order place nahi hua. Txn TXN81354003. Refund bhi abhi tak process nahi hua.,Payment_Issue,Low,App
Box kholte hi product broken nikla. Order ORD181315.,Damaged_Product,High,Email
Amount debit hua lekin confirmation nahi aaya.,Payment_Issue,Medium,Call
Discount apply hua tha par final bill me reflect nahi hua.,Billing_Invoice,Medium,Email
Discount apply hua tha par final bill me reflect nahi hua. Support ko contact kiya but koi update nahi.,Billing_Invoice,High,Email
"Order ORD700505 ko 6 din ho gaye, status out for delivery pe hi atka hai, parcel abhi tak nahi mila.",Order_Not_Delivered,Medium,Website
Box kholte hi product broken nikla. Order ORD438791.,Damaged_Product,Medium,App
Promised date se 5 din late deliver hua.,Late_Delivery,Medium,App
3 baar complaint ki but koi proper response nahi mila.,Customer_Service,Medium,Website
Box kholte hi product broken nikla. Order ORD535637. Seller bhi reply nahi kar raha.,Damaged_Product,Medium,Call
Original bola tha lekin duplicate nikla. Seller response bhi nahi de raha.,Seller_Fraud,Medium,App
Completely different product receive hua.,Wrong_Product,Medium,Email
Customer support sirf ticket close kar raha hai without solution. Ref ORD480368.,Customer_Service,Medium,Call
3 baar complaint ki but koi proper response nahi mila.,Customer_Service,Low,App
Login karte hi something went wrong error aa raha hai.,App_Bug,Medium,Website
Completely different product receive hua.,Wrong_Product,High,App
App crash ho rahi hai payment ke time. Ref TRK6991310.,App_Bug,High,Email
Customer support sirf ticket close kar raha hai without solution. Ref ORD138133. Support ko contact kiya but koi update nahi.,Customer_Service,High,Website
Customer support sirf ticket close kar raha hai without solution. Ref ORD225740. Seller bhi reply nahi kar raha.,Customer_Service,Medium,Website
Box kholte hi product broken nikla. Order ORD618391. Refund bhi abhi tak process nahi hua.,Damaged_Product,High,Website
Completely different product receive hua.,Wrong_Product,Medium,Call
Screen cracked thi delivery ke time.,Damaged_Product,Low,Website
Original bola tha lekin duplicate nikla. Seller response bhi nahi de raha. Refund bhi abhi tak process nahi hua.,Seller_Fraud,High,Call
App crash ho rahi hai payment ke time. Ref TRK6939785.,App_Bug,High,Email
Amount debit hua lekin confirmation nahi aaya. Support ko contact kiya but koi update nahi.,Payment_Issue,High,Call
Box kholte hi product broken nikla. Order ORD901627.,Damaged_Product,High,Call
"Tracking TRK6942838 update nahi ho raha, delivery date cross ho gayi.",Order_Not_Delivered,Medium,Website
Login karte hi something went wrong error aa raha hai.,App_Bug,Medium,Call
Original bola tha lekin duplicate nikla. Seller response bhi nahi de raha.,Seller_Fraud,Low,Website
Seller ne fake product bhej diya aur return bhi reject kar diya. Order ORD846660.,Seller_Fraud,High,Website
Customer support sirf ticket close kar raha hai without solution. Ref ORD852201. Support ko contact kiya but koi update nahi.,Customer_Service,Medium,Email
Seller ne fake product bhej diya aur return bhi reject kar diya. Order ORD508537.,Seller_Fraud,High,App
Completely different product receive hua. Refund bhi abhi tak process nahi hua.,Wrong_Product,High,Email
Screen cracked thi delivery ke time.,Damaged_Product,High,App
Completely different product receive hua.,Wrong_Product,High,Email
Screen cracked thi delivery ke time. Support ko contact kiya but koi update nahi.,Damaged_Product,Low,App
Discount apply hua tha par final bill me reflect nahi hua.,Billing_Invoice,Medium,Email
Invoice me extra charge add ho gaya. Order ORD697243.,Billing_Invoice,Medium,Call
Completely different product receive hua.,Wrong_Product,High,Website
Invoice me extra charge add ho gaya. Order ORD799047.,Billing_Invoice,High,App
Seller ne fake product bhej diya aur return bhi reject kar diya. Order ORD311587.,Seller_Fraud,Medium,Call
Discount apply hua tha par final bill me reflect nahi hua.,Billing_Invoice,High,Website
Original bola tha lekin duplicate nikla. Seller response bhi nahi de raha.,Seller_Fraud,Medium,Call
Login karte hi something went wrong error aa raha hai.,App_Bug,Medium,Email
Seller ne fake product bhej diya aur return bhi reject kar diya. Order ORD760566. Refund bhi abhi tak process nahi hua.,Seller_Fraud,High,App
Seller ne fake product bhej diya aur return bhi reject kar diya. Order ORD226931.,Seller_Fraud,High,Email
Completely different product receive hua. App me tracking bhi galat show ho rahi hai.,Wrong_Product,Low,Call
Discount apply hua tha par final bill me reflect nahi hua.,Billing_Invoice,Medium,Email
Promised date se 8 din late deliver hua.,Late_Delivery,High,Email
"Tracking TRK6922413 update nahi ho raha, delivery date cross ho gayi. App me tracking bhi galat show ho rahi hai.",Order_Not_Delivered,Low,Call
Login karte hi something went wrong error aa raha hai.,App_Bug,High,Call
Seller ne fake product bhej diya aur return bhi reject kar diya. Order ORD151952. Refund bhi abhi tak process nahi hua.,Seller_Fraud,High,Website
Invoice me extra charge add ho gaya. Order ORD547287.,Billing_Invoice,Low,Email
Login karte hi something went wrong error aa raha hai. Refund bhi abhi tak process nahi hua.,App_Bug,Medium,Email
Screen cracked thi delivery ke time.,Damaged_Product,High,Website
Box kholte hi product broken nikla. Order ORD974285. Refund bhi abhi tak process nahi hua.,Damaged_Product,Low,Email
"Order ORD253201 ko 7 din ho gaye, status out for delivery pe hi atka hai, parcel abhi tak nahi mila.",Order_Not_Delivered,High,Call
Box kholte hi product broken nikla. Order ORD703580.,Damaged_Product,High,Website
Seller ne fake product bhej diya aur return bhi reject kar diya. Order ORD897178. App me tracking bhi galat show ho rahi hai.,Seller_Fraud,Medium,Call
3 baar complaint ki but koi proper response nahi mila.,Customer_Service,Medium,Website
Promised date se 6 din late deliver hua. App me tracking bhi galat show ho rahi hai.,Late_Delivery,Low,Call
Return approve hua but pickup schedule nahi ho raha. Invoice INV694095. Refund bhi abhi tak process nahi hua.,Refund_Return,High,App
Original bola tha lekin duplicate nikla. Seller response bhi nahi de raha.,Seller_Fraud,High,Email
Login karte hi something went wrong error aa raha hai.,App_Bug,Low,Email
Login karte hi something went wrong error aa raha hai.,App_Bug,High,Website
Refund 10 din se pending hai.,Refund_Return,High,Website
"Order ORD304370 ko 4 din ho gaye, status out for delivery pe hi atka hai, parcel abhi tak nahi mila. Support ko contact kiya but koi update nahi.",Order_Not_Delivered,Medium,App
3 baar complaint ki but koi proper response nahi mila.,Customer_Service,Medium,App
"Tracking TRK3363377 update nahi ho raha, delivery date cross ho gayi.",Order_Not_Delivered,Low,Website
Promised date se 3 din late deliver hua.,Late_Delivery,High,App
3 baar complaint ki but koi proper response nahi mila.,Customer_Service,High,Email
Discount apply hua tha par final bill me reflect nahi hua. Support ko contact kiya but koi update nahi.,Billing_Invoice,Medium,Website
App crash ho rahi hai payment ke time. Ref TRK3286603.,App_Bug,Low,Website
Seller ne fake product bhej diya aur return bhi reject kar diya. Order ORD340880.,Seller_Fraud,Medium,App
Login karte hi something went wrong error aa raha hai.,App_Bug,High,Call
Login karte hi something went wrong error aa raha hai. Refund bhi abhi tak process nahi hua.,App_Bug,High,App
Return approve hua but pickup schedule nahi ho raha. Invoice INV955705. Support ko contact kiya but koi update nahi.,Refund_Return,High,Website
"Tracking TRK2142551 update nahi ho raha, delivery date cross ho gayi. Support ko contact kiya but koi update nahi.",Order_Not_Delivered,Low,Website
3 baar complaint ki but koi proper response nahi mila.,Customer_Service,Medium,App
Express delivery li thi fir bhi delay hua. Support ko contact kiya but koi update nahi.,Late_Delivery,Low,App
Invoice me extra charge add ho gaya. Order ORD662899. Seller bhi reply nahi kar raha.,Billing_Invoice,High,Email
Completely different product receive hua.,Wrong_Product,Low,Website
Amount debit hua lekin confirmation nahi aaya.,Payment_Issue,High,App
"Order ORD225017 ko 2 din ho gaye, status out for delivery pe hi atka hai, parcel abhi tak nahi mila. Refund bhi abhi tak process nahi hua.",Order_Not_Delivered,Low,Call
Box kholte hi product broken nikla. Order ORD802136. Seller bhi reply nahi kar raha.,Damaged_Product,Medium,Website
Completely different product receive hua.,Wrong_Product,Medium,App
"Maine headphones order kiye the, wallet deliver kar diya. Order ORD284028. App me tracking bhi galat show ho rahi hai.",Wrong_Product,High,App
3 baar complaint ki but koi proper response nahi mila.,Customer_Service,High,Email
Completely different product receive hua.,Wrong_Product,High,Email
3 baar complaint ki but koi proper response nahi mila.,Customer_Service,Medium,Email
"Tracking TRK3788542 update nahi ho raha, delivery date cross ho gayi.",Order_Not_Delivered,Medium,Email
"Tracking TRK8519465 update nahi ho raha, delivery date cross ho gayi.",Order_Not_Delivered,High,Call
App crash ho rahi hai payment ke time. Ref TRK6310532. App me tracking bhi galat show ho rahi hai.,App_Bug,Medium,Website
Original bola tha lekin duplicate nikla. Seller response bhi nahi de raha.,Seller_Fraud,High,App
Seller ne fake product bhej diya aur return bhi reject kar diya. Order ORD129126.,Seller_Fraud,High,Email
Refund 10 din se pending hai.,Refund_Return,Medium,Call
Seller ne fake product bhej diya aur return bhi reject kar diya. Order ORD585776.,Seller_Fraud,Medium,Website
"Tracking TRK6624133 update nahi ho raha, delivery date cross ho gayi.",Order_Not_Delivered,Medium,Email
"Order ORD859013 ko 10 din ho gaye, status out for delivery pe hi atka hai, parcel abhi tak nahi mila.",Order_Not_Delivered,High,Email
"Maine headphones order kiye the, wallet deliver kar diya. Order ORD838588. Support ko contact kiya but koi update nahi.",Wrong_Product,High,Website
Screen cracked thi delivery ke time.,Damaged_Product,Medium,Call
Completely different product receive hua. Refund bhi abhi tak process nahi hua.,Wrong_Product,High,App
Discount apply hua tha par final bill me reflect nahi hua.,Billing_Invoice,High,Call
Discount apply hua tha par final bill me reflect nahi hua.,Billing_Invoice,High,Call
Box kholte hi product broken nikla. Order ORD724734. Support ko contact kiya but koi update nahi.,Damaged_Product,High,Website
Login karte hi something went wrong error aa raha hai. Refund bhi abhi tak process nahi hua.,App_Bug,Medium,App
3 baar complaint ki but koi proper response nahi mila.,Customer_Service,Low,App
"Tracking TRK7815765 update nahi ho raha, delivery date cross ho gayi.",Order_Not_Delivered,High,App
App crash ho rahi hai payment ke time. Ref TRK1333906.,App_Bug,High,Website
App crash ho rahi hai payment ke time. Ref TRK6835711.,App_Bug,Medium,Website
Promised date se 6 din late deliver hua. Support ko contact kiya but koi update nahi.,Late_Delivery,Medium,App
Return approve hua but pickup schedule nahi ho raha. Invoice INV792044. App me tracking bhi galat show ho rahi hai.,Refund_Return,High,Call
Original bola tha lekin duplicate nikla. Seller response bhi nahi de raha.,Seller_Fraud,Low,Website
Express delivery li thi fir bhi delay hua.,Late_Delivery,High,Email
Login karte hi something went wrong error aa raha hai.,App_Bug,High,App
"Order ORD299095 ko 4 din ho gaye, status out for delivery pe hi atka hai, parcel abhi tak nahi mila. Support ko contact kiya but koi update nahi.",Order_Not_Delivered,Medium,Website
"Order ORD466296 ko 3 din ho gaye, status out for delivery pe hi atka hai, parcel abhi tak nahi mila.",Order_Not_Delivered,High,App
Discount apply hua tha par final bill me reflect nahi hua.,Billing_Invoice,Medium,Email
Box kholte hi product broken nikla. Order ORD106578. Seller bhi reply nahi kar raha.,Damaged_Product,Medium,Call
Login karte hi something went wrong error aa raha hai.,App_Bug,High,Website
Completely different product receive hua.,Wrong_Product,High,Call
"Maine headphones order kiye the, wallet deliver kar diya. Order ORD741346.",Wrong_Product,High,Website
Customer support sirf ticket close kar raha hai without solution. Ref ORD731603.,Customer_Service,Medium,Email
Return approve hua but pickup schedule nahi ho raha. Invoice INV757878.,Refund_Return,High,Email
"Tracking TRK7649771 update nahi ho raha, delivery date cross ho gayi. App me tracking bhi galat show ho rahi hai.",Order_Not_Delivered,High,Call
3 baar complaint ki but koi proper response nahi mila.,Customer_Service,High,Email
"Tracking TRK5848200 update nahi ho raha, delivery date cross ho gayi.",Order_Not_Delivered,High,Call
Box kholte hi product broken nikla. Order ORD499319. Refund bhi abhi tak process nahi hua.,Damaged_Product,High,Website
Login karte hi something went wrong error aa raha hai. Support ko contact kiya but koi update nahi.,App_Bug,Low,App
Discount apply hua tha par final bill me reflect nahi hua. Refund bhi abhi tak process nahi hua.,Billing_Invoice,High,App
Box kholte hi product broken nikla. Order ORD683303.,Damaged_Product,Medium,Website
Login karte hi something went wrong error aa raha hai.,App_Bug,High,Website
Refund 10 din se pending hai. Refund bhi abhi tak process nahi hua.,Refund_Return,Medium,Call
"Tracking TRK4410904 update nahi ho raha, delivery date cross ho gayi. Refund bhi abhi tak process nahi hua.",Order_Not_Delivered,Medium,Website
Screen cracked thi delivery ke time.,Damaged_Product,Low,App
Login karte hi something went wrong error aa raha hai. Support ko contact kiya but koi update nahi.,App_Bug,High,App
"Tracking TRK6083766 update nahi ho raha, delivery date cross ho gayi.",Order_Not_Delivered,High,Call
3 baar complaint ki but koi proper response nahi mila.,Customer_Service,High,Website
Box kholte hi product broken nikla. Order ORD222504.,Damaged_Product,Medium,Email
Return approve hua but pickup schedule nahi ho raha. Invoice INV230950.,Refund_Return,High,Email
Invoice me extra charge add ho gaya. Order ORD371182.,Billing_Invoice,High,Email
Invoice me extra charge add ho gaya. Order ORD729965.,Billing_Invoice,Medium,Website
3 baar complaint ki but koi proper response nahi mila.,Customer_Service,High,Website
App crash ho rahi hai payment ke time. Ref TRK5179822. Seller bhi reply nahi kar raha.,App_Bug,Low,App
Refund 10 din se pending hai. Refund bhi abhi tak process nahi hua.,Refund_Return,Medium,Website
Login karte hi something went wrong error aa raha hai. Refund bhi abhi tak process nahi hua.,App_Bug,High,Email
Original bola tha lekin duplicate nikla. Seller response bhi nahi de raha.,Seller_Fraud,Medium,Call
"Tracking TRK9876707 update nahi ho raha, delivery date cross ho gayi.",Order_Not_Delivered,Medium,Email
Discount apply hua tha par final bill me reflect nahi hua. Support ko contact kiya but koi update nahi.,Billing_Invoice,High,Email
"Tracking TRK6979519 update nahi ho raha, delivery date cross ho gayi.",Order_Not_Delivered,High,Website
"Order ORD612051 ko 5 din ho gaye, status out for delivery pe hi atka hai, parcel abhi tak nahi mila. Support ko contact kiya but koi update nahi.",Order_Not_Delivered,High,App
App crash ho rahi hai payment ke time. Ref TRK9743708.,App_Bug,Medium,Website
Box kholte hi product broken nikla. Order ORD469755. Refund bhi abhi tak process nahi hua.,Damaged_Product,Medium,Call
Seller ne fake product bhej diya aur return bhi reject kar diya. Order ORD428687.,Seller_Fraud,Medium,Website
Return approve hua but pickup schedule nahi ho raha. Invoice INV152431.,Refund_Return,High,Call
App crash ho rahi hai payment ke time. Ref TRK5684472.,App_Bug,Medium,Call
Refund 10 din se pending hai.,Refund_Return,High,Email
Refund 10 din se pending hai.,Refund_Return,Medium,App
"Tracking TRK4823108 update nahi ho raha, delivery date cross ho gayi.",Order_Not_Delivered,Medium,Email
Seller ne fake product bhej diya aur return bhi reject kar diya. Order ORD666548.,Seller_Fraud,High,Email
Discount apply hua tha par final bill me reflect nahi hua. Refund bhi abhi tak process nahi hua.,Billing_Invoice,Medium,Call
3 baar complaint ki but koi proper response nahi mila.,Customer_Service,High,Website
"Tracking TRK2241156 update nahi ho raha, delivery date cross ho gayi.",Order_Not_Delivered,High,Call
Refund 10 din se pending hai. Refund bhi abhi tak process nahi hua.,Refund_Return,Low,App
Box kholte hi product broken nikla. Order ORD546120.,Damaged_Product,Low,App
"Order ORD769196 ko 10 din ho gaye, status out for delivery pe hi atka hai, parcel abhi tak nahi mila.",Order_Not_Delivered,High,App
Box kholte hi product broken nikla. Order ORD739374. Refund bhi abhi tak process nahi hua.,Damaged_Product,Medium,App
Box kholte hi product broken nikla. Order ORD973877. Refund bhi abhi tak process nahi hua.,Damaged_Product,High,Call
Return approve hua but pickup schedule nahi ho raha. Invoice INV193774.,Refund_Return,Medium,App
Screen cracked thi delivery ke time. App me tracking bhi galat show ho rahi hai.,Damaged_Product,High,App
"Order ORD925506 ko 10 din ho gaye, status out for delivery pe hi atka hai, parcel abhi tak nahi mila. App me tracking bhi galat show ho rahi hai.",Order_Not_Delivered,High,Email
Customer support sirf ticket close kar raha hai without solution. Ref ORD858652.,Customer_Service,High,App
Promised date se 4 din late deliver hua. App me tracking bhi galat show ho rahi hai.,Late_Delivery,High,App
Refund 10 din se pending hai.,Refund_Return,High,Email
Completely different product receive hua.,Wrong_Product,High,App
Login karte hi something went wrong error aa raha hai.,App_Bug,Medium,Website
"Tracking TRK7301078 update nahi ho raha, delivery date cross ho gayi.",Order_Not_Delivered,High,App
"Tracking TRK7591556 update nahi ho raha, delivery date cross ho gayi.",Order_Not_Delivered,Medium,Website
Invoice me extra charge add ho gaya. Order ORD579131.,Billing_Invoice,Low,Call
Discount apply hua tha par final bill me reflect nahi hua.,Billing_Invoice,High,App
Screen cracked thi delivery ke time.,Damaged_Product,High,Website
3 baar complaint ki but koi proper response nahi mila. Seller bhi reply nahi kar raha.,Customer_Service,High,Website
"Order ORD610243 ko 4 din ho gaye, status out for delivery pe hi atka hai, parcel abhi tak nahi mila.",Order_Not_Delivered,Medium,App
3 baar complaint ki but koi proper response nahi mila.,Customer_Service,High,Email
Box kholte hi product broken nikla. Order ORD703292.,Damaged_Product,High,App
"Maine headphones order kiye the, wallet deliver kar diya. Order ORD630219.",Wrong_Product,Low,Email
"Order ORD971532 ko 4 din ho gaye, status out for delivery pe hi atka hai, parcel abhi tak nahi mila.",Order_Not_Delivered,High,Email
Return approve hua but pickup schedule nahi ho raha. Invoice INV945198.,Refund_Return,Medium,Call
Express delivery li thi fir bhi delay hua.,Late_Delivery,Medium,App
"Maine headphones order kiye the, wallet deliver kar diya. Order ORD675014.",Wrong_Product,High,Website
Original bola tha lekin duplicate nikla. Seller response bhi nahi de raha. Seller bhi reply nahi kar raha.,Seller_Fraud,Medium,App
Refund 10 din se pending hai.,Refund_Return,High,Website
Discount apply hua tha par final bill me reflect nahi hua.,Billing_Invoice,High,Website
Return approve hua but pickup schedule nahi ho raha. Invoice INV572079. Refund bhi abhi tak process nahi hua.,Refund_Return,High,App
Login karte hi something went wrong error aa raha hai. Refund bhi abhi tak process nahi hua.,App_Bug,Low,Website
Promised date se 6 din late deliver hua. Support ko contact kiya but koi update nahi.,Late_Delivery,High,Email
Completely different product receive hua.,Wrong_Product,Medium,Website
Original bola tha lekin duplicate nikla. Seller response bhi nahi de raha. Seller bhi reply nahi kar raha.,Seller_Fraud,High,Website
Seller ne fake product bhej diya aur return bhi reject kar diya. Order ORD213122. Refund bhi abhi tak process nahi hua.,Seller_Fraud,High,Call
"Tracking TRK1843231 update nahi ho raha, delivery date cross ho gayi.",Order_Not_Delivered,Medium,Website
"Order ORD916878 ko 7 din ho gaye, status out for delivery pe hi atka hai, parcel abhi tak nahi mila.",Order_Not_Delivered,High,Call
Box kholte hi product broken nikla. Order ORD698989.,Damaged_Product,High,Call
Discount apply hua tha par final bill me reflect nahi hua. Seller bhi reply nahi kar raha.,Billing_Invoice,High,Call
Original bola tha lekin duplicate nikla. Seller response bhi nahi de raha.,Seller_Fraud,High,App
Original bola tha lekin duplicate nikla. Seller response bhi nahi de raha.,Seller_Fraud,Medium,Call
Seller ne fake product bhej diya aur return bhi reject kar diya. Order ORD126163.,Seller_Fraud,Low,App
"Maine headphones order kiye the, wallet deliver kar diya. Order ORD596984. Seller bhi reply nahi kar raha.",Wrong_Product,Low,Website
Screen cracked thi delivery ke time. App me tracking bhi galat show ho rahi hai.,Damaged_Product,High,Email
Original bola tha lekin duplicate nikla. Seller response bhi nahi de raha.,Seller_Fraud,High,Call
Screen cracked thi delivery ke time.,Damaged_Product,High,Email
Customer support sirf ticket close kar raha hai without solution. Ref ORD236891.,Customer_Service,Medium,App
UPI payment deduct ho gaya par order place nahi hua. Txn TXN58196283.,Payment_Issue,High,App
Seller ne fake product bhej diya aur return bhi reject kar diya. Order ORD702902.,Seller_Fraud,High,Call
Completely different product receive hua.,Wrong_Product,High,Call
Screen cracked thi delivery ke time.,Damaged_Product,Medium,Email
3 baar complaint ki but koi proper response nahi mila.,Customer_Service,Medium,App
UPI payment deduct ho gaya par order place nahi hua. Txn TXN49134657.,Payment_Issue,High,Call
Customer support sirf ticket close kar raha hai without solution. Ref ORD523272.,Customer_Service,Medium,Website
Express delivery li thi fir bhi delay hua.,Late_Delivery,Medium,App
"Maine headphones order kiye the, wallet deliver kar diya. Order ORD334882.",Wrong_Product,High,App
Seller ne fake product bhej diya aur return bhi reject kar diya. Order ORD308983.,Seller_Fraud,High,Website
Box kholte hi product broken nikla. Order ORD163920.,Damaged_Product,Medium,Call
Invoice me extra charge add ho gaya. Order ORD741924.,Billing_Invoice,Medium,App
"Order ORD525925 ko 3 din ho gaye, status out for delivery pe hi atka hai, parcel abhi tak nahi mila.",Order_Not_Delivered,Medium,Website
Box kholte hi product broken nikla. Order ORD818810.,Damaged_Product,Low,Call
Box kholte hi product broken nikla. Order ORD507062.,Damaged_Product,Low,App
Refund 10 din se pending hai. Refund bhi abhi tak process nahi hua.,Refund_Return,Medium,Website
Invoice me extra charge add ho gaya. Order ORD858133.,Billing_Invoice,High,App
Login karte hi something went wrong error aa raha hai.,App_Bug,Low,Email
Seller ne fake product bhej diya aur return bhi reject kar diya. Order ORD298298. Support ko contact kiya but koi update nahi.,Seller_Fraud,High,Website
3 baar complaint ki but koi proper response nahi mila.,Customer_Service,High,Email
Express delivery li thi fir bhi delay hua. Support ko contact kiya but koi update nahi.,Late_Delivery,High,App
Box kholte hi product broken nikla. Order ORD822173. App me tracking bhi galat show ho rahi hai.,Damaged_Product,Medium,Email
UPI payment deduct ho gaya par order place nahi hua. Txn TXN81253299.,Payment_Issue,High,Email
App crash ho rahi hai payment ke time. Ref TRK4815164.,App_Bug,High,Website
UPI payment deduct ho gaya par order place nahi hua. Txn TXN11130283. Seller bhi reply nahi kar raha.,Payment_Issue,Low,Website
Completely different product receive hua.,Wrong_Product,Medium,Email
Customer support sirf ticket close kar raha hai without solution. Ref ORD400799.,Customer_Service,High,App
3 baar complaint ki but koi proper response nahi mila. Support ko contact kiya but koi update nahi.,Customer_Service,Medium,App
"Order ORD310243 ko 8 din ho gaye, status out for delivery pe hi atka hai, parcel abhi tak nahi mila. Seller bhi reply nahi kar raha.",Order_Not_Delivered,High,Email
Amount debit hua lekin confirmation nahi aaya.,Payment_Issue,High,Email
Customer support sirf ticket close kar raha hai without solution. Ref ORD420299.,Customer_Service,Low,Email
Invoice me extra charge add ho gaya. Order ORD212272.,Billing_Invoice,Medium,Website
Amount debit hua lekin confirmation nahi aaya.,Payment_Issue,High,Call
UPI payment deduct ho gaya par order place nahi hua. Txn TXN23630720. App me tracking bhi galat show ho rahi hai.,Payment_Issue,Medium,Website
Invoice me extra charge add ho gaya. Order ORD634131.,Billing_Invoice,Low,Call
UPI payment deduct ho gaya par order place nahi hua. Txn TXN69314812.,Payment_Issue,Medium,Email
Screen cracked thi delivery ke time. Seller bhi reply nahi kar raha.,Damaged_Product,Medium,Email
"Tracking TRK9560740 update nahi ho raha, delivery date cross ho gayi.",Order_Not_Delivered,High,Website
"Tracking TRK4514405 update nahi ho raha, delivery date cross ho gayi.",Order_Not_Delivered,Low,Call
"Maine headphones order kiye the, wallet deliver kar diya. Order ORD258141.",Wrong_Product,Medium,Email
Original bola tha lekin duplicate nikla. Seller response bhi nahi de raha.,Seller_Fraud,Medium,App
Box kholte hi product broken nikla. Order ORD803154.,Damaged_Product,Medium,Call
3 baar complaint ki but koi proper response nahi mila.,Customer_Service,High,Website
Screen cracked thi delivery ke time.,Damaged_Product,Low,App
Customer support sirf ticket close kar raha hai without solution. Ref ORD956223. Refund bhi abhi tak process nahi hua.,Customer_Service,High,Email
"Order ORD359139 ko 2 din ho gaye, status out for delivery pe hi atka hai, parcel abhi tak nahi mila.",Order_Not_Delivered,Medium,Call
"Order ORD620797 ko 10 din ho gaye, status out for delivery pe hi atka hai, parcel abhi tak nahi mila.",Order_Not_Delivered,Low,Website
Seller ne fake product bhej diya aur return bhi reject kar diya. Order ORD210136.,Seller_Fraud,Low,App
"Tracking TRK1221565 update nahi ho raha, delivery date cross ho gayi.",Order_Not_Delivered,High,Call
Screen cracked thi delivery ke time.,Damaged_Product,Low,Website
Screen cracked thi delivery ke time. Refund bhi abhi tak process nahi hua.,Damaged_Product,Low,Call
Screen cracked thi delivery ke time. App me tracking bhi galat show ho rahi hai.,Damaged_Product,High,Email
"Maine headphones order kiye the, wallet deliver kar diya. Order ORD123733.",Wrong_Product,Medium,App
Discount apply hua tha par final bill me reflect nahi hua. App me tracking bhi galat show ho rahi hai.,Billing_Invoice,High,App
"Maine headphones order kiye the, wallet deliver kar diya. Order ORD917047.",Wrong_Product,Medium,Call
3 baar complaint ki but koi proper response nahi mila.,Customer_Service,High,Call
Promised date se 10 din late deliver hua. Refund bhi abhi tak process nahi hua.,Late_Delivery,Medium,Call
Promised date se 12 din late deliver hua.,Late_Delivery,High,Website
Original bola tha lekin duplicate nikla. Seller response bhi nahi de raha.,Seller_Fraud,Medium,Call
Completely different product receive hua.,Wrong_Product,Medium,Call
Screen cracked thi delivery ke time.,Damaged_Product,Low,Email
App crash ho rahi hai payment ke time. Ref TRK6399815.,App_Bug,Medium,Call
"Tracking TRK4650480 update nahi ho raha, delivery date cross ho gayi.",Order_Not_Delivered,Low,Email
Return approve hua but pickup schedule nahi ho raha. Invoice INV836956.,Refund_Return,High,Website
3 baar complaint ki but koi proper response nahi mila.,Customer_Service,High,Call
"Maine headphones order kiye the, wallet deliver kar diya. Order ORD953590. Refund bhi abhi tak process nahi hua.",Wrong_Product,Low,Call
Discount apply hua tha par final bill me reflect nahi hua.,Billing_Invoice,High,Email
Seller ne fake product bhej diya aur return bhi reject kar diya. Order ORD198012.,Seller_Fraud,High,Call
Invoice me extra charge add ho gaya. Order ORD614414.,Billing_Invoice,High,Call
Original bola tha lekin duplicate nikla. Seller response bhi nahi de raha.,Seller_Fraud,Low,Email
Box kholte hi product broken nikla. Order ORD345587.,Damaged_Product,High,Email
Seller ne fake product bhej diya aur return bhi reject kar diya. Order ORD899462. Refund bhi abhi tak process nahi hua.,Seller_Fraud,Medium,Call
Screen cracked thi delivery ke time. Refund bhi abhi tak process nahi hua.,Damaged_Product,High,App
"Order ORD164116 ko 7 din ho gaye, status out for delivery pe hi atka hai, parcel abhi tak nahi mila.",Order_Not_Delivered,High,Call
"Maine headphones order kiye the, wallet deliver kar diya. Order ORD604526.",Wrong_Product,Low,App
Screen cracked thi delivery ke time.,Damaged_Product,Medium,Website
Invoice me extra charge add ho gaya. Order ORD689952.,Billing_Invoice,High,Website
Return approve hua but pickup schedule nahi ho raha. Invoice INV974413.,Refund_Return,High,Website
"Tracking TRK4470776 update nahi ho raha, delivery date cross ho gayi.",Order_Not_Delivered,Medium,Email
Original bola tha lekin duplicate nikla. Seller response bhi nahi de raha.,Seller_Fraud,High,Call
Screen cracked thi delivery ke time.,Damaged_Product,Low,Call
"Maine headphones order kiye the, wallet deliver kar diya. Order ORD284932.",Wrong_Product,High,Email
Box kholte hi product broken nikla. Order ORD597303.,Damaged_Product,High,Call
Discount apply hua tha par final bill me reflect nahi hua.,Billing_Invoice,High,Call
"Tracking TRK8774115 update nahi ho raha, delivery date cross ho gayi. App me tracking bhi galat show ho rahi hai.",Order_Not_Delivered,Low,App
Original bola tha lekin duplicate nikla. Seller response bhi nahi de raha.,Seller_Fraud,High,Website
Seller ne fake product bhej diya aur return bhi reject kar diya. Order ORD283963.,Seller_Fraud,Medium,Email
Login karte hi something went wrong error aa raha hai. Refund bhi abhi tak process nahi hua.,App_Bug,High,Email
"Tracking TRK7780483 update nahi ho raha, delivery date cross ho gayi. Support ko contact kiya but koi update nahi.",Order_Not_Delivered,Low,Call
UPI payment deduct ho gaya par order place nahi hua. Txn TXN13971230.,Payment_Issue,Low,App
"Tracking TRK7669290 update nahi ho raha, delivery date cross ho gayi. Seller bhi reply nahi kar raha.",Order_Not_Delivered,Low,Call
Invoice me extra charge add ho gaya. Order ORD326531.,Billing_Invoice,High,Email
App crash ho rahi hai payment ke time. Ref TRK4326662.,App_Bug,High,Email
Invoice me extra charge add ho gaya. Order ORD994237.,Billing_Invoice,Medium,Call
UPI payment deduct ho gaya par order place nahi hua. Txn TXN14363594.,Payment_Issue,High,App
Original bola tha lekin duplicate nikla. Seller response bhi nahi de raha.,Seller_Fraud,High,Call
Login karte hi something went wrong error aa raha hai.,App_Bug,High,App
3 baar complaint ki but koi proper response nahi mila.,Customer_Service,Medium,Website
Invoice me extra charge add ho gaya. Order ORD679825.,Billing_Invoice,Medium,Email
"Order ORD630228 ko 8 din ho gaye, status out for delivery pe hi atka hai, parcel abhi tak nahi mila.",Order_Not_Delivered,Low,Call
Promised date se 12 din late deliver hua.,Late_Delivery,High,Website
"Maine headphones order kiye the, wallet deliver kar diya. Order ORD295214.",Wrong_Product,High,App
"Maine headphones order kiye the, wallet deliver kar diya. Order ORD264497. Support ko contact kiya but koi update nahi.",Wrong_Product,High,App
"Tracking TRK6559713 update nahi ho raha, delivery date cross ho gayi.",Order_Not_Delivered,Medium,Email
Customer support sirf ticket close kar raha hai without solution. Ref ORD337016.,Customer_Service,High,Website
App crash ho rahi hai payment ke time. Ref TRK3721284.,App_Bug,Medium,Website
"Order ORD463666 ko 6 din ho gaye, status out for delivery pe hi atka hai, parcel abhi tak nahi mila.",Order_Not_Delivered,High,App
Discount apply hua tha par final bill me reflect nahi hua.,Billing_Invoice,Low,App
Original bola tha lekin duplicate nikla. Seller response bhi nahi de raha.,Seller_Fraud,High,Website
"Order ORD502580 ko 12 din ho gaye, status out for delivery pe hi atka hai, parcel abhi tak nahi mila. Support ko contact kiya but koi update nahi.",Order_Not_Delivered,Low,Email
App crash ho rahi hai payment ke time. Ref TRK3221959. Support ko contact kiya but koi update nahi.,App_Bug,High,Email
Original bola tha lekin duplicate nikla. Seller response bhi nahi de raha.,Seller_Fraud,Medium,Call
Customer support sirf ticket close kar raha hai without solution. Ref ORD248758.,Customer_Service,Medium,App
"Order ORD791897 ko 4 din ho gaye, status out for delivery pe hi atka hai, parcel abhi tak nahi mila. Support ko contact kiya but koi update nahi.",Order_Not_Delivered,High,App
"Order ORD447985 ko 3 din ho gaye, status out for delivery pe hi atka hai, parcel abhi tak nahi mila. Support ko contact kiya but koi update nahi.",Order_Not_Delivered,High,App
Customer support sirf ticket close kar raha hai without solution. Ref ORD642559.,Customer_Service,High,Website
Discount apply hua tha par final bill me reflect nahi hua. Refund bhi abhi tak process nahi hua.,Billing_Invoice,Medium,Email
App crash ho rahi hai payment ke time. Ref TRK4025480.,App_Bug,Medium,App
Discount apply hua tha par final bill me reflect nahi hua.,Billing_Invoice,Low,Call
3 baar complaint ki but koi proper response nahi mila.,Customer_Service,Medium,Call
3 baar complaint ki but koi proper response nahi mila.,Customer_Service,Medium,Website
Amount debit hua lekin confirmation nahi aaya.,Payment_Issue,High,Email
Invoice me extra charge add ho gaya. Order ORD790447.,Billing_Invoice,Medium,Email
Box kholte hi product broken nikla. Order ORD923903. Refund bhi abhi tak process nahi hua.,Damaged_Product,High,App
Completely different product receive hua. App me tracking bhi galat show ho rahi hai.,Wrong_Product,High,Email
Promised date se 5 din late deliver hua.,Late_Delivery,High,Website
"Maine headphones order kiye the, wallet deliver kar diya. Order ORD734896. App me tracking bhi galat show ho rahi hai.",Wrong_Product,High,Email
Refund 10 din se pending hai. Seller bhi reply nahi kar raha.,Refund_Return,Medium,Email
App crash ho rahi hai payment ke time. Ref TRK4885591.,App_Bug,High,Website
Seller ne fake product bhej diya aur return bhi reject kar diya. Order ORD664913.,Seller_Fraud,High,Website
Invoice me extra charge add ho gaya. Order ORD828579. App me tracking bhi galat show ho rahi hai.,Billing_Invoice,Medium,Email
Discount apply hua tha par final bill me reflect nahi hua.,Billing_Invoice,Low,Call
3 baar complaint ki but koi proper response nahi mila.,Customer_Service,High,Call
"Tracking TRK3459760 update nahi ho raha, delivery date cross ho gayi. Support ko contact kiya but koi update nahi.",Order_Not_Delivered,Medium,App
"Tracking TRK2562856 update nahi ho raha, delivery date cross ho gayi.",Order_Not_Delivered,Medium,Call
3 baar complaint ki but koi proper response nahi mila.,Customer_Service,Low,Email
Discount apply hua tha par final bill me reflect nahi hua.,Billing_Invoice,High,App
Screen cracked thi delivery ke time. App me tracking bhi galat show ho rahi hai.,Damaged_Product,High,App
Express delivery li thi fir bhi delay hua. Support ko contact kiya but koi update nahi.,Late_Delivery,High,Website
Discount apply hua tha par final bill me reflect nahi hua. Refund bhi abhi tak process nahi hua.,Billing_Invoice,High,Email
Screen cracked thi delivery ke time. Refund bhi abhi tak process nahi hua.,Damaged_Product,Medium,Email
Screen cracked thi delivery ke time. App me tracking bhi galat show ho rahi hai.,Damaged_Product,High,Call
Screen cracked thi delivery ke time. Refund bhi abhi tak process nahi hua.,Damaged_Product,Medium,Email
Discount apply hua tha par final bill me reflect nahi hua.,Billing_Invoice,Medium,App
Promised date se 3 din late deliver hua. App me tracking bhi galat show ho rahi hai.,Late_Delivery,High,Call
Express delivery li thi fir bhi delay hua.,Late_Delivery,Low,Email
3 baar complaint ki but koi proper response nahi mila.,Customer_Service,Medium,Email
Express delivery li thi fir bhi delay hua.,Late_Delivery,Low,App
3 baar complaint ki but koi proper response nahi mila.,Customer_Service,Medium,App
Original bola tha lekin duplicate nikla. Seller response bhi nahi de raha.,Seller_Fraud,High,App
Login karte hi something went wrong error aa raha hai.,App_Bug,High,Email
Return approve hua but pickup schedule nahi ho raha. Invoice INV565784.,Refund_Return,High,App
Discount apply hua tha par final bill me reflect nahi hua.,Billing_Invoice,Low,App
"Maine headphones order kiye the, wallet deliver kar diya. Order ORD291927.",Wrong_Product,Medium,App
Login karte hi something went wrong error aa raha hai.,App_Bug,High,App
Invoice me extra charge add ho gaya. Order ORD700457.,Billing_Invoice,Medium,Call
UPI payment deduct ho gaya par order place nahi hua. Txn TXN95588023.,Payment_Issue,Low,Email
"Maine headphones order kiye the, wallet deliver kar diya. Order ORD968677. App me tracking bhi galat show ho rahi hai.",Wrong_Product,Medium,App
Completely different product receive hua. Seller bhi reply nahi kar raha.,Wrong_Product,Medium,Call
Box kholte hi product broken nikla. Order ORD597619. Seller bhi reply nahi kar raha.,Damaged_Product,Medium,Website
"Maine headphones order kiye the, wallet deliver kar diya. Order ORD539017.",Wrong_Product,Medium,App
Completely different product receive hua. Seller bhi reply nahi kar raha.,Wrong_Product,High,Website
UPI payment deduct ho gaya par order place nahi hua. Txn TXN50599103.,Payment_Issue,Medium,App
"Tracking TRK8022049 update nahi ho raha, delivery date cross ho gayi.",Order_Not_Delivered,High,Email
Screen cracked thi delivery ke time.,Damaged_Product,Low,Email
Original bola tha lekin duplicate nikla. Seller response bhi nahi de raha.,Seller_Fraud,Medium,App
Invoice me extra charge add ho gaya. Order ORD534409.,Billing_Invoice,Low,Email
App crash ho rahi hai payment ke time. Ref TRK9853402.,App_Bug,Low,Website
Return approve hua but pickup schedule nahi ho raha. Invoice INV309414. Seller bhi reply nahi kar raha.,Refund_Return,Low,Website
Discount apply hua tha par final bill me reflect nahi hua.,Billing_Invoice,Medium,App
Discount apply hua tha par final bill me reflect nahi hua.,Billing_Invoice,Medium,Email
Express delivery li thi fir bhi delay hua. Refund bhi abhi tak process nahi hua.,Late_Delivery,Low,Website
Login karte hi something went wrong error aa raha hai.,App_Bug,High,App
Screen cracked thi delivery ke time.,Damaged_Product,High,App
"Maine headphones order kiye the, wallet deliver kar diya. Order ORD351771.",Wrong_Product,High,Call
Original bola tha lekin duplicate nikla. Seller response bhi nahi de raha.,Seller_Fraud,Medium,Email
3 baar complaint ki but koi proper response nahi mila.,Customer_Service,Low,Website
3 baar complaint ki but koi proper response nahi mila. Support ko contact kiya but koi update nahi.,Customer_Service,Low,Call
Customer support sirf ticket close kar raha hai without solution. Ref ORD291511.,Customer_Service,Low,App
3 baar complaint ki but koi proper response nahi mila. Refund bhi abhi tak process nahi hua.,Customer_Service,High,Email
"Tracking TRK8128878 update nahi ho raha, delivery date cross ho gayi.",Order_Not_Delivered,Medium,Email
Screen cracked thi delivery ke time.,Damaged_Product,Low,Website
"Tracking TRK5173662 update nahi ho raha, delivery date cross ho gayi.",Order_Not_Delivered,High,Website
UPI payment deduct ho gaya par order place nahi hua. Txn TXN61158360.,Payment_Issue,Medium,Call
Customer support sirf ticket close kar raha hai without solution. Ref ORD235630.,Customer_Service,Low,Website
Seller ne fake product bhej diya aur return bhi reject kar diya. Order ORD369035. App me tracking bhi galat show ho rahi hai.,Seller_Fraud,Medium,Website
"Tracking TRK2219224 update nahi ho raha, delivery date cross ho gayi.",Order_Not_Delivered,High,Email
Invoice me extra charge add ho gaya. Order ORD716549.,Billing_Invoice,Low,Call
Completely different product receive hua.,Wrong_Product,Medium,App
Customer support sirf ticket close kar raha hai without solution. Ref ORD367184.,Customer_Service,Medium,Website
"Order ORD732419 ko 11 din ho gaye, status out for delivery pe hi atka hai, parcel abhi tak nahi mila. Support ko contact kiya but koi update nahi.",Order_Not_Delivered,High,App
"Order ORD403660 ko 12 din ho gaye, status out for delivery pe hi atka hai, parcel abhi tak nahi mila.",Order_Not_Delivered,Low,Website
Promised date se 12 din late deliver hua. Seller bhi reply nahi kar raha.,Late_Delivery,Low,App
Seller ne fake product bhej diya aur return bhi reject kar diya. Order ORD117493.,Seller_Fraud,Low,Call
Original bola tha lekin duplicate nikla. Seller response bhi nahi de raha. Support ko contact kiya but koi update nahi.,Seller_Fraud,High,App
Customer support sirf ticket close kar raha hai without solution. Ref ORD158312.,Customer_Service,High,Call
Amount debit hua lekin confirmation nahi aaya.,Payment_Issue,High,App
Login karte hi something went wrong error aa raha hai.,App_Bug,High,App
Discount apply hua tha par final bill me reflect nahi hua.,Billing_Invoice,Medium,Email
Promised date se 9 din late deliver hua. Support ko contact kiya but koi update nahi.,Late_Delivery,High,App
Login karte hi something went wrong error aa raha hai. App me tracking bhi galat show ho rahi hai.,App_Bug,Medium,Website
App crash ho rahi hai payment ke time. Ref TRK6865513. Support ko contact kiya but koi update nahi.,App_Bug,Low,Website
App crash ho rahi hai payment ke time. Ref TRK4326518. Seller bhi reply nahi kar raha.,App_Bug,High,Website
Screen cracked thi delivery ke time. Refund bhi abhi tak process nahi hua.,Damaged_Product,Medium,App
Discount apply hua tha par final bill me reflect nahi hua.,Billing_Invoice,Medium,Email
"Order ORD924629 ko 10 din ho gaye, status out for delivery pe hi atka hai, parcel abhi tak nahi mila.",Order_Not_Delivered,Low,App
Invoice me extra charge add ho gaya. Order ORD789344. Refund bhi abhi tak process nahi hua.,Billing_Invoice,High,Email
"Order ORD685466 ko 7 din ho gaye, status out for delivery pe hi atka hai, parcel abhi tak nahi mila.",Order_Not_Delivered,Medium,App
3 baar complaint ki but koi proper response nahi mila.,Customer_Service,High,App
Return approve hua but pickup schedule nahi ho raha. Invoice INV961151. Seller bhi reply nahi kar raha.,Refund_Return,Medium,App
Screen cracked thi delivery ke time.,Damaged_Product,High,Website
Seller ne fake product bhej diya aur return bhi reject kar diya. Order ORD814051.,Seller_Fraud,Medium,App
Original bola tha lekin duplicate nikla. Seller response bhi nahi de raha.,Seller_Fraud,Medium,Call
"Maine headphones order kiye the, wallet deliver kar diya. Order ORD258913.",Wrong_Product,High,Call
3 baar complaint ki but koi proper response nahi mila.,Customer_Service,High,App
Refund 10 din se pending hai.,Refund_Return,Low,Call
Completely different product receive hua.,Wrong_Product,High,Email
Promised date se 8 din late deliver hua.,Late_Delivery,High,Email
"Maine headphones order kiye the, wallet deliver kar diya. Order ORD459567. Seller bhi reply nahi kar raha.",Wrong_Product,High,Call
"Tracking TRK3666440 update nahi ho raha, delivery date cross ho gayi. App me tracking bhi galat show ho rahi hai.",Order_Not_Delivered,Medium,Call
Discount apply hua tha par final bill me reflect nahi hua.,Billing_Invoice,Medium,Website
Return approve hua but pickup schedule nahi ho raha. Invoice INV887181.,Refund_Return,High,Email
Screen cracked thi delivery ke time. App me tracking bhi galat show ho rahi hai.,Damaged_Product,High,Email
Login karte hi something went wrong error aa raha hai.,App_Bug,High,Email
"Tracking TRK8523312 update nahi ho raha, delivery date cross ho gayi.",Order_Not_Delivered,High,App
Invoice me extra charge add ho gaya. Order ORD515473.,Billing_Invoice,High,App
Login karte hi something went wrong error aa raha hai. Support ko contact kiya but koi update nahi.,App_Bug,Medium,App
UPI payment deduct ho gaya par order place nahi hua. Txn TXN13867147.,Payment_Issue,High,Email
Customer support sirf ticket close kar raha hai without solution. Ref ORD904669.,Customer_Service,Medium,Website
Promised date se 10 din late deliver hua.,Late_Delivery,High,Call
3 baar complaint ki but koi proper response nahi mila.,Customer_Service,High,Email
3 baar complaint ki but koi proper response nahi mila. Seller bhi reply nahi kar raha.,Customer_Service,Medium,App
Screen cracked thi delivery ke time.,Damaged_Product,Low,Email
Discount apply hua tha par final bill me reflect nahi hua. App me tracking bhi galat show ho rahi hai.,Billing_Invoice,High,Call
Invoice me extra charge add ho gaya. Order ORD951042.,Billing_Invoice,High,Call
"Tracking TRK3588109 update nahi ho raha, delivery date cross ho gayi. Support ko contact kiya but koi update nahi.",Order_Not_Delivered,High,App
3 baar complaint ki but koi proper response nahi mila. App me tracking bhi galat show ho rahi hai.,Customer_Service,High,App
Invoice me extra charge add ho gaya. Order ORD431385.,Billing_Invoice,High,Website
Original bola tha lekin duplicate nikla. Seller response bhi nahi de raha.,Seller_Fraud,Medium,App
Login karte hi something went wrong error aa raha hai.,App_Bug,Medium,Call
Completely different product receive hua.,Wrong_Product,Low,Call
Discount apply hua tha par final bill me reflect nahi hua.,Billing_Invoice,Low,Website
Original bola tha lekin duplicate nikla. Seller response bhi nahi de raha.,Seller_Fraud,High,App
Discount apply hua tha par final bill me reflect nahi hua.,Billing_Invoice,High,Email
Seller ne fake product bhej diya aur return bhi reject kar diya. Order ORD944848. Refund bhi abhi tak process nahi hua.,Seller_Fraud,High,Website
Seller ne fake product bhej diya aur return bhi reject kar diya. Order ORD823730.,Seller_Fraud,Low,Email
Customer support sirf ticket close kar raha hai without solution. Ref ORD687906.,Customer_Service,Low,Call
Invoice me extra charge add ho gaya. Order ORD370833.,Billing_Invoice,Medium,Website
Screen cracked thi delivery ke time.,Damaged_Product,High,App
Customer support sirf ticket close kar raha hai without solution. Ref ORD168428.,Customer_Service,High,Email
Customer support sirf ticket close kar raha hai without solution. Ref ORD411345.,Customer_Service,High,App
Screen cracked thi delivery ke time.,Damaged_Product,High,Call
"Tracking TRK8321870 update nahi ho raha, delivery date cross ho gayi. Support ko contact kiya but koi update nahi.",Order_Not_Delivered,High,App
Screen cracked thi delivery ke time. App me tracking bhi galat show ho rahi hai.,Damaged_Product,Low,Website
Refund 10 din se pending hai.,Refund_Return,High,App
Amount debit hua lekin confirmation nahi aaya. Refund bhi abhi tak process nahi hua.,Payment_Issue,High,Call
Screen cracked thi delivery ke time.,Damaged_Product,High,Email
"Order ORD771417 ko 2 din ho gaye, status out for delivery pe hi atka hai, parcel abhi tak nahi mila. App me tracking bhi galat show ho rahi hai.",Order_Not_Delivered,High,Call
Discount apply hua tha par final bill me reflect nahi hua. Seller bhi reply nahi kar raha.,Billing_Invoice,Low,Call
Promised date se 5 din late deliver hua.,Late_Delivery,Medium,Email
Login karte hi something went wrong error aa raha hai.,App_Bug,High,Call
App crash ho rahi hai payment ke time. Ref TRK9769763.,App_Bug,Medium,Email
Promised date se 11 din late deliver hua.,Late_Delivery,Low,Email
"Tracking TRK4481895 update nahi ho raha, delivery date cross ho gayi. Support ko contact kiya but koi update nahi.",Order_Not_Delivered,High,Website
Amount debit hua lekin confirmation nahi aaya.,Payment_Issue,Medium,App
App crash ho rahi hai payment ke time. Ref TRK5837150. Seller bhi reply nahi kar raha.,App_Bug,Medium,Website
Login karte hi something went wrong error aa raha hai.,App_Bug,Medium,Email
Refund 10 din se pending hai.,Refund_Return,Medium,App
Promised date se 12 din late deliver hua.,Late_Delivery,Medium,Email
Login karte hi something went wrong error aa raha hai.,App_Bug,Low,Website
Login karte hi something went wrong error aa raha hai.,App_Bug,Medium,Email
Discount apply hua tha par final bill me reflect nahi hua. App me tracking bhi galat show ho rahi hai.,Billing_Invoice,High,Website
Amount debit hua lekin confirmation nahi aaya.,Payment_Issue,High,Website
Discount apply hua tha par final bill me reflect nahi hua.,Billing_Invoice,Low,Call
Login karte hi something went wrong error aa raha hai.,App_Bug,High,Email
Refund 10 din se pending hai. Seller bhi reply nahi kar raha.,Refund_Return,High,Call
3 baar complaint ki but koi proper response nahi mila.,Customer_Service,High,Call
Discount apply hua tha par final bill me reflect nahi hua.,Billing_Invoice,High,Call
Return approve hua but pickup schedule nahi ho raha. Invoice INV311383.,Refund_Return,Low,App
"Maine headphones order kiye the, wallet deliver kar diya. Order ORD977131.",Wrong_Product,Medium,Website
Invoice me extra charge add ho gaya. Order ORD752435.,Billing_Invoice,Medium,Call
"Order ORD936043 ko 10 din ho gaye, status out for delivery pe hi atka hai, parcel abhi tak nahi mila.",Order_Not_Delivered,Medium,App
Amount debit hua lekin confirmation nahi aaya.,Payment_Issue,Medium,Call
Login karte hi something went wrong error aa raha hai. Refund bhi abhi tak process nahi hua.,App_Bug,High,Website
"Maine headphones order kiye the, wallet deliver kar diya. Order ORD319933.",Wrong_Product,High,App
Discount apply hua tha par final bill me reflect nahi hua.,Billing_Invoice,Low,App
Completely different product receive hua. Refund bhi abhi tak process nahi hua.,Wrong_Product,Medium,App
Original bola tha lekin duplicate nikla. Seller response bhi nahi de raha. Seller bhi reply nahi kar raha.,Seller_Fraud,Medium,App
Customer support sirf ticket close kar raha hai without solution. Ref ORD448256.,Customer_Service,Low,Website
"Order ORD690894 ko 9 din ho gaye, status out for delivery pe hi atka hai, parcel abhi tak nahi mila. App me tracking bhi galat show ho rahi hai.",Order_Not_Delivered,Medium,Email
UPI payment deduct ho gaya par order place nahi hua. Txn TXN78918830.,Payment_Issue,Low,Website
Seller ne fake product bhej diya aur return bhi reject kar diya. Order ORD979859.,Seller_Fraud,Medium,Email
"Tracking TRK5105260 update nahi ho raha, delivery date cross ho gayi.",Order_Not_Delivered,High,Email
Screen cracked thi delivery ke time.,Damaged_Product,High,Website
"Tracking TRK1041739 update nahi ho raha, delivery date cross ho gayi.",Order_Not_Delivered,High,App
Invoice me extra charge add ho gaya. Order ORD591508.,Billing_Invoice,Medium,Email
Completely different product receive hua. Support ko contact kiya but koi update nahi.,Wrong_Product,High,Call
"Order ORD258863 ko 12 din ho gaye, status out for delivery pe hi atka hai, parcel abhi tak nahi mila.",Order_Not_Delivered,High,Call
3 baar complaint ki but koi proper response nahi mila.,Customer_Service,Low,Email
App crash ho rahi hai payment ke time. Ref TRK8468713.,App_Bug,Medium,App
UPI payment deduct ho gaya par order place nahi hua. Txn TXN38203297.,Payment_Issue,High,App
Customer support sirf ticket close kar raha hai without solution. Ref ORD684923.,Customer_Service,Medium,Website
Invoice me extra charge add ho gaya. Order ORD630084.,Billing_Invoice,Medium,Website
Amount debit hua lekin confirmation nahi aaya.,Payment_Issue,High,App
Return approve hua but pickup schedule nahi ho raha. Invoice INV874087.,Refund_Return,Medium,Website
Refund 10 din se pending hai.,Refund_Return,Medium,Call
Invoice me extra charge add ho gaya. Order ORD224174. Support ko contact kiya but koi update nahi.,Billing_Invoice,Medium,Website
Invoice me extra charge add ho gaya. Order ORD334780.,Billing_Invoice,High,Email
Login karte hi something went wrong error aa raha hai.,App_Bug,High,Call
Promised date se 2 din late deliver hua.,Late_Delivery,Medium,App
Box kholte hi product broken nikla. Order ORD205014. Refund bhi abhi tak process nahi hua.,Damaged_Product,High,App
Customer support sirf ticket close kar raha hai without solution. Ref ORD650290.,Customer_Service,High,Email
Login karte hi something went wrong error aa raha hai.,App_Bug,High,App
3 baar complaint ki but koi proper response nahi mila.,Customer_Service,Low,Email
Promised date se 7 din late deliver hua.,Late_Delivery,High,App
Screen cracked thi delivery ke time. Refund bhi abhi tak process nahi hua.,Damaged_Product,Medium,Email
3 baar complaint ki but koi proper response nahi mila. Support ko contact kiya but koi update nahi.,Customer_Service,Medium,Call
Screen cracked thi delivery ke time.,Damaged_Product,Medium,Call
Original bola tha lekin duplicate nikla. Seller response bhi nahi de raha.,Seller_Fraud,High,Website
"Maine headphones order kiye the, wallet deliver kar diya. Order ORD794730.",Wrong_Product,Medium,Website
App crash ho rahi hai payment ke time. Ref TRK2488612.,App_Bug,Medium,Website
UPI payment deduct ho gaya par order place nahi hua. Txn TXN22142709.,Payment_Issue,Medium,App
Completely different product receive hua. App me tracking bhi galat show ho rahi hai.,Wrong_Product,Low,Email
3 baar complaint ki but koi proper response nahi mila. Seller bhi reply nahi kar raha.,Customer_Service,High,Email
"Maine headphones order kiye the, wallet deliver kar diya. Order ORD757574.",Wrong_Product,Medium,Email
"Order ORD273628 ko 3 din ho gaye, status out for delivery pe hi atka hai, parcel abhi tak nahi mila.",Order_Not_Delivered,Medium,Email
Return approve hua but pickup schedule nahi ho raha. Invoice INV978472.,Refund_Return,Medium,App
Login karte hi something went wrong error aa raha hai. Support ko contact kiya but koi update nahi.,App_Bug,Medium,Website
Completely different product receive hua.,Wrong_Product,Low,Email
UPI payment deduct ho gaya par order place nahi hua. Txn TXN35120806.,Payment_Issue,High,Call
Invoice me extra charge add ho gaya. Order ORD728918.,Billing_Invoice,High,Email
Box kholte hi product broken nikla. Order ORD391383.,Damaged_Product,Medium,Website
App crash ho rahi hai payment ke time. Ref TRK1664676.,App_Bug,Medium,Call
"Maine headphones order kiye the, wallet deliver kar diya. Order ORD198343.",Wrong_Product,Medium,Email
Box kholte hi product broken nikla. Order ORD387674. Refund bhi abhi tak process nahi hua.,Damaged_Product,High,Email
Express delivery li thi fir bhi delay hua. App me tracking bhi galat show ho rahi hai.,Late_Delivery,High,Website
Invoice me extra charge add ho gaya. Order ORD695183.,Billing_Invoice,Medium,Email
"Maine headphones order kiye the, wallet deliver kar diya. Order ORD770416.",Wrong_Product,High,App
Customer support sirf ticket close kar raha hai without solution. Ref ORD127604. Support ko contact kiya but koi update nahi.,Customer_Service,Medium,Email
Customer support sirf ticket close kar raha hai without solution. Ref ORD972146. App me tracking bhi galat show ho rahi hai.,Customer_Service,Medium,Website
"Maine headphones order kiye the, wallet deliver kar diya. Order ORD700480.",Wrong_Product,High,Email
Customer support sirf ticket close kar raha hai without solution. Ref ORD491948. Seller bhi reply nahi kar raha.,Customer_Service,High,Call
Completely different product receive hua.,Wrong_Product,High,App
Completely different product receive hua.,Wrong_Product,Medium,App
Login karte hi something went wrong error aa raha hai.,App_Bug,High,Email
Seller ne fake product bhej diya aur return bhi reject kar diya. Order ORD440338.,Seller_Fraud,Medium,Website
App crash ho rahi hai payment ke time. Ref TRK2302184. App me tracking bhi galat show ho rahi hai.,App_Bug,Medium,Email
Invoice me extra charge add ho gaya. Order ORD446731.,Billing_Invoice,Medium,App
Original bola tha lekin duplicate nikla. Seller response bhi nahi de raha.,Seller_Fraud,High,Website
"Order ORD155358 ko 4 din ho gaye, status out for delivery pe hi atka hai, parcel abhi tak nahi mila.",Order_Not_Delivered,High,Email
Amount debit hua lekin confirmation nahi aaya. Seller bhi reply nahi kar raha.,Payment_Issue,High,Website
"Tracking TRK1615190 update nahi ho raha, delivery date cross ho gayi. Support ko contact kiya but koi update nahi.",Order_Not_Delivered,High,Call
Invoice me extra charge add ho gaya. Order ORD315803.,Billing_Invoice,High,App
UPI payment deduct ho gaya par order place nahi hua. Txn TXN99233211. App me tracking bhi galat show ho rahi hai.,Payment_Issue,High,App
"Order ORD991642 ko 6 din ho gaye, status out for delivery pe hi atka hai, parcel abhi tak nahi mila.",Order_Not_Delivered,High,App
Seller ne fake product bhej diya aur return bhi reject kar diya. Order ORD481280.,Seller_Fraud,High,Email
3 baar complaint ki but koi proper response nahi mila.,Customer_Service,Medium,Email
Screen cracked thi delivery ke time. App me tracking bhi galat show ho rahi hai.,Damaged_Product,High,Email
Seller ne fake product bhej diya aur return bhi reject kar diya. Order ORD865127.,Seller_Fraud,Medium,Website
3 baar complaint ki but koi proper response nahi mila.,Customer_Service,Medium,Email
Login karte hi something went wrong error aa raha hai.,App_Bug,High,Call
Amount debit hua lekin confirmation nahi aaya.,Payment_Issue,High,Email
"Tracking TRK7198743 update nahi ho raha, delivery date cross ho gayi.",Order_Not_Delivered,Medium,Website
3 baar complaint ki but koi proper response nahi mila.,Customer_Service,Medium,Email
Original bola tha lekin duplicate nikla. Seller response bhi nahi de raha. App me tracking bhi galat show ho rahi hai.,Seller_Fraud,Medium,Website
3 baar complaint ki but koi proper response nahi mila.,Customer_Service,Medium,Call
UPI payment deduct ho gaya par order place nahi hua. Txn TXN98496272.,Payment_Issue,High,Call
Seller ne fake product bhej diya aur return bhi reject kar diya. Order ORD533018. App me tracking bhi galat show ho rahi hai.,Seller_Fraud,Medium,Website
App crash ho rahi hai payment ke time. Ref TRK2613657.,App_Bug,High,Call
Return approve hua but pickup schedule nahi ho raha. Invoice INV192677. Support ko contact kiya but koi update nahi.,Refund_Return,Medium,Call
"Order ORD912662 ko 10 din ho gaye, status out for delivery pe hi atka hai, parcel abhi tak nahi mila.",Order_Not_Delivered,Medium,App
"Maine headphones order kiye the, wallet deliver kar diya. Order ORD505376. Seller bhi reply nahi kar raha.",Wrong_Product,Low,Call
Screen cracked thi delivery ke time.,Damaged_Product,Medium,Website
Discount apply hua tha par final bill me reflect nahi hua. Support ko contact kiya but koi update nahi.,Billing_Invoice,Medium,Email
"Tracking TRK5400067 update nahi ho raha, delivery date cross ho gayi.",Order_Not_Delivered,High,Call
Login karte hi something went wrong error aa raha hai.,App_Bug,Medium,App
Invoice me extra charge add ho gaya. Order ORD329062. App me tracking bhi galat show ho rahi hai.,Billing_Invoice,High,Email
Box kholte hi product broken nikla. Order ORD219106.,Damaged_Product,Medium,App
Box kholte hi product broken nikla. Order ORD304144. App me tracking bhi galat show ho rahi hai.,Damaged_Product,Medium,Website
Amount debit hua lekin confirmation nahi aaya.,Payment_Issue,Medium,App
Box kholte hi product broken nikla. Order ORD555250. Refund bhi abhi tak process nahi hua.,Damaged_Product,Low,App
"Order ORD396669 ko 2 din ho gaye, status out for delivery pe hi atka hai, parcel abhi tak nahi mila.",Order_Not_Delivered,Medium,Website
Return approve hua but pickup schedule nahi ho raha. Invoice INV689112.,Refund_Return,High,App
Box kholte hi product broken nikla. Order ORD751002. Support ko contact kiya but koi update nahi.,Damaged_Product,High,Email
3 baar complaint ki but koi proper response nahi mila. Seller bhi reply nahi kar raha.,Customer_Service,Medium,App
Invoice me extra charge add ho gaya. Order ORD315386.,Billing_Invoice,High,App
Box kholte hi product broken nikla. Order ORD313152.,Damaged_Product,Low,App
Amount debit hua lekin confirmation nahi aaya.,Payment_Issue,High,App
"Tracking TRK6017628 update nahi ho raha, delivery date cross ho gayi.",Order_Not_Delivered,High,Website
Amount debit hua lekin confirmation nahi aaya. App me tracking bhi galat show ho rahi hai.,Payment_Issue,High,App
Seller ne fake product bhej diya aur return bhi reject kar diya. Order ORD139331.,Seller_Fraud,High,Email
Seller ne fake product bhej diya aur return bhi reject kar diya. Order ORD224749.,Seller_Fraud,High,Email
Seller ne fake product bhej diya aur return bhi reject kar diya. Order ORD530927. Refund bhi abhi tak process nahi hua.,Seller_Fraud,Medium,Email
Original bola tha lekin duplicate nikla. Seller response bhi nahi de raha. Refund bhi abhi tak process nahi hua.,Seller_Fraud,High,App
Refund 10 din se pending hai.,Refund_Return,Medium,Website
UPI payment deduct ho gaya par order place nahi hua. Txn TXN94378401.,Payment_Issue,High,Call
Original bola tha lekin duplicate nikla. Seller response bhi nahi de raha.,Seller_Fraud,Medium,Call
Original bola tha lekin duplicate nikla. Seller response bhi nahi de raha. Seller bhi reply nahi kar raha.,Seller_Fraud,Medium,App
"Tracking TRK4732633 update nahi ho raha, delivery date cross ho gayi.",Order_Not_Delivered,Low,Website
3 baar complaint ki but koi proper response nahi mila.,Customer_Service,High,App
App crash ho rahi hai payment ke time. Ref TRK3274581.,App_Bug,High,App
"Order ORD246807 ko 4 din ho gaye, status out for delivery pe hi atka hai, parcel abhi tak nahi mila. Support ko contact kiya but koi update nahi.",Order_Not_Delivered,High,Email
Invoice me extra charge add ho gaya. Order ORD651560.,Billing_Invoice,High,Email
"Tracking TRK2943171 update nahi ho raha, delivery date cross ho gayi.",Order_Not_Delivered,Low,Email
Login karte hi something went wrong error aa raha hai. Support ko contact kiya but koi update nahi.,App_Bug,Low,App
Screen cracked thi delivery ke time.,Damaged_Product,Medium,App
Completely different product receive hua. Seller bhi reply nahi kar raha.,Wrong_Product,High,Email
"Tracking TRK6526890 update nahi ho raha, delivery date cross ho gayi.",Order_Not_Delivered,Low,Website
Box kholte hi product broken nikla. Order ORD787641.,Damaged_Product,Medium,Website
"Maine headphones order kiye the, wallet deliver kar diya. Order ORD189131. App me tracking bhi galat show ho rahi hai.",Wrong_Product,High,Email
"Maine headphones order kiye the, wallet deliver kar diya. Order ORD806413.",Wrong_Product,Medium,App
Original bola tha lekin duplicate nikla. Seller response bhi nahi de raha.,Seller_Fraud,High,Email
Completely different product receive hua.,Wrong_Product,High,Email
Seller ne fake product bhej diya aur return bhi reject kar diya. Order ORD974633.,Seller_Fraud,Medium,Email
Refund 10 din se pending hai.,Refund_Return,Medium,Website
Discount apply hua tha par final bill me reflect nahi hua.,Billing_Invoice,Medium,App
Refund 10 din se pending hai. Refund bhi abhi tak process nahi hua.,Refund_Return,High,App
"Maine headphones order kiye the, wallet deliver kar diya. Order ORD602174.",Wrong_Product,Low,Email
3 baar complaint ki but koi proper response nahi mila.,Customer_Service,Medium,Website
Screen cracked thi delivery ke time.,Damaged_Product,High,Call
Login karte hi something went wrong error aa raha hai.,App_Bug,High,Email
3 baar complaint ki but koi proper response nahi mila.,Customer_Service,High,Website
3 baar complaint ki but koi proper response nahi mila.,Customer_Service,Medium,Email
Login karte hi something went wrong error aa raha hai.,App_Bug,Low,Website
"Maine headphones order kiye the, wallet deliver kar diya. Order ORD148329.",Wrong_Product,High,App
Invoice me extra charge add ho gaya. Order ORD608950.,Billing_Invoice,High,App
Invoice me extra charge add ho gaya. Order ORD225014. App me tracking bhi galat show ho rahi hai.,Billing_Invoice,High,Website
Invoice me extra charge add ho gaya. Order ORD515461.,Billing_Invoice,High,Website
"Maine headphones order kiye the, wallet deliver kar diya. Order ORD416743. Seller bhi reply nahi kar raha.",Wrong_Product,High,App
"Order ORD774220 ko 11 din ho gaye, status out for delivery pe hi atka hai, parcel abhi tak nahi mila. App me tracking bhi galat show ho rahi hai.",Order_Not_Delivered,High,App
"Order ORD292735 ko 8 din ho gaye, status out for delivery pe hi atka hai, parcel abhi tak nahi mila. Refund bhi abhi tak process nahi hua.",Order_Not_Delivered,High,Email
App crash ho rahi hai payment ke time. Ref TRK7181837. App me tracking bhi galat show ho rahi hai.,App_Bug,Medium,Website
Original bola tha lekin duplicate nikla. Seller response bhi nahi de raha.,Seller_Fraud,High,Call
Login karte hi something went wrong error aa raha hai.,App_Bug,High,Email
Express delivery li thi fir bhi delay hua. Seller bhi reply nahi kar raha.,Late_Delivery,Low,Call
Amount debit hua lekin confirmation nahi aaya. App me tracking bhi galat show ho rahi hai.,Payment_Issue,Medium,Call
"Order ORD921825 ko 12 din ho gaye, status out for delivery pe hi atka hai, parcel abhi tak nahi mila.",Order_Not_Delivered,Medium,Call
App crash ho rahi hai payment ke time. Ref TRK3215354. App me tracking bhi galat show ho rahi hai.,App_Bug,Medium,Call
"Tracking TRK8173568 update nahi ho raha, delivery date cross ho gayi. Support ko contact kiya but koi update nahi.",Order_Not_Delivered,Medium,App
"Maine headphones order kiye the, wallet deliver kar diya. Order ORD175090.",Wrong_Product,Medium,Email
Discount apply hua tha par final bill me reflect nahi hua.,Billing_Invoice,High,App
Return approve hua but pickup schedule nahi ho raha. Invoice INV910453.,Refund_Return,Medium,Website
Promised date se 7 din late deliver hua.,Late_Delivery,Medium,Call
Invoice me extra charge add ho gaya. Order ORD232969. Support ko contact kiya but koi update nahi.,Billing_Invoice,Medium,Call
Invoice me extra charge add ho gaya. Order ORD457383. Refund bhi abhi tak process nahi hua.,Billing_Invoice,Medium,App
Screen cracked thi delivery ke time.,Damaged_Product,Low,Website
Express delivery li thi fir bhi delay hua.,Late_Delivery,High,Website
Completely different product receive hua.,Wrong_Product,High,Call
Completely different product receive hua.,Wrong_Product,Medium,App
Customer support sirf ticket close kar raha hai without solution. Ref ORD430198.,Customer_Service,High,Call
Completely different product receive hua.,Wrong_Product,Medium,Call
App crash ho rahi hai payment ke time. Ref TRK4882500.,App_Bug,Medium,Website
3 baar complaint ki but koi proper response nahi mila.,Customer_Service,Low,Email
Return approve hua but pickup schedule nahi ho raha. Invoice INV406925.,Refund_Return,Low,App
3 baar complaint ki but koi proper response nahi mila. Refund bhi abhi tak process nahi hua.,Customer_Service,Medium,App
Invoice me extra charge add ho gaya. Order ORD341359.,Billing_Invoice,Medium,Website
Box kholte hi product broken nikla. Order ORD566309.,Damaged_Product,High,App
Screen cracked thi delivery ke time.,Damaged_Product,High,Website
Login karte hi something went wrong error aa raha hai.,App_Bug,Medium,App
Box kholte hi product broken nikla. Order ORD855018. Refund bhi abhi tak process nahi hua.,Damaged_Product,Medium,Website
Seller ne fake product bhej diya aur return bhi reject kar diya. Order ORD543400. Support ko contact kiya but koi update nahi.,Seller_Fraud,Low,Call
"Maine headphones order kiye the, wallet deliver kar diya. Order ORD831184.",Wrong_Product,High,Email
Return approve hua but pickup schedule nahi ho raha. Invoice INV539674.,Refund_Return,High,Website
Original bola tha lekin duplicate nikla. Seller response bhi nahi de raha. Seller bhi reply nahi kar raha.,Seller_Fraud,High,Email
Customer support sirf ticket close kar raha hai without solution. Ref ORD598276. Seller bhi reply nahi kar raha.,Customer_Service,High,App
Customer support sirf ticket close kar raha hai without solution. Ref ORD164226. App me tracking bhi galat show ho rahi hai.,Customer_Service,High,Email
"Order ORD974132 ko 12 din ho gaye, status out for delivery pe hi atka hai, parcel abhi tak nahi mila.",Order_Not_Delivered,High,Website
Discount apply hua tha par final bill me reflect nahi hua. Seller bhi reply nahi kar raha.,Billing_Invoice,High,Call
Completely different product receive hua.,Wrong_Product,Medium,Email
"Order ORD262285 ko 3 din ho gaye, status out for delivery pe hi atka hai, parcel abhi tak nahi mila.",Order_Not_Delivered,Medium,Website
Invoice me extra charge add ho gaya. Order ORD557107.,Billing_Invoice,High,Call
"Tracking TRK7465605 update nahi ho raha, delivery date cross ho gayi.",Order_Not_Delivered,Medium,Website
Seller ne fake product bhej diya aur return bhi reject kar diya. Order ORD599636.,Seller_Fraud,Low,Website
Discount apply hua tha par final bill me reflect nahi hua.,Billing_Invoice,Medium,Email
Seller ne fake product bhej diya aur return bhi reject kar diya. Order ORD359485.,Seller_Fraud,Medium,App
Discount apply hua tha par final bill me reflect nahi hua.,Billing_Invoice,Low,Call
"Maine headphones order kiye the, wallet deliver kar diya. Order ORD104509.",Wrong_Product,High,Call
Original bola tha lekin duplicate nikla. Seller response bhi nahi de raha.,Seller_Fraud,Medium,App
Seller ne fake product bhej diya aur return bhi reject kar diya. Order ORD643014.,Seller_Fraud,High,Call
Box kholte hi product broken nikla. Order ORD661167.,Damaged_Product,Medium,Website
Amount debit hua lekin confirmation nahi aaya.,Payment_Issue,Medium,Website
3 baar complaint ki but koi proper response nahi mila.,Customer_Service,High,Call
Return approve hua but pickup schedule nahi ho raha. Invoice INV967466. Refund bhi abhi tak process nahi hua.,Refund_Return,Medium,Call
Seller ne fake product bhej diya aur return bhi reject kar diya. Order ORD465742.,Seller_Fraud,High,Call
Refund 10 din se pending hai.,Refund_Return,High,Call
Invoice me extra charge add ho gaya. Order ORD736753. Refund bhi abhi tak process nahi hua.,Billing_Invoice,High,Email
Original bola tha lekin duplicate nikla. Seller response bhi nahi de raha.,Seller_Fraud,Medium,Website
Seller ne fake product bhej diya aur return bhi reject kar diya. Order ORD707603.,Seller_Fraud,Medium,Call
"Tracking TRK5081001 update nahi ho raha, delivery date cross ho gayi.",Order_Not_Delivered,Medium,App
"Tracking TRK2613678 update nahi ho raha, delivery date cross ho gayi.",Order_Not_Delivered,Low,Call
"Order ORD241086 ko 11 din ho gaye, status out for delivery pe hi atka hai, parcel abhi tak nahi mila.",Order_Not_Delivered,Medium,Call
Refund 10 din se pending hai.,Refund_Return,Medium,Email
"Maine headphones order kiye the, wallet deliver kar diya. Order ORD729274.",Wrong_Product,Medium,Email
Discount apply hua tha par final bill me reflect nahi hua.,Billing_Invoice,Medium,App
Promised date se 8 din late deliver hua.,Late_Delivery,High,Website
3 baar complaint ki but koi proper response nahi mila. Seller bhi reply nahi kar raha.,Customer_Service,High,App
App crash ho rahi hai payment ke time. Ref TRK7561954.,App_Bug,Medium,App
Customer support sirf ticket close kar raha hai without solution. Ref ORD686655.,Customer_Service,High,Website
Box kholte hi product broken nikla. Order ORD345861.,Damaged_Product,Medium,Website
Box kholte hi product broken nikla. Order ORD161040. Support ko contact kiya but koi update nahi.,Damaged_Product,High,Call
"Maine headphones order kiye the, wallet deliver kar diya. Order ORD948866. Support ko contact kiya but koi update nahi.",Wrong_Product,High,Email
"Order ORD755352 ko 2 din ho gaye, status out for delivery pe hi atka hai, parcel abhi tak nahi mila.",Order_Not_Delivered,Medium,Call
Invoice me extra charge add ho gaya. Order ORD354218.,Billing_Invoice,High,App
Seller ne fake product bhej diya aur return bhi reject kar diya. Order ORD807137.,Seller_Fraud,Low,Email
Screen cracked thi delivery ke time.,Damaged_Product,High,App
"Tracking TRK4558295 update nahi ho raha, delivery date cross ho gayi.",Order_Not_Delivered,High,Website
Login karte hi something went wrong error aa raha hai.,App_Bug,High,Call
Login karte hi something went wrong error aa raha hai.,App_Bug,Medium,Call
App crash ho rahi hai payment ke time. Ref TRK9308741.,App_Bug,Medium,Website
Invoice me extra charge add ho gaya. Order ORD553448. App me tracking bhi galat show ho rahi hai.,Billing_Invoice,Low,Website
Discount apply hua tha par final bill me reflect nahi hua.,Billing_Invoice,Medium,App
"Maine headphones order kiye the, wallet deliver kar diya. Order ORD569286. Seller bhi reply nahi kar raha.",Wrong_Product,Medium,Website
Box kholte hi product broken nikla. Order ORD242164.,Damaged_Product,High,Email
Amount debit hua lekin confirmation nahi aaya.,Payment_Issue,High,App
Customer support sirf ticket close kar raha hai without solution. Ref ORD845099.,Customer_Service,Medium,Email
Invoice me extra charge add ho gaya. Order ORD699425.,Billing_Invoice,Low,Call
Customer support sirf ticket close kar raha hai without solution. Ref ORD660341. Refund bhi abhi tak process nahi hua.,Customer_Service,Medium,App
"Tracking TRK1731266 update nahi ho raha, delivery date cross ho gayi. Support ko contact kiya but koi update nahi.",Order_Not_Delivered,Medium,Call
Completely different product receive hua.,Wrong_Product,Medium,Website
"Order ORD866599 ko 2 din ho gaye, status out for delivery pe hi atka hai, parcel abhi tak nahi mila. App me tracking bhi galat show ho rahi hai.",Order_Not_Delivered,Medium,App
"Maine headphones order kiye the, wallet deliver kar diya. Order ORD699387.",Wrong_Product,High,Website
Seller ne fake product bhej diya aur return bhi reject kar diya. Order ORD527896.,Seller_Fraud,High,App
"Tracking TRK4281046 update nahi ho raha, delivery date cross ho gayi.",Order_Not_Delivered,Low,Call
Original bola tha lekin duplicate nikla. Seller response bhi nahi de raha.,Seller_Fraud,Medium,Email
"Maine headphones order kiye the, wallet deliver kar diya. Order ORD945948.",Wrong_Product,High,Call
Login karte hi something went wrong error aa raha hai.,App_Bug,Medium,Email
Login karte hi something went wrong error aa raha hai. App me tracking bhi galat show ho rahi hai.,App_Bug,Low,Call
Customer support sirf ticket close kar raha hai without solution. Ref ORD798621.,Customer_Service,Low,Email
Login karte hi something went wrong error aa raha hai. App me tracking bhi galat show ho rahi hai.,App_Bug,Medium,Email
Seller ne fake product bhej diya aur return bhi reject kar diya. Order ORD795201.,Seller_Fraud,Low,Email
Original bola tha lekin duplicate nikla. Seller response bhi nahi de raha.,Seller_Fraud,Low,Call
Amount debit hua lekin confirmation nahi aaya.,Payment_Issue,High,App
Completely different product receive hua.,Wrong_Product,High,Website
Completely different product receive hua.,Wrong_Product,Medium,Email
Login karte hi something went wrong error aa raha hai. Support ko contact kiya but koi update nahi.,App_Bug,High,Email
"Order ORD809449 ko 2 din ho gaye, status out for delivery pe hi atka hai, parcel abhi tak nahi mila. Refund bhi abhi tak process nahi hua.",Order_Not_Delivered,High,Website
UPI payment deduct ho gaya par order place nahi hua. Txn TXN40464181. App me tracking bhi galat show ho rahi hai.,Payment_Issue,Medium,Website
Screen cracked thi delivery ke time. Support ko contact kiya but koi update nahi.,Damaged_Product,Medium,App
Customer support sirf ticket close kar raha hai without solution. Ref ORD520589. App me tracking bhi galat show ho rahi hai.,Customer_Service,Low,Call
Refund 10 din se pending hai. Support ko contact kiya but koi update nahi.,Refund_Return,Medium,Email
3 baar complaint ki but koi proper response nahi mila.,Customer_Service,Medium,App
Completely different product receive hua.,Wrong_Product,High,Website
App crash ho rahi hai payment ke time. Ref TRK8010846.,App_Bug,High,Call
Original bola tha lekin duplicate nikla. Seller response bhi nahi de raha.,Seller_Fraud,Medium,Email
UPI payment deduct ho gaya par order place nahi hua. Txn TXN23623588.,Payment_Issue,High,Email
Completely different product receive hua.,Wrong_Product,High,Website
"Tracking TRK1338524 update nahi ho raha, delivery date cross ho gayi.",Order_Not_Delivered,Low,Call
Box kholte hi product broken nikla. Order ORD425860.,Damaged_Product,Medium,Website
Refund 10 din se pending hai.,Refund_Return,High,Website
Promised date se 12 din late deliver hua. Support ko contact kiya but koi update nahi.,Late_Delivery,High,Email
App crash ho rahi hai payment ke time. Ref TRK5995918. Support ko contact kiya but koi update nahi.,App_Bug,Medium,Website
"Tracking TRK8908455 update nahi ho raha, delivery date cross ho gayi.",Order_Not_Delivered,High,App
"Tracking TRK1407398 update nahi ho raha, delivery date cross ho gayi. Seller bhi reply nahi kar raha.",Order_Not_Delivered,Medium,Website
App crash ho rahi hai payment ke time. Ref TRK7249716.,App_Bug,Low,Call
Invoice me extra charge add ho gaya. Order ORD436271.,Billing_Invoice,Low,Call
Login karte hi something went wrong error aa raha hai. Support ko contact kiya but koi update nahi.,App_Bug,Medium,Call
Seller ne fake product bhej diya aur return bhi reject kar diya. Order ORD879762. Support ko contact kiya but koi update nahi.,Seller_Fraud,High,Website
Invoice me extra charge add ho gaya. Order ORD925068.,Billing_Invoice,Medium,App
Screen cracked thi delivery ke time. Refund bhi abhi tak process nahi hua.,Damaged_Product,High,App
Invoice me extra charge add ho gaya. Order ORD159223. Support ko contact kiya but koi update nahi.,Billing_Invoice,High,Call
Box kholte hi product broken nikla. Order ORD687686.,Damaged_Product,Medium,Email
App crash ho rahi hai payment ke time. Ref TRK6305096.,App_Bug,High,App
Customer support sirf ticket close kar raha hai without solution. Ref ORD386410.,Customer_Service,Medium,Website
Original bola tha lekin duplicate nikla. Seller response bhi nahi de raha.,Seller_Fraud,Medium,Website
Invoice me extra charge add ho gaya. Order ORD150822. Seller bhi reply nahi kar raha.,Billing_Invoice,High,Email
Seller ne fake product bhej diya aur return bhi reject kar diya. Order ORD203326. Support ko contact kiya but koi update nahi.,Seller_Fraud,High,Website
App crash ho rahi hai payment ke time. Ref TRK7488346.,App_Bug,High,App
Seller ne fake product bhej diya aur return bhi reject kar diya. Order ORD780014. Refund bhi abhi tak process nahi hua.,Seller_Fraud,Medium,Call
Invoice me extra charge add ho gaya. Order ORD144817. Seller bhi reply nahi kar raha.,Billing_Invoice,Medium,Call
Refund 10 din se pending hai.,Refund_Return,Medium,Email
"Order ORD581063 ko 3 din ho gaye, status out for delivery pe hi atka hai, parcel abhi tak nahi mila.",Order_Not_Delivered,Low,App
Login karte hi something went wrong error aa raha hai.,App_Bug,Medium,Email
Customer support sirf ticket close kar raha hai without solution. Ref ORD729187. App me tracking bhi galat show ho rahi hai.,Customer_Service,Medium,App
Login karte hi something went wrong error aa raha hai.,App_Bug,High,Website
Screen cracked thi delivery ke time.,Damaged_Product,Medium,Call
"Tracking TRK5806597 update nahi ho raha, delivery date cross ho gayi.",Order_Not_Delivered,High,Email
App crash ho rahi hai payment ke time. Ref TRK5984835. App me tracking bhi galat show ho rahi hai.,App_Bug,High,Website
"Order ORD175097 ko 12 din ho gaye, status out for delivery pe hi atka hai, parcel abhi tak nahi mila. Seller bhi reply nahi kar raha.",Order_Not_Delivered,High,Email
"Maine headphones order kiye the, wallet deliver kar diya. Order ORD730157.",Wrong_Product,High,Call
"Tracking TRK6254518 update nahi ho raha, delivery date cross ho gayi.",Order_Not_Delivered,Medium,Call
Return approve hua but pickup schedule nahi ho raha. Invoice INV103135.,Refund_Return,Medium,Website
Invoice me extra charge add ho gaya. Order ORD823617.,Billing_Invoice,Medium,Website
Box kholte hi product broken nikla. Order ORD793444.,Damaged_Product,High,App
"Tracking TRK7327029 update nahi ho raha, delivery date cross ho gayi. App me tracking bhi galat show ho rahi hai.",Order_Not_Delivered,High,Website
Customer support sirf ticket close kar raha hai without solution. Ref ORD643785. App me tracking bhi galat show ho rahi hai.,Customer_Service,Medium,Call
3 baar complaint ki but koi proper response nahi mila.,Customer_Service,High,Call
App crash ho rahi hai payment ke time. Ref TRK3704989. Refund bhi abhi tak process nahi hua.,App_Bug,Medium,Call
Screen cracked thi delivery ke time.,Damaged_Product,Medium,App
Discount apply hua tha par final bill me reflect nahi hua.,Billing_Invoice,High,App
Original bola tha lekin duplicate nikla. Seller response bhi nahi de raha. Refund bhi abhi tak process nahi hua.,Seller_Fraud,Medium,Website
"Maine headphones order kiye the, wallet deliver kar diya. Order ORD192987.",Wrong_Product,Medium,Call
"Maine headphones order kiye the, wallet deliver kar diya. Order ORD831590.",Wrong_Product,Medium,Call
Amount debit hua lekin confirmation nahi aaya.,Payment_Issue,Medium,Call
Return approve hua but pickup schedule nahi ho raha. Invoice INV743742. Seller bhi reply nahi kar raha.,Refund_Return,Medium,App
Customer support sirf ticket close kar raha hai without solution. Ref ORD354460.,Customer_Service,High,Email
Completely different product receive hua.,Wrong_Product,Medium,App
Original bola tha lekin duplicate nikla. Seller response bhi nahi de raha. Refund bhi abhi tak process nahi hua.,Seller_Fraud,Medium,Email
"Tracking TRK4091304 update nahi ho raha, delivery date cross ho gayi.",Order_Not_Delivered,Low,Email
Express delivery li thi fir bhi delay hua.,Late_Delivery,High,Call
Original bola tha lekin duplicate nikla. Seller response bhi nahi de raha. Support ko contact kiya but koi update nahi.,Seller_Fraud,High,Call
Seller ne fake product bhej diya aur return bhi reject kar diya. Order ORD732404.,Seller_Fraud,Medium,Email
Box kholte hi product broken nikla. Order ORD782216.,Damaged_Product,Medium,Call
Original bola tha lekin duplicate nikla. Seller response bhi nahi de raha.,Seller_Fraud,Medium,Call
Invoice me extra charge add ho gaya. Order ORD444585. Support ko contact kiya but koi update nahi.,Billing_Invoice,High,Call
Original bola tha lekin duplicate nikla. Seller response bhi nahi de raha.,Seller_Fraud,High,Email
UPI payment deduct ho gaya par order place nahi hua. Txn TXN33038587. Refund bhi abhi tak process nahi hua.,Payment_Issue,High,Website
Box kholte hi product broken nikla. Order ORD531798.,Damaged_Product,Low,App
Return approve hua but pickup schedule nahi ho raha. Invoice INV404285. Refund bhi abhi tak process nahi hua.,Refund_Return,High,App
Original bola tha lekin duplicate nikla. Seller response bhi nahi de raha.,Seller_Fraud,High,App
"Tracking TRK2092626 update nahi ho raha, delivery date cross ho gayi. Refund bhi abhi tak process nahi hua.",Order_Not_Delivered,High,Call
Customer support sirf ticket close kar raha hai without solution. Ref ORD301872.,Customer_Service,High,Email
UPI payment deduct ho gaya par order place nahi hua. Txn TXN20213068.,Payment_Issue,Medium,App
Login karte hi something went wrong error aa raha hai.,App_Bug,Medium,Website
"Order ORD353610 ko 8 din ho gaye, status out for delivery pe hi atka hai, parcel abhi tak nahi mila.",Order_Not_Delivered,Low,Call
"Maine headphones order kiye the, wallet deliver kar diya. Order ORD697528.",Wrong_Product,Medium,App
Promised date se 5 din late deliver hua.,Late_Delivery,High,Email
App crash ho rahi hai payment ke time. Ref TRK1036920. Support ko contact kiya but koi update nahi.,App_Bug,High,Website
Original bola tha lekin duplicate nikla. Seller response bhi nahi de raha.,Seller_Fraud,High,Call
Discount apply hua tha par final bill me reflect nahi hua.,Billing_Invoice,Medium,Email
Seller ne fake product bhej diya aur return bhi reject kar diya. Order ORD862795.,Seller_Fraud,High,Call
3 baar complaint ki but koi proper response nahi mila.,Customer_Service,Low,Email
Login karte hi something went wrong error aa raha hai.,App_Bug,Medium,Call
Customer support sirf ticket close kar raha hai without solution. Ref ORD438392.,Customer_Service,High,App
Box kholte hi product broken nikla. Order ORD104750.,Damaged_Product,High,Call
Original bola tha lekin duplicate nikla. Seller response bhi nahi de raha.,Seller_Fraud,High,Email
Discount apply hua tha par final bill me reflect nahi hua.,Billing_Invoice,Low,Call
"Maine headphones order kiye the, wallet deliver kar diya. Order ORD987388. Support ko contact kiya but koi update nahi.",Wrong_Product,Medium,Email
Screen cracked thi delivery ke time.,Damaged_Product,Medium,App
App crash ho rahi hai payment ke time. Ref TRK9475567. App me tracking bhi galat show ho rahi hai.,App_Bug,Medium,Email
"Maine headphones order kiye the, wallet deliver kar diya. Order ORD314339.",Wrong_Product,Medium,Call
Completely different product receive hua.,Wrong_Product,High,Website
Discount apply hua tha par final bill me reflect nahi hua.,Billing_Invoice,High,Call
Promised date se 2 din late deliver hua.,Late_Delivery,High,Website
Completely different product receive hua.,Wrong_Product,Medium,Call
Box kholte hi product broken nikla. Order ORD642430.,Damaged_Product,Low,Call
Original bola tha lekin duplicate nikla. Seller response bhi nahi de raha.,Seller_Fraud,Low,Website
Discount apply hua tha par final bill me reflect nahi hua. Refund bhi abhi tak process nahi hua.,Billing_Invoice,Medium,Email
Original bola tha lekin duplicate nikla. Seller response bhi nahi de raha. Support ko contact kiya but koi update nahi.,Seller_Fraud,High,Call
Seller ne fake product bhej diya aur return bhi reject kar diya. Order ORD883661.,Seller_Fraud,High,Email
Discount apply hua tha par final bill me reflect nahi hua. Support ko contact kiya but koi update nahi.,Billing_Invoice,High,Email
Discount apply hua tha par final bill me reflect nahi hua.,Billing_Invoice,Medium,Call
3 baar complaint ki but koi proper response nahi mila.,Customer_Service,High,Website
Refund 10 din se pending hai.,Refund_Return,Low,Call
Screen cracked thi delivery ke time. Refund bhi abhi tak process nahi hua.,Damaged_Product,Medium,Email
Express delivery li thi fir bhi delay hua.,Late_Delivery,Medium,App
UPI payment deduct ho gaya par order place nahi hua. Txn TXN66356892.,Payment_Issue,High,Website
"Tracking TRK8839085 update nahi ho raha, delivery date cross ho gayi.",Order_Not_Delivered,High,Email
"Tracking TRK8905164 update nahi ho raha, delivery date cross ho gayi.",Order_Not_Delivered,High,App
Box kholte hi product broken nikla. Order ORD698711.,Damaged_Product,High,Website
Original bola tha lekin duplicate nikla. Seller response bhi nahi de raha.,Seller_Fraud,Medium,Call
3 baar complaint ki but koi proper response nahi mila.,Customer_Service,High,App
Promised date se 3 din late deliver hua. Support ko contact kiya but koi update nahi.,Late_Delivery,Medium,Email
Box kholte hi product broken nikla. Order ORD182485.,Damaged_Product,Low,App
Completely different product receive hua.,Wrong_Product,High,Email
Discount apply hua tha par final bill me reflect nahi hua.,Billing_Invoice,Medium,Email
Screen cracked thi delivery ke time. Refund bhi abhi tak process nahi hua.,Damaged_Product,Medium,Email
Discount apply hua tha par final bill me reflect nahi hua. Support ko contact kiya but koi update nahi.,Billing_Invoice,Medium,Website
"Order ORD702146 ko 6 din ho gaye, status out for delivery pe hi atka hai, parcel abhi tak nahi mila.",Order_Not_Delivered,High,Call
Login karte hi something went wrong error aa raha hai.,App_Bug,High,App
Completely different product receive hua.,Wrong_Product,High,App
3 baar complaint ki but koi proper response nahi mila.,Customer_Service,High,Email
Login karte hi something went wrong error aa raha hai.,App_Bug,Medium,Website
Promised date se 9 din late deliver hua.,Late_Delivery,High,App
Amount debit hua lekin confirmation nahi aaya. Refund bhi abhi tak process nahi hua.,Payment_Issue,High,Call
Box kholte hi product broken nikla. Order ORD466227.,Damaged_Product,High,App
Completely different product receive hua.,Wrong_Product,Low,App
Refund 10 din se pending hai.,Refund_Return,High,Website
Seller ne fake product bhej diya aur return bhi reject kar diya. Order ORD995289.,Seller_Fraud,Low,App
"Maine headphones order kiye the, wallet deliver kar diya. Order ORD867913.",Wrong_Product,Low,Website
Customer support sirf ticket close kar raha hai without solution. Ref ORD426900.,Customer_Service,Medium,Website
UPI payment deduct ho gaya par order place nahi hua. Txn TXN18497890.,Payment_Issue,Medium,Website
Customer support sirf ticket close kar raha hai without solution. Ref ORD410087. Refund bhi abhi tak process nahi hua.,Customer_Service,High,App
Amount debit hua lekin confirmation nahi aaya. App me tracking bhi galat show ho rahi hai.,Payment_Issue,Medium,App
App crash ho rahi hai payment ke time. Ref TRK7832808.,App_Bug,Medium,Email
Discount apply hua tha par final bill me reflect nahi hua.,Billing_Invoice,Medium,Website
"Maine headphones order kiye the, wallet deliver kar diya. Order ORD248225.",Wrong_Product,High,Email
App crash ho rahi hai payment ke time. Ref TRK8035542.,App_Bug,Medium,App
"Order ORD267811 ko 8 din ho gaye, status out for delivery pe hi atka hai, parcel abhi tak nahi mila.",Order_Not_Delivered,High,Website
Seller ne fake product bhej diya aur return bhi reject kar diya. Order ORD763559. App me tracking bhi galat show ho rahi hai.,Seller_Fraud,Medium,Call
UPI payment deduct ho gaya par order place nahi hua. Txn TXN46371670.,Payment_Issue,Low,App
Box kholte hi product broken nikla. Order ORD462034.,Damaged_Product,Low,Email
"Maine headphones order kiye the, wallet deliver kar diya. Order ORD678046. Seller bhi reply nahi kar raha.",Wrong_Product,Low,Call
Refund 10 din se pending hai. Support ko contact kiya but koi update nahi.,Refund_Return,Medium,App
Original bola tha lekin duplicate nikla. Seller response bhi nahi de raha.,Seller_Fraud,Low,App
App crash ho rahi hai payment ke time. Ref TRK9657185. Seller bhi reply nahi kar raha.,App_Bug,High,Website
3 baar complaint ki but koi proper response nahi mila. App me tracking bhi galat show ho rahi hai.,Customer_Service,Medium,Email
"Order ORD369668 ko 11 din ho gaye, status out for delivery pe hi atka hai, parcel abhi tak nahi mila.",Order_Not_Delivered,High,Email
Seller ne fake product bhej diya aur return bhi reject kar diya. Order ORD507821.,Seller_Fraud,High,Call
Completely different product receive hua.,Wrong_Product,High,Website
Invoice me extra charge add ho gaya. Order ORD536931.,Billing_Invoice,Low,Website
"Maine headphones order kiye the, wallet deliver kar diya. Order ORD393016.",Wrong_Product,Medium,App
Box kholte hi product broken nikla. Order ORD324729. Refund bhi abhi tak process nahi hua.,Damaged_Product,Low,Email
Box kholte hi product broken nikla. Order ORD853148.,Damaged_Product,High,Call
Box kholte hi product broken nikla. Order ORD479256.,Damaged_Product,Medium,App
Amount debit hua lekin confirmation nahi aaya.,Payment_Issue,High,Call
Completely different product receive hua.,Wrong_Product,High,Email
Invoice me extra charge add ho gaya. Order ORD721806.,Billing_Invoice,High,Website
"Maine headphones order kiye the, wallet deliver kar diya. Order ORD851728. Support ko contact kiya but koi update nahi.",Wrong_Product,High,App
Discount apply hua tha par final bill me reflect nahi hua.,Billing_Invoice,High,Call
App crash ho rahi hai payment ke time. Ref TRK7697861. Refund bhi abhi tak process nahi hua.,App_Bug,Medium,Email
Express delivery li thi fir bhi delay hua.,Late_Delivery,High,Call
3 baar complaint ki but koi proper response nahi mila.,Customer_Service,Medium,Call
3 baar complaint ki but koi proper response nahi mila. App me tracking bhi galat show ho rahi hai.,Customer_Service,Medium,Website
Discount apply hua tha par final bill me reflect nahi hua.,Billing_Invoice,Medium,Call
Customer support sirf ticket close kar raha hai without solution. Ref ORD381249.,Customer_Service,Medium,Call
Customer support sirf ticket close kar raha hai without solution. Ref ORD741075.,Customer_Service,Low,App
Return approve hua but pickup schedule nahi ho raha. Invoice INV468010. Seller bhi reply nahi kar raha.,Refund_Return,High,Website
Promised date se 12 din late deliver hua.,Late_Delivery,High,Email
Original bola tha lekin duplicate nikla. Seller response bhi nahi de raha. App me tracking bhi galat show ho rahi hai.,Seller_Fraud,High,App
Completely different product receive hua.,Wrong_Product,High,Website
Original bola tha lekin duplicate nikla. Seller response bhi nahi de raha.,Seller_Fraud,High,Call
Discount apply hua tha par final bill me reflect nahi hua.,Billing_Invoice,High,Website
Completely different product receive hua.,Wrong_Product,High,Website
"Tracking TRK4459632 update nahi ho raha, delivery date cross ho gayi.",Order_Not_Delivered,High,Website
Login karte hi something went wrong error aa raha hai. Refund bhi abhi tak process nahi hua.,App_Bug,Medium,Website
Amount debit hua lekin confirmation nahi aaya.,Payment_Issue,Medium,Email
"Maine headphones order kiye the, wallet deliver kar diya. Order ORD266424. Refund bhi abhi tak process nahi hua.",Wrong_Product,High,Email
3 baar complaint ki but koi proper response nahi mila.,Customer_Service,Medium,App
App crash ho rahi hai payment ke time. Ref TRK9470353.,App_Bug,High,Email
3 baar complaint ki but koi proper response nahi mila. Refund bhi abhi tak process nahi hua.,Customer_Service,Medium,Website
"Maine headphones order kiye the, wallet deliver kar diya. Order ORD642480. App me tracking bhi galat show ho rahi hai.",Wrong_Product,High,Call
Box kholte hi product broken nikla. Order ORD604793.,Damaged_Product,High,Website
Login karte hi something went wrong error aa raha hai.,App_Bug,High,Call
Box kholte hi product broken nikla. Order ORD247706.,Damaged_Product,Low,App
"Maine headphones order kiye the, wallet deliver kar diya. Order ORD412956.",Wrong_Product,Medium,App
App crash ho rahi hai payment ke time. Ref TRK6587247.,App_Bug,High,Email
Login karte hi something went wrong error aa raha hai.,App_Bug,Medium,Website
3 baar complaint ki but koi proper response nahi mila. Refund bhi abhi tak process nahi hua.,Customer_Service,High,Call
3 baar complaint ki but koi proper response nahi mila. Refund bhi abhi tak process nahi hua.,Customer_Service,High,Website
Completely different product receive hua.,Wrong_Product,Medium,Call
Customer support sirf ticket close kar raha hai without solution. Ref ORD785371.,Customer_Service,Low,Email
App crash ho rahi hai payment ke time. Ref TRK4244994. Refund bhi abhi tak process nahi hua.,App_Bug,Medium,Email
"Order ORD363845 ko 9 din ho gaye, status out for delivery pe hi atka hai, parcel abhi tak nahi mila.",Order_Not_Delivered,High,Call
Login karte hi something went wrong error aa raha hai.,App_Bug,High,Email
UPI payment deduct ho gaya par order place nahi hua. Txn TXN64012161. Seller bhi reply nahi kar raha.,Payment_Issue,High,Call
"Order ORD582467 ko 12 din ho gaye, status out for delivery pe hi atka hai, parcel abhi tak nahi mila.",Order_Not_Delivered,Medium,Call
Screen cracked thi delivery ke time.,Damaged_Product,Medium,Website
Refund 10 din se pending hai.,Refund_Return,High,Website
Login karte hi something went wrong error aa raha hai.,App_Bug,Medium,Call
Amount debit hua lekin confirmation nahi aaya.,Payment_Issue,Medium,Call
Seller ne fake product bhej diya aur return bhi reject kar diya. Order ORD383210.,Seller_Fraud,Medium,App
"Order ORD149417 ko 4 din ho gaye, status out for delivery pe hi atka hai, parcel abhi tak nahi mila.",Order_Not_Delivered,High,Website
Invoice me extra charge add ho gaya. Order ORD428884.,Billing_Invoice,Medium,App
Amount debit hua lekin confirmation nahi aaya.,Payment_Issue,Low,Website
Screen cracked thi delivery ke time.,Damaged_Product,Medium,Email
Original bola tha lekin duplicate nikla. Seller response bhi nahi de raha.,Seller_Fraud,Medium,Website
Express delivery li thi fir bhi delay hua. Support ko contact kiya but koi update nahi.,Late_Delivery,Medium,Website
"Order ORD437925 ko 3 din ho gaye, status out for delivery pe hi atka hai, parcel abhi tak nahi mila.",Order_Not_Delivered,Medium,Website
Express delivery li thi fir bhi delay hua.,Late_Delivery,High,Email
App crash ho rahi hai payment ke time. Ref TRK6318806. Seller bhi reply nahi kar raha.,App_Bug,Medium,Email
"Tracking TRK4147074 update nahi ho raha, delivery date cross ho gayi.",Order_Not_Delivered,High,App
App crash ho rahi hai payment ke time. Ref TRK8194732.,App_Bug,Low,Call
Refund 10 din se pending hai. Support ko contact kiya but koi update nahi.,Refund_Return,High,Email
Customer support sirf ticket close kar raha hai without solution. Ref ORD202179.,Customer_Service,Low,App
Original bola tha lekin duplicate nikla. Seller response bhi nahi de raha. Seller bhi reply nahi kar raha.,Seller_Fraud,Low,Call
Invoice me extra charge add ho gaya. Order ORD913149.,Billing_Invoice,Medium,Call
App crash ho rahi hai payment ke time. Ref TRK7979925. Refund bhi abhi tak process nahi hua.,App_Bug,Medium,Call
Completely different product receive hua. Support ko contact kiya but koi update nahi.,Wrong_Product,High,Email
Login karte hi something went wrong error aa raha hai.,App_Bug,High,App
Customer support sirf ticket close kar raha hai without solution. Ref ORD738819. App me tracking bhi galat show ho rahi hai.,Customer_Service,Medium,Website
3 baar complaint ki but koi proper response nahi mila.,Customer_Service,High,App
Screen cracked thi delivery ke time. App me tracking bhi galat show ho rahi hai.,Damaged_Product,Medium,App
Invoice me extra charge add ho gaya. Order ORD223591. App me tracking bhi galat show ho rahi hai.,Billing_Invoice,Medium,Email
Amount debit hua lekin confirmation nahi aaya.,Payment_Issue,Medium,App
Completely different product receive hua.,Wrong_Product,Low,Website
Original bola tha lekin duplicate nikla. Seller response bhi nahi de raha. Seller bhi reply nahi kar raha.,Seller_Fraud,High,Email
Discount apply hua tha par final bill me reflect nahi hua.,Billing_Invoice,High,Website
Screen cracked thi delivery ke time. Seller bhi reply nahi kar raha.,Damaged_Product,High,Website
Original bola tha lekin duplicate nikla. Seller response bhi nahi de raha.,Seller_Fraud,High,Website
3 baar complaint ki but koi proper response nahi mila.,Customer_Service,High,Email
Discount apply hua tha par final bill me reflect nahi hua.,Billing_Invoice,Medium,App
3 baar complaint ki but koi proper response nahi mila.,Customer_Service,High,Website
Discount apply hua tha par final bill me reflect nahi hua.,Billing_Invoice,Medium,App
"Tracking TRK6203688 update nahi ho raha, delivery date cross ho gayi.",Order_Not_Delivered,Medium,Website
Express delivery li thi fir bhi delay hua. App me tracking bhi galat show ho rahi hai.,Late_Delivery,Medium,Call
3 baar complaint ki but koi proper response nahi mila.,Customer_Service,Low,App
Completely different product receive hua. Refund bhi abhi tak process nahi hua.,Wrong_Product,High,Email
Promised date se 11 din late deliver hua.,Late_Delivery,High,Email
Screen cracked thi delivery ke time.,Damaged_Product,Low,Call
Discount apply hua tha par final bill me reflect nahi hua.,Billing_Invoice,High,Call
Original bola tha lekin duplicate nikla. Seller response bhi nahi de raha. Seller bhi reply nahi kar raha.,Seller_Fraud,Medium,App
Login karte hi something went wrong error aa raha hai. App me tracking bhi galat show ho rahi hai.,App_Bug,High,Website
Refund 10 din se pending hai.,Refund_Return,Medium,Call
Express delivery li thi fir bhi delay hua. App me tracking bhi galat show ho rahi hai.,Late_Delivery,High,Website
"Maine headphones order kiye the, wallet deliver kar diya. Order ORD881639. App me tracking bhi galat show ho rahi hai.",Wrong_Product,Medium,Email
"Tracking TRK4144576 update nahi ho raha, delivery date cross ho gayi.",Order_Not_Delivered,Low,Website
Customer support sirf ticket close kar raha hai without solution. Ref ORD343089.,Customer_Service,High,Website
3 baar complaint ki but koi proper response nahi mila.,Customer_Service,Low,Website
App crash ho rahi hai payment ke time. Ref TRK6767836.,App_Bug,Medium,Call
Customer support sirf ticket close kar raha hai without solution. Ref ORD727872.,Customer_Service,Medium,App
"Tracking TRK5258198 update nahi ho raha, delivery date cross ho gayi. App me tracking bhi galat show ho rahi hai.",Order_Not_Delivered,Medium,Email
Seller ne fake product bhej diya aur return bhi reject kar diya. Order ORD706766. Refund bhi abhi tak process nahi hua.,Seller_Fraud,Low,Website
"Maine headphones order kiye the, wallet deliver kar diya. Order ORD439721.",Wrong_Product,High,App
Discount apply hua tha par final bill me reflect nahi hua.,Billing_Invoice,Medium,App
Seller ne fake product bhej diya aur return bhi reject kar diya. Order ORD276982. Seller bhi reply nahi kar raha.,Seller_Fraud,Medium,Email
Completely different product receive hua.,Wrong_Product,Medium,Call
Seller ne fake product bhej diya aur return bhi reject kar diya. Order ORD363819.,Seller_Fraud,High,App
Discount apply hua tha par final bill me reflect nahi hua. Support ko contact kiya but koi update nahi.,Billing_Invoice,Medium,App
Invoice me extra charge add ho gaya. Order ORD439928.,Billing_Invoice,High,App
Seller ne fake product bhej diya aur return bhi reject kar diya. Order ORD254287. App me tracking bhi galat show ho rahi hai.,Seller_Fraud,High,Email
UPI payment deduct ho gaya par order place nahi hua. Txn TXN76879246. Seller bhi reply nahi kar raha.,Payment_Issue,High,Email
Invoice me extra charge add ho gaya. Order ORD589126.,Billing_Invoice,High,Call
Customer support sirf ticket close kar raha hai without solution. Ref ORD965323.,Customer_Service,Low,Email
Customer support sirf ticket close kar raha hai without solution. Ref ORD311459.,Customer_Service,High,Website
App crash ho rahi hai payment ke time. Ref TRK9974278.,App_Bug,Medium,Email
Customer support sirf ticket close kar raha hai without solution. Ref ORD340249. Refund bhi abhi tak process nahi hua.,Customer_Service,Medium,App
Login karte hi something went wrong error aa raha hai.,App_Bug,Medium,Call
App crash ho rahi hai payment ke time. Ref TRK3166384. Seller bhi reply nahi kar raha.,App_Bug,Low,Website
Completely different product receive hua.,Wrong_Product,High,Email
"Maine headphones order kiye the, wallet deliver kar diya. Order ORD890574. Seller bhi reply nahi kar raha.",Wrong_Product,High,Email
Return approve hua but pickup schedule nahi ho raha. Invoice INV983234.,Refund_Return,High,Website
Amount debit hua lekin confirmation nahi aaya.,Payment_Issue,High,Call
Express delivery li thi fir bhi delay hua. Support ko contact kiya but koi update nahi.,Late_Delivery,Medium,Website
3 baar complaint ki but koi proper response nahi mila.,Customer_Service,Medium,Website
Express delivery li thi fir bhi delay hua.,Late_Delivery,High,Email
Login karte hi something went wrong error aa raha hai.,App_Bug,High,Call
Screen cracked thi delivery ke time.,Damaged_Product,Medium,App
Box kholte hi product broken nikla. Order ORD383336. Refund bhi abhi tak process nahi hua.,Damaged_Product,Medium,Call
UPI payment deduct ho gaya par order place nahi hua. Txn TXN48531288.,Payment_Issue,High,Email
Discount apply hua tha par final bill me reflect nahi hua.,Billing_Invoice,Medium,Website
Original bola tha lekin duplicate nikla. Seller response bhi nahi de raha.,Seller_Fraud,High,App
Screen cracked thi delivery ke time.,Damaged_Product,High,App
Box kholte hi product broken nikla. Order ORD959404. Refund bhi abhi tak process nahi hua.,Damaged_Product,High,App
Promised date se 5 din late deliver hua. Refund bhi abhi tak process nahi hua.,Late_Delivery,Medium,Email
Discount apply hua tha par final bill me reflect nahi hua. Refund bhi abhi tak process nahi hua.,Billing_Invoice,Medium,Call
Refund 10 din se pending hai. Seller bhi reply nahi kar raha.,Refund_Return,Medium,Website
Invoice me extra charge add ho gaya. Order ORD877785.,Billing_Invoice,High,Website
Seller ne fake product bhej diya aur return bhi reject kar diya. Order ORD702563.,Seller_Fraud,Low,Call
"Tracking TRK3443584 update nahi ho raha, delivery date cross ho gayi. Refund bhi abhi tak process nahi hua.",Order_Not_Delivered,High,App
Login karte hi something went wrong error aa raha hai.,App_Bug,High,App
Screen cracked thi delivery ke time. Support ko contact kiya but koi update nahi.,Damaged_Product,Medium,Call
Completely different product receive hua.,Wrong_Product,Medium,Website
"Maine headphones order kiye the, wallet deliver kar diya. Order ORD450616. Support ko contact kiya but koi update nahi.",Wrong_Product,High,Call
Original bola tha lekin duplicate nikla. Seller response bhi nahi de raha.,Seller_Fraud,High,Website
Original bola tha lekin duplicate nikla. Seller response bhi nahi de raha.,Seller_Fraud,Medium,Call
Seller ne fake product bhej diya aur return bhi reject kar diya. Order ORD341331.,Seller_Fraud,High,Website
Customer support sirf ticket close kar raha hai without solution. Ref ORD611153.,Customer_Service,Medium,Email
App crash ho rahi hai payment ke time. Ref TRK3548215.,App_Bug,Low,Call
Customer support sirf ticket close kar raha hai without solution. Ref ORD722572. Support ko contact kiya but koi update nahi.,Customer_Service,Medium,App
Return approve hua but pickup schedule nahi ho raha. Invoice INV985501.,Refund_Return,High,Website
Screen cracked thi delivery ke time.,Damaged_Product,Medium,Email
Login karte hi something went wrong error aa raha hai.,App_Bug,High,Website
Amount debit hua lekin confirmation nahi aaya.,Payment_Issue,High,App
Login karte hi something went wrong error aa raha hai. Seller bhi reply nahi kar raha.,App_Bug,Medium,App
3 baar complaint ki but koi proper response nahi mila.,Customer_Service,Medium,Email
Login karte hi something went wrong error aa raha hai. Support ko contact kiya but koi update nahi.,App_Bug,Medium,Call
"Order ORD881359 ko 3 din ho gaye, status out for delivery pe hi atka hai, parcel abhi tak nahi mila.",Order_Not_Delivered,Medium,Call
Box kholte hi product broken nikla. Order ORD868270.,Damaged_Product,Medium,App
"Maine headphones order kiye the, wallet deliver kar diya. Order ORD140123. Support ko contact kiya but koi update nahi.",Wrong_Product,Medium,App
Discount apply hua tha par final bill me reflect nahi hua.,Billing_Invoice,Medium,Call
Return approve hua but pickup schedule nahi ho raha. Invoice INV792939.,Refund_Return,High,Website
Invoice me extra charge add ho gaya. Order ORD649459.,Billing_Invoice,High,App
Box kholte hi product broken nikla. Order ORD805932. Support ko contact kiya but koi update nahi.,Damaged_Product,High,Email
"Order ORD862473 ko 2 din ho gaye, status out for delivery pe hi atka hai, parcel abhi tak nahi mila.",Order_Not_Delivered,Medium,Email
"Tracking TRK5765662 update nahi ho raha, delivery date cross ho gayi.",Order_Not_Delivered,Low,Email
Discount apply hua tha par final bill me reflect nahi hua.,Billing_Invoice,High,Email
"Tracking TRK9244717 update nahi ho raha, delivery date cross ho gayi.",Order_Not_Delivered,High,Email
Login karte hi something went wrong error aa raha hai.,App_Bug,High,App
Refund 10 din se pending hai.,Refund_Return,Medium,Email
Invoice me extra charge add ho gaya. Order ORD351895.,Billing_Invoice,High,Website
"Tracking TRK9070367 update nahi ho raha, delivery date cross ho gayi.",Order_Not_Delivered,High,Email
"Maine headphones order kiye the, wallet deliver kar diya. Order ORD113228. Refund bhi abhi tak process nahi hua.",Wrong_Product,Low,Email
Customer support sirf ticket close kar raha hai without solution. Ref ORD790156.,Customer_Service,Medium,App
App crash ho rahi hai payment ke time. Ref TRK9321087. App me tracking bhi galat show ho rahi hai.,App_Bug,High,Call
"Order ORD113830 ko 5 din ho gaye, status out for delivery pe hi atka hai, parcel abhi tak nahi mila.",Order_Not_Delivered,Medium,App
"Order ORD405187 ko 11 din ho gaye, status out for delivery pe hi atka hai, parcel abhi tak nahi mila.",Order_Not_Delivered,Low,App
Completely different product receive hua.,Wrong_Product,Low,Call
Box kholte hi product broken nikla. Order ORD636854. App me tracking bhi galat show ho rahi hai.,Damaged_Product,High,Email
Original bola tha lekin duplicate nikla. Seller response bhi nahi de raha. Seller bhi reply nahi kar raha.,Seller_Fraud,High,Email
"Tracking TRK8853377 update nahi ho raha, delivery date cross ho gayi.",Order_Not_Delivered,Medium,App
Promised date se 2 din late deliver hua.,Late_Delivery,High,Call
"Order ORD991080 ko 4 din ho gaye, status out for delivery pe hi atka hai, parcel abhi tak nahi mila.",Order_Not_Delivered,Medium,Email
Invoice me extra charge add ho gaya. Order ORD712057. Support ko contact kiya but koi update nahi.,Billing_Invoice,Medium,Email
Express delivery li thi fir bhi delay hua. Refund bhi abhi tak process nahi hua.,Late_Delivery,Medium,Website
3 baar complaint ki but koi proper response nahi mila.,Customer_Service,High,App
Seller ne fake product bhej diya aur return bhi reject kar diya. Order ORD978285.,Seller_Fraud,High,App
Return approve hua but pickup schedule nahi ho raha. Invoice INV802059. Seller bhi reply nahi kar raha.,Refund_Return,High,Call
Return approve hua but pickup schedule nahi ho raha. Invoice INV971177.,Refund_Return,Medium,Email
Express delivery li thi fir bhi delay hua.,Late_Delivery,Medium,Website
Customer support sirf ticket close kar raha hai without solution. Ref ORD331152. Seller bhi reply nahi kar raha.,Customer_Service,Medium,App
Return approve hua but pickup schedule nahi ho raha. Invoice INV458409. Seller bhi reply nahi kar raha.,Refund_Return,Medium,App
3 baar complaint ki but koi proper response nahi mila.,Customer_Service,High,App
Screen cracked thi delivery ke time.,Damaged_Product,High,App
Original bola tha lekin duplicate nikla. Seller response bhi nahi de raha.,Seller_Fraud,High,Website
Discount apply hua tha par final bill me reflect nahi hua.,Billing_Invoice,High,Website
Express delivery li thi fir bhi delay hua.,Late_Delivery,Low,Call
"Order ORD358927 ko 8 din ho gaye, status out for delivery pe hi atka hai, parcel abhi tak nahi mila.",Order_Not_Delivered,Low,Email
"Tracking TRK2187967 update nahi ho raha, delivery date cross ho gayi. App me tracking bhi galat show ho rahi hai.",Order_Not_Delivered,Medium,Call
Customer support sirf ticket close kar raha hai without solution. Ref ORD836963. Seller bhi reply nahi kar raha.,Customer_Service,High,Call
Login karte hi something went wrong error aa raha hai.,App_Bug,High,Email
"Tracking TRK5875342 update nahi ho raha, delivery date cross ho gayi.",Order_Not_Delivered,Low,Call
Screen cracked thi delivery ke time. Support ko contact kiya but koi update nahi.,Damaged_Product,High,App
"Order ORD578145 ko 9 din ho gaye, status out for delivery pe hi atka hai, parcel abhi tak nahi mila.",Order_Not_Delivered,Low,Website
Login karte hi something went wrong error aa raha hai.,App_Bug,Low,Call
"Maine headphones order kiye the, wallet deliver kar diya. Order ORD177473.",Wrong_Product,Low,Email
App crash ho rahi hai payment ke time. Ref TRK5497124.,App_Bug,Medium,Email
Express delivery li thi fir bhi delay hua.,Late_Delivery,Medium,Call
Amount debit hua lekin confirmation nahi aaya.,Payment_Issue,Medium,Website
Screen cracked thi delivery ke time.,Damaged_Product,Medium,Website
Discount apply hua tha par final bill me reflect nahi hua.,Billing_Invoice,Medium,Call
Original bola tha lekin duplicate nikla. Seller response bhi nahi de raha. App me tracking bhi galat show ho rahi hai.,Seller_Fraud,Medium,Website
Return approve hua but pickup schedule nahi ho raha. Invoice INV986882.,Refund_Return,Low,Website
Promised date se 12 din late deliver hua. Seller bhi reply nahi kar raha.,Late_Delivery,Low,Website
Customer support sirf ticket close kar raha hai without solution. Ref ORD929456.,Customer_Service,Low,Call
"Tracking TRK2698997 update nahi ho raha, delivery date cross ho gayi.",Order_Not_Delivered,High,App
Discount apply hua tha par final bill me reflect nahi hua.,Billing_Invoice,Low,Email
Screen cracked thi delivery ke time.,Damaged_Product,Medium,App
Refund 10 din se pending hai.,Refund_Return,High,Website
Invoice me extra charge add ho gaya. Order ORD859482.,Billing_Invoice,High,App
Customer support sirf ticket close kar raha hai without solution. Ref ORD508347. Seller bhi reply nahi kar raha.,Customer_Service,Medium,App
"Tracking TRK2238151 update nahi ho raha, delivery date cross ho gayi.",Order_Not_Delivered,Medium,Email
UPI payment deduct ho gaya par order place nahi hua. Txn TXN41002695. Support ko contact kiya but koi update nahi.,Payment_Issue,Medium,Website
Completely different product receive hua. App me tracking bhi galat show ho rahi hai.,Wrong_Product,Medium,Website
App crash ho rahi hai payment ke time. Ref TRK2029472.,App_Bug,Medium,Call
UPI payment deduct ho gaya par order place nahi hua. Txn TXN58694273.,Payment_Issue,High,Website
Seller ne fake product bhej diya aur return bhi reject kar diya. Order ORD909605. Support ko contact kiya but koi update nahi.,Seller_Fraud,Medium,Call
Box kholte hi product broken nikla. Order ORD604042.,Damaged_Product,Medium,App
Original bola tha lekin duplicate nikla. Seller response bhi nahi de raha.,Seller_Fraud,High,Website
Customer support sirf ticket close kar raha hai without solution. Ref ORD533929.,Customer_Service,High,App
App crash ho rahi hai payment ke time. Ref TRK4014611. App me tracking bhi galat show ho rahi hai.,App_Bug,Medium,App
Seller ne fake product bhej diya aur return bhi reject kar diya. Order ORD583493.,Seller_Fraud,Low,Website
3 baar complaint ki but koi proper response nahi mila.,Customer_Service,Medium,Website
Screen cracked thi delivery ke time. Support ko contact kiya but koi update nahi.,Damaged_Product,High,Call
Customer support sirf ticket close kar raha hai without solution. Ref ORD436041.,Customer_Service,High,App
Screen cracked thi delivery ke time.,Damaged_Product,Medium,Website
Return approve hua but pickup schedule nahi ho raha. Invoice INV116579.,Refund_Return,Medium,App
Discount apply hua tha par final bill me reflect nahi hua.,Billing_Invoice,High,App
Original bola tha lekin duplicate nikla. Seller response bhi nahi de raha.,Seller_Fraud,Medium,Website
Completely different product receive hua.,Wrong_Product,Medium,Website
3 baar complaint ki but koi proper response nahi mila.,Customer_Service,Low,Call
"Tracking TRK6958367 update nahi ho raha, delivery date cross ho gayi.",Order_Not_Delivered,High,Website
3 baar complaint ki but koi proper response nahi mila.,Customer_Service,Medium,Email
Invoice me extra charge add ho gaya. Order ORD133631.,Billing_Invoice,Medium,Website
"Maine headphones order kiye the, wallet deliver kar diya. Order ORD979294.",Wrong_Product,Medium,Website
"Tracking TRK8159830 update nahi ho raha, delivery date cross ho gayi.",Order_Not_Delivered,High,Call
Seller ne fake product bhej diya aur return bhi reject kar diya. Order ORD747162. App me tracking bhi galat show ho rahi hai.,Seller_Fraud,High,App
Invoice me extra charge add ho gaya. Order ORD613861.,Billing_Invoice,High,Email
Customer support sirf ticket close kar raha hai without solution. Ref ORD817678. Seller bhi reply nahi kar raha.,Customer_Service,Medium,Email
App crash ho rahi hai payment ke time. Ref TRK3901086. Seller bhi reply nahi kar raha.,App_Bug,Low,Website
Original bola tha lekin duplicate nikla. Seller response bhi nahi de raha. Support ko contact kiya but koi update nahi.,Seller_Fraud,Medium,Website
Express delivery li thi fir bhi delay hua. App me tracking bhi galat show ho rahi hai.,Late_Delivery,Medium,Website
Promised date se 5 din late deliver hua. App me tracking bhi galat show ho rahi hai.,Late_Delivery,Medium,Call
Screen cracked thi delivery ke time.,Damaged_Product,Low,App
Refund 10 din se pending hai.,Refund_Return,High,Email
3 baar complaint ki but koi proper response nahi mila. App me tracking bhi galat show ho rahi hai.,Customer_Service,High,Call
Promised date se 6 din late deliver hua. Refund bhi abhi tak process nahi hua.,Late_Delivery,High,App
Login karte hi something went wrong error aa raha hai.,App_Bug,High,Email
Invoice me extra charge add ho gaya. Order ORD830138.,Billing_Invoice,High,Website
Amount debit hua lekin confirmation nahi aaya.,Payment_Issue,Low,Email
Completely different product receive hua.,Wrong_Product,Medium,App
"Tracking TRK3670217 update nahi ho raha, delivery date cross ho gayi.",Order_Not_Delivered,High,Website
Invoice me extra charge add ho gaya. Order ORD521386. Seller bhi reply nahi kar raha.,Billing_Invoice,Low,App
3 baar complaint ki but koi proper response nahi mila.,Customer_Service,Medium,App
Express delivery li thi fir bhi delay hua.,Late_Delivery,Low,Email
Amount debit hua lekin confirmation nahi aaya.,Payment_Issue,High,Email
Completely different product receive hua.,Wrong_Product,High,Website
Box kholte hi product broken nikla. Order ORD119211.,Damaged_Product,High,Email
Customer support sirf ticket close kar raha hai without solution. Ref ORD192026.,Customer_Service,Low,Call
Return approve hua but pickup schedule nahi ho raha. Invoice INV465565. Support ko contact kiya but koi update nahi.,Refund_Return,High,Call
"Order ORD385521 ko 4 din ho gaye, status out for delivery pe hi atka hai, parcel abhi tak nahi mila.",Order_Not_Delivered,Medium,Website
"Tracking TRK7550091 update nahi ho raha, delivery date cross ho gayi.",Order_Not_Delivered,Medium,Call
"Maine headphones order kiye the, wallet deliver kar diya. Order ORD589205.",Wrong_Product,Low,Website
Original bola tha lekin duplicate nikla. Seller response bhi nahi de raha.,Seller_Fraud,Medium,Call
"Maine headphones order kiye the, wallet deliver kar diya. Order ORD672625.",Wrong_Product,Medium,App
App crash ho rahi hai payment ke time. Ref TRK1068330.,App_Bug,Medium,Email
Screen cracked thi delivery ke time. Seller bhi reply nahi kar raha.,Damaged_Product,Medium,Website
Box kholte hi product broken nikla. Order ORD504332. App me tracking bhi galat show ho rahi hai.,Damaged_Product,Medium,App
App crash ho rahi hai payment ke time. Ref TRK5347237.,App_Bug,Medium,Email
UPI payment deduct ho gaya par order place nahi hua. Txn TXN77951960.,Payment_Issue,Medium,Call
Customer support sirf ticket close kar raha hai without solution. Ref ORD496798.,Customer_Service,Medium,Call
Promised date se 3 din late deliver hua.,Late_Delivery,Low,Call
UPI payment deduct ho gaya par order place nahi hua. Txn TXN98260093.,Payment_Issue,High,Website
Invoice me extra charge add ho gaya. Order ORD255831. Support ko contact kiya but koi update nahi.,Billing_Invoice,Low,Call
Completely different product receive hua. Support ko contact kiya but koi update nahi.,Wrong_Product,Low,Call
Customer support sirf ticket close kar raha hai without solution. Ref ORD580877. App me tracking bhi galat show ho rahi hai.,Customer_Service,High,App
Seller ne fake product bhej diya aur return bhi reject kar diya. Order ORD357600. Refund bhi abhi tak process nahi hua.,Seller_Fraud,Low,Website
Login karte hi something went wrong error aa raha hai.,App_Bug,High,App
Discount apply hua tha par final bill me reflect nahi hua. Refund bhi abhi tak process nahi hua.,Billing_Invoice,Medium,Call
Box kholte hi product broken nikla. Order ORD903179. Seller bhi reply nahi kar raha.,Damaged_Product,Low,Website
Invoice me extra charge add ho gaya. Order ORD983675.,Billing_Invoice,High,Website
Seller ne fake product bhej diya aur return bhi reject kar diya. Order ORD667300.,Seller_Fraud,High,Call
Completely different product receive hua.,Wrong_Product,Low,Email
"Tracking TRK6583965 update nahi ho raha, delivery date cross ho gayi.",Order_Not_Delivered,Medium,Email
Return approve hua but pickup schedule nahi ho raha. Invoice INV611871.,Refund_Return,Medium,Email
Login karte hi something went wrong error aa raha hai.,App_Bug,High,Website
Amount debit hua lekin confirmation nahi aaya. App me tracking bhi galat show ho rahi hai.,Payment_Issue,High,Email
Login karte hi something went wrong error aa raha hai.,App_Bug,Low,Call
"Order ORD457313 ko 2 din ho gaye, status out for delivery pe hi atka hai, parcel abhi tak nahi mila. Support ko contact kiya but koi update nahi.",Order_Not_Delivered,High,App
Discount apply hua tha par final bill me reflect nahi hua.,Billing_Invoice,High,Website
Box kholte hi product broken nikla. Order ORD716736.,Damaged_Product,High,Website
"Tracking TRK1417593 update nahi ho raha, delivery date cross ho gayi. App me tracking bhi galat show ho rahi hai.",Order_Not_Delivered,High,App
Return approve hua but pickup schedule nahi ho raha. Invoice INV344500.,Refund_Return,High,Call
Screen cracked thi delivery ke time.,Damaged_Product,Medium,Website
"Order ORD258047 ko 10 din ho gaye, status out for delivery pe hi atka hai, parcel abhi tak nahi mila.",Order_Not_Delivered,Medium,App
UPI payment deduct ho gaya par order place nahi hua. Txn TXN44720281.,Payment_Issue,High,Email
Original bola tha lekin duplicate nikla. Seller response bhi nahi de raha.,Seller_Fraud,Medium,Call
Express delivery li thi fir bhi delay hua.,Late_Delivery,Low,Website
Customer support sirf ticket close kar raha hai without solution. Ref ORD575055.,Customer_Service,Low,Email
"Order ORD949832 ko 9 din ho gaye, status out for delivery pe hi atka hai, parcel abhi tak nahi mila.",Order_Not_Delivered,Medium,App
UPI payment deduct ho gaya par order place nahi hua. Txn TXN91425021.,Payment_Issue,High,Email
Seller ne fake product bhej diya aur return bhi reject kar diya. Order ORD934210.,Seller_Fraud,High,Call
3 baar complaint ki but koi proper response nahi mila. App me tracking bhi galat show ho rahi hai.,Customer_Service,High,Call
Screen cracked thi delivery ke time.,Damaged_Product,Low,Call
Discount apply hua tha par final bill me reflect nahi hua.,Billing_Invoice,Medium,App
Express delivery li thi fir bhi delay hua.,Late_Delivery,High,Call
Box kholte hi product broken nikla. Order ORD704819. Seller bhi reply nahi kar raha.,Damaged_Product,Medium,App
Return approve hua but pickup schedule nahi ho raha. Invoice INV825760.,Refund_Return,Low,App
Customer support sirf ticket close kar raha hai without solution. Ref ORD602832.,Customer_Service,High,Email
Original bola tha lekin duplicate nikla. Seller response bhi nahi de raha.,Seller_Fraud,Medium,Email
Invoice me extra charge add ho gaya. Order ORD443432.,Billing_Invoice,High,Call
"Order ORD620473 ko 2 din ho gaye, status out for delivery pe hi atka hai, parcel abhi tak nahi mila.",Order_Not_Delivered,High,Email
"Maine headphones order kiye the, wallet deliver kar diya. Order ORD819404. Seller bhi reply nahi kar raha.",Wrong_Product,Low,Website
Login karte hi something went wrong error aa raha hai.,App_Bug,Medium,Email
Login karte hi something went wrong error aa raha hai.,App_Bug,High,Website
Discount apply hua tha par final bill me reflect nahi hua.,Billing_Invoice,High,Website
Invoice me extra charge add ho gaya. Order ORD931882.,Billing_Invoice,Medium,Website
Express delivery li thi fir bhi delay hua.,Late_Delivery,High,App
Screen cracked thi delivery ke time.,Damaged_Product,Medium,Call
Customer support sirf ticket close kar raha hai without solution. Ref ORD938796.,Customer_Service,Medium,App
Customer support sirf ticket close kar raha hai without solution. Ref ORD640549.,Customer_Service,High,App
Login karte hi something went wrong error aa raha hai.,App_Bug,Medium,Website
Original bola tha lekin duplicate nikla. Seller response bhi nahi de raha.,Seller_Fraud,High,App
"Order ORD835192 ko 10 din ho gaye, status out for delivery pe hi atka hai, parcel abhi tak nahi mila. App me tracking bhi galat show ho rahi hai.",Order_Not_Delivered,Low,Email
"Maine headphones order kiye the, wallet deliver kar diya. Order ORD180084. Support ko contact kiya but koi update nahi.",Wrong_Product,High,Call
Box kholte hi product broken nikla. Order ORD782449.,Damaged_Product,High,Website
Original bola tha lekin duplicate nikla. Seller response bhi nahi de raha.,Seller_Fraud,High,Email
Express delivery li thi fir bhi delay hua.,Late_Delivery,Low,App
Box kholte hi product broken nikla. Order ORD167358.,Damaged_Product,High,Email
Discount apply hua tha par final bill me reflect nahi hua.,Billing_Invoice,Low,Call
UPI payment deduct ho gaya par order place nahi hua. Txn TXN20539131. Refund bhi abhi tak process nahi hua.,Payment_Issue,Medium,Email
Customer support sirf ticket close kar raha hai without solution. Ref ORD751684.,Customer_Service,Medium,Call
Completely different product receive hua.,Wrong_Product,Low,Email
UPI payment deduct ho gaya par order place nahi hua. Txn TXN91923368.,Payment_Issue,Medium,Website
Invoice me extra charge add ho gaya. Order ORD824834.,Billing_Invoice,High,App
UPI payment deduct ho gaya par order place nahi hua. Txn TXN79247286. Support ko contact kiya but koi update nahi.,Payment_Issue,Low,Email
Screen cracked thi delivery ke time.,Damaged_Product,Low,App
Amount debit hua lekin confirmation nahi aaya.,Payment_Issue,High,Call
"Tracking TRK5233280 update nahi ho raha, delivery date cross ho gayi.",Order_Not_Delivered,High,App
Seller ne fake product bhej diya aur return bhi reject kar diya. Order ORD571346. App me tracking bhi galat show ho rahi hai.,Seller_Fraud,Low,Website
Screen cracked thi delivery ke time. App me tracking bhi galat show ho rahi hai.,Damaged_Product,Low,Email
Invoice me extra charge add ho gaya. Order ORD938651. Seller bhi reply nahi kar raha.,Billing_Invoice,Medium,Website
Completely different product receive hua.,Wrong_Product,Low,Email
Login karte hi something went wrong error aa raha hai.,App_Bug,Medium,Email
"Order ORD273274 ko 4 din ho gaye, status out for delivery pe hi atka hai, parcel abhi tak nahi mila. Support ko contact kiya but koi update nahi.",Order_Not_Delivered,Low,Call
Invoice me extra charge add ho gaya. Order ORD431453.,Billing_Invoice,High,Website
Amount debit hua lekin confirmation nahi aaya. Support ko contact kiya but koi update nahi.,Payment_Issue,Medium,Website
Screen cracked thi delivery ke time. App me tracking bhi galat show ho rahi hai.,Damaged_Product,Low,Call
UPI payment deduct ho gaya par order place nahi hua. Txn TXN74495668.,Payment_Issue,High,Email
Seller ne fake product bhej diya aur return bhi reject kar diya. Order ORD654889.,Seller_Fraud,High,Call
Invoice me extra charge add ho gaya. Order ORD971536.,Billing_Invoice,Medium,Website
Screen cracked thi delivery ke time.,Damaged_Product,High,Call
Seller ne fake product bhej diya aur return bhi reject kar diya. Order ORD943285. Refund bhi abhi tak process nahi hua.,Seller_Fraud,High,Email
Login karte hi something went wrong error aa raha hai.,App_Bug,Medium,Website
Original bola tha lekin duplicate nikla. Seller response bhi nahi de raha.,Seller_Fraud,High,Website
3 baar complaint ki but koi proper response nahi mila. App me tracking bhi galat show ho rahi hai.,Customer_Service,Low,Call
Login karte hi something went wrong error aa raha hai.,App_Bug,Low,Email
Screen cracked thi delivery ke time. App me tracking bhi galat show ho rahi hai.,Damaged_Product,Low,Email
Invoice me extra charge add ho gaya. Order ORD411448.,Billing_Invoice,Medium,Website
Seller ne fake product bhej diya aur return bhi reject kar diya. Order ORD753891.,Seller_Fraud,High,Call
Refund 10 din se pending hai. Refund bhi abhi tak process nahi hua.,Refund_Return,Low,Email
Amount debit hua lekin confirmation nahi aaya.,Payment_Issue,Medium,Website
"Order ORD853308 ko 11 din ho gaye, status out for delivery pe hi atka hai, parcel abhi tak nahi mila.",Order_Not_Delivered,Medium,Website
Screen cracked thi delivery ke time. App me tracking bhi galat show ho rahi hai.,Damaged_Product,Medium,App
Customer support sirf ticket close kar raha hai without solution. Ref ORD140046. Refund bhi abhi tak process nahi hua.,Customer_Service,Medium,Website
3 baar complaint ki but koi proper response nahi mila.,Customer_Service,Medium,Call
"Tracking TRK7137345 update nahi ho raha, delivery date cross ho gayi.",Order_Not_Delivered,Medium,Email
3 baar complaint ki but koi proper response nahi mila.,Customer_Service,High,Email
Customer support sirf ticket close kar raha hai without solution. Ref ORD821765. Seller bhi reply nahi kar raha.,Customer_Service,High,Email
Express delivery li thi fir bhi delay hua.,Late_Delivery,High,Email
Seller ne fake product bhej diya aur return bhi reject kar diya. Order ORD575142.,Seller_Fraud,High,Email
"Order ORD739902 ko 7 din ho gaye, status out for delivery pe hi atka hai, parcel abhi tak nahi mila.",Order_Not_Delivered,Medium,Email
Seller ne fake product bhej diya aur return bhi reject kar diya. Order ORD142320.,Seller_Fraud,Low,Call
Seller ne fake product bhej diya aur return bhi reject kar diya. Order ORD414767.,Seller_Fraud,High,App
Screen cracked thi delivery ke time. App me tracking bhi galat show ho rahi hai.,Damaged_Product,High,App
"Maine headphones order kiye the, wallet deliver kar diya. Order ORD284578.",Wrong_Product,Medium,Website
3 baar complaint ki but koi proper response nahi mila.,Customer_Service,Medium,Email
"Order ORD261337 ko 2 din ho gaye, status out for delivery pe hi atka hai, parcel abhi tak nahi mila. Seller bhi reply nahi kar raha.",Order_Not_Delivered,Low,App
Original bola tha lekin duplicate nikla. Seller response bhi nahi de raha.,Seller_Fraud,High,Call
Login karte hi something went wrong error aa raha hai. Support ko contact kiya but koi update nahi.,App_Bug,High,App
Seller ne fake product bhej diya aur return bhi reject kar diya. Order ORD749326. Support ko contact kiya but koi update nahi.,Seller_Fraud,High,Email
Completely different product receive hua.,Wrong_Product,High,App
Completely different product receive hua.,Wrong_Product,High,App
"Maine headphones order kiye the, wallet deliver kar diya. Order ORD803281.",Wrong_Product,Medium,Website
"Order ORD344847 ko 9 din ho gaye, status out for delivery pe hi atka hai, parcel abhi tak nahi mila. Refund bhi abhi tak process nahi hua.",Order_Not_Delivered,Low,App
Return approve hua but pickup schedule nahi ho raha. Invoice INV824337. Seller bhi reply nahi kar raha.,Refund_Return,Low,Call
3 baar complaint ki but koi proper response nahi mila.,Customer_Service,High,Website
3 baar complaint ki but koi proper response nahi mila. App me tracking bhi galat show ho rahi hai.,Customer_Service,Medium,Email
"Tracking TRK6817540 update nahi ho raha, delivery date cross ho gayi.",Order_Not_Delivered,Medium,Website
Original bola tha lekin duplicate nikla. Seller response bhi nahi de raha.,Seller_Fraud,Medium,App
"Order ORD430780 ko 5 din ho gaye, status out for delivery pe hi atka hai, parcel abhi tak nahi mila.",Order_Not_Delivered,Medium,Call
Promised date se 2 din late deliver hua. Refund bhi abhi tak process nahi hua.,Late_Delivery,High,Call
Invoice me extra charge add ho gaya. Order ORD850479.,Billing_Invoice,High,Call
"Tracking TRK1149359 update nahi ho raha, delivery date cross ho gayi.",Order_Not_Delivered,Low,Email
Login karte hi something went wrong error aa raha hai. Seller bhi reply nahi kar raha.,App_Bug,Medium,Call
3 baar complaint ki but koi proper response nahi mila.,Customer_Service,Medium,Website
Original bola tha lekin duplicate nikla. Seller response bhi nahi de raha. Refund bhi abhi tak process nahi hua.,Seller_Fraud,Low,Website
Login karte hi something went wrong error aa raha hai. Seller bhi reply nahi kar raha.,App_Bug,Low,Call
Box kholte hi product broken nikla. Order ORD425912.,Damaged_Product,Medium,Website
Completely different product receive hua. Support ko contact kiya but koi update nahi.,Wrong_Product,Medium,App
Customer support sirf ticket close kar raha hai without solution. Ref ORD531168.,Customer_Service,High,Email
Completely different product receive hua.,Wrong_Product,High,App
Invoice me extra charge add ho gaya. Order ORD579585.,Billing_Invoice,High,App
3 baar complaint ki but koi proper response nahi mila. Seller bhi reply nahi kar raha.,Customer_Service,High,Website
Completely different product receive hua. App me tracking bhi galat show ho rahi hai.,Wrong_Product,High,Email
Invoice me extra charge add ho gaya. Order ORD307873.,Billing_Invoice,High,App
Screen cracked thi delivery ke time. App me tracking bhi galat show ho rahi hai.,Damaged_Product,Medium,Website
Discount apply hua tha par final bill me reflect nahi hua.,Billing_Invoice,Medium,Website
3 baar complaint ki but koi proper response nahi mila.,Customer_Service,High,Call
"Order ORD107282 ko 8 din ho gaye, status out for delivery pe hi atka hai, parcel abhi tak nahi mila.",Order_Not_Delivered,High,Call
Box kholte hi product broken nikla. Order ORD648048.,Damaged_Product,Medium,App
Login karte hi something went wrong error aa raha hai.,App_Bug,Medium,App
Refund 10 din se pending hai. Seller bhi reply nahi kar raha.,Refund_Return,High,Email
"Order ORD173015 ko 2 din ho gaye, status out for delivery pe hi atka hai, parcel abhi tak nahi mila. Refund bhi abhi tak process nahi hua.",Order_Not_Delivered,Medium,Website
Express delivery li thi fir bhi delay hua. App me tracking bhi galat show ho rahi hai.,Late_Delivery,Low,Email
Login karte hi something went wrong error aa raha hai.,App_Bug,High,Call
Discount apply hua tha par final bill me reflect nahi hua.,Billing_Invoice,Medium,Email
Promised date se 2 din late deliver hua.,Late_Delivery,High,App
Login karte hi something went wrong error aa raha hai.,App_Bug,High,Email
"Maine headphones order kiye the, wallet deliver kar diya. Order ORD428250.",Wrong_Product,Medium,Call
3 baar complaint ki but koi proper response nahi mila. Seller bhi reply nahi kar raha.,Customer_Service,Medium,App
"Tracking TRK6668029 update nahi ho raha, delivery date cross ho gayi.",Order_Not_Delivered,High,Email
Express delivery li thi fir bhi delay hua.,Late_Delivery,Low,Website
3 baar complaint ki but koi proper response nahi mila.,Customer_Service,Medium,Call
Login karte hi something went wrong error aa raha hai.,App_Bug,High,Website
Discount apply hua tha par final bill me reflect nahi hua. Seller bhi reply nahi kar raha.,Billing_Invoice,High,Website
Promised date se 12 din late deliver hua.,Late_Delivery,Medium,Email
"Order ORD611328 ko 3 din ho gaye, status out for delivery pe hi atka hai, parcel abhi tak nahi mila. App me tracking bhi galat show ho rahi hai.",Order_Not_Delivered,High,Call
App crash ho rahi hai payment ke time. Ref TRK9469764.,App_Bug,Medium,Website
Screen cracked thi delivery ke time.,Damaged_Product,Low,Email
UPI payment deduct ho gaya par order place nahi hua. Txn TXN99805802.,Payment_Issue,Medium,Call
Invoice me extra charge add ho gaya. Order ORD591526. Refund bhi abhi tak process nahi hua.,Billing_Invoice,Low,Website
"Order ORD677347 ko 8 din ho gaye, status out for delivery pe hi atka hai, parcel abhi tak nahi mila.",Order_Not_Delivered,Low,App
Login karte hi something went wrong error aa raha hai.,App_Bug,Medium,Website
"Maine headphones order kiye the, wallet deliver kar diya. Order ORD969211.",Wrong_Product,Medium,Website
UPI payment deduct ho gaya par order place nahi hua. Txn TXN73402650.,Payment_Issue,Medium,App
Invoice me extra charge add ho gaya. Order ORD611094.,Billing_Invoice,Medium,Call
Refund 10 din se pending hai.,Refund_Return,Medium,App
"Maine headphones order kiye the, wallet deliver kar diya. Order ORD386221.",Wrong_Product,Medium,Call
Screen cracked thi delivery ke time. App me tracking bhi galat show ho rahi hai.,Damaged_Product,Medium,Email
Screen cracked thi delivery ke time.,Damaged_Product,Medium,App
Box kholte hi product broken nikla. Order ORD626537.,Damaged_Product,Medium,App
Promised date se 4 din late deliver hua. App me tracking bhi galat show ho rahi hai.,Late_Delivery,Low,Call
App crash ho rahi hai payment ke time. Ref TRK4635734.,App_Bug,High,Website
Amount debit hua lekin confirmation nahi aaya.,Payment_Issue,Medium,Call
Screen cracked thi delivery ke time.,Damaged_Product,High,Email
Seller ne fake product bhej diya aur return bhi reject kar diya. Order ORD384964. Refund bhi abhi tak process nahi hua.,Seller_Fraud,Medium,Website
Invoice me extra charge add ho gaya. Order ORD164853.,Billing_Invoice,Medium,Website
Original bola tha lekin duplicate nikla. Seller response bhi nahi de raha. Refund bhi abhi tak process nahi hua.,Seller_Fraud,Medium,Website
Box kholte hi product broken nikla. Order ORD587958.,Damaged_Product,High,Website
"Order ORD949255 ko 2 din ho gaye, status out for delivery pe hi atka hai, parcel abhi tak nahi mila. Refund bhi abhi tak process nahi hua.",Order_Not_Delivered,High,Website
Customer support sirf ticket close kar raha hai without solution. Ref ORD314343. Support ko contact kiya but koi update nahi.,Customer_Service,Medium,Website
Completely different product receive hua.,Wrong_Product,Medium,App
Customer support sirf ticket close kar raha hai without solution. Ref ORD561256.,Customer_Service,Medium,App
Discount apply hua tha par final bill me reflect nahi hua.,Billing_Invoice,High,Email
Customer support sirf ticket close kar raha hai without solution. Ref ORD200515.,Customer_Service,Medium,Website
Invoice me extra charge add ho gaya. Order ORD438909.,Billing_Invoice,High,Call
Completely different product receive hua.,Wrong_Product,High,App
Original bola tha lekin duplicate nikla. Seller response bhi nahi de raha.,Seller_Fraud,High,Email
"Order ORD199198 ko 12 din ho gaye, status out for delivery pe hi atka hai, parcel abhi tak nahi mila.",Order_Not_Delivered,High,Email
Box kholte hi product broken nikla. Order ORD233973.,Damaged_Product,Low,Call
App crash ho rahi hai payment ke time. Ref TRK8679647.,App_Bug,High,Email
Express delivery li thi fir bhi delay hua.,Late_Delivery,High,App
Original bola tha lekin duplicate nikla. Seller response bhi nahi de raha. Seller bhi reply nahi kar raha.,Seller_Fraud,High,Call
Original bola tha lekin duplicate nikla. Seller response bhi nahi de raha.,Seller_Fraud,High,Email
Refund 10 din se pending hai.,Refund_Return,Medium,Call
3 baar complaint ki but koi proper response nahi mila.,Customer_Service,High,Website
Box kholte hi product broken nikla. Order ORD116462.,Damaged_Product,High,Website
3 baar complaint ki but koi proper response nahi mila.,Customer_Service,High,Call
Customer support sirf ticket close kar raha hai without solution. Ref ORD727456. Seller bhi reply nahi kar raha.,Customer_Service,Medium,App
Completely different product receive hua.,Wrong_Product,High,Website
Discount apply hua tha par final bill me reflect nahi hua.,Billing_Invoice,High,Call
Completely different product receive hua.,Wrong_Product,Medium,App
Completely different product receive hua.,Wrong_Product,Low,App
"Tracking TRK9234969 update nahi ho raha, delivery date cross ho gayi.",Order_Not_Delivered,Low,Email
3 baar complaint ki but koi proper response nahi mila.,Customer_Service,Medium,App
Screen cracked thi delivery ke time.,Damaged_Product,High,App
Completely different product receive hua. Support ko contact kiya but koi update nahi.,Wrong_Product,Low,Email
Original bola tha lekin duplicate nikla. Seller response bhi nahi de raha.,Seller_Fraud,High,App
Discount apply hua tha par final bill me reflect nahi hua.,Billing_Invoice,Medium,Call
Customer support sirf ticket close kar raha hai without solution. Ref ORD378100. App me tracking bhi galat show ho rahi hai.,Customer_Service,Medium,Website
UPI payment deduct ho gaya par order place nahi hua. Txn TXN57737121. Support ko contact kiya but koi update nahi.,Payment_Issue,Medium,App
"Order ORD319757 ko 11 din ho gaye, status out for delivery pe hi atka hai, parcel abhi tak nahi mila. App me tracking bhi galat show ho rahi hai.",Order_Not_Delivered,High,Email
"Maine headphones order kiye the, wallet deliver kar diya. Order ORD322232. App me tracking bhi galat show ho rahi hai.",Wrong_Product,Medium,App
App crash ho rahi hai payment ke time. Ref TRK2360024.,App_Bug,High,Website
Screen cracked thi delivery ke time.,Damaged_Product,Medium,App
App crash ho rahi hai payment ke time. Ref TRK6078428.,App_Bug,High,Email
Original bola tha lekin duplicate nikla. Seller response bhi nahi de raha.,Seller_Fraud,High,App
Box kholte hi product broken nikla. Order ORD275479.,Damaged_Product,High,App
"Tracking TRK6936127 update nahi ho raha, delivery date cross ho gayi.",Order_Not_Delivered,High,Email
Completely different product receive hua.,Wrong_Product,Medium,Website
Refund 10 din se pending hai. Support ko contact kiya but koi update nahi.,Refund_Return,Medium,Call
"Maine headphones order kiye the, wallet deliver kar diya. Order ORD626035. Seller bhi reply nahi kar raha.",Wrong_Product,Medium,Email
App crash ho rahi hai payment ke time. Ref TRK4422677.,App_Bug,Low,Email
"Order ORD729316 ko 11 din ho gaye, status out for delivery pe hi atka hai, parcel abhi tak nahi mila. Support ko contact kiya but koi update nahi.",Order_Not_Delivered,High,Website
3 baar complaint ki but koi proper response nahi mila. Seller bhi reply nahi kar raha.,Customer_Service,Low,Website
Invoice me extra charge add ho gaya. Order ORD594072.,Billing_Invoice,High,Call
Customer support sirf ticket close kar raha hai without solution. Ref ORD507539.,Customer_Service,Medium,Website
Box kholte hi product broken nikla. Order ORD162438.,Damaged_Product,Medium,App
Seller ne fake product bhej diya aur return bhi reject kar diya. Order ORD681296.,Seller_Fraud,Low,Website
Promised date se 4 din late deliver hua.,Late_Delivery,Medium,Call
"Maine headphones order kiye the, wallet deliver kar diya. Order ORD162461. Refund bhi abhi tak process nahi hua.",Wrong_Product,Medium,Email
"Maine headphones order kiye the, wallet deliver kar diya. Order ORD986904. App me tracking bhi galat show ho rahi hai.",Wrong_Product,Low,App
Amount debit hua lekin confirmation nahi aaya. Seller bhi reply nahi kar raha.,Payment_Issue,Low,Call
"Order ORD524618 ko 10 din ho gaye, status out for delivery pe hi atka hai, parcel abhi tak nahi mila.",Order_Not_Delivered,High,Call
Promised date se 2 din late deliver hua.,Late_Delivery,Medium,Website
3 baar complaint ki but koi proper response nahi mila.,Customer_Service,High,Email
Promised date se 6 din late deliver hua.,Late_Delivery,High,Website
Login karte hi something went wrong error aa raha hai.,App_Bug,High,Email
Seller ne fake product bhej diya aur return bhi reject kar diya. Order ORD404460.,Seller_Fraud,High,Website
Login karte hi something went wrong error aa raha hai. Refund bhi abhi tak process nahi hua.,App_Bug,High,App
Discount apply hua tha par final bill me reflect nahi hua. Refund bhi abhi tak process nahi hua.,Billing_Invoice,Medium,Call
Refund 10 din se pending hai.,Refund_Return,Medium,Call
"Tracking TRK3300249 update nahi ho raha, delivery date cross ho gayi.",Order_Not_Delivered,Medium,Email
"Maine headphones order kiye the, wallet deliver kar diya. Order ORD383187.",Wrong_Product,Medium,Call
App crash ho rahi hai payment ke time. Ref TRK7200485.,App_Bug,Medium,Email
"Order ORD481600 ko 3 din ho gaye, status out for delivery pe hi atka hai, parcel abhi tak nahi mila.",Order_Not_Delivered,High,Website
Customer support sirf ticket close kar raha hai without solution. Ref ORD456728. Refund bhi abhi tak process nahi hua.,Customer_Service,Medium,Email
"Maine headphones order kiye the, wallet deliver kar diya. Order ORD574602.",Wrong_Product,High,Email
Return approve hua but pickup schedule nahi ho raha. Invoice INV904826.,Refund_Return,Medium,Email
Return approve hua but pickup schedule nahi ho raha. Invoice INV402152. Support ko contact kiya but koi update nahi.,Refund_Return,Medium,App
"Order ORD254019 ko 3 din ho gaye, status out for delivery pe hi atka hai, parcel abhi tak nahi mila.",Order_Not_Delivered,High,App
Customer support sirf ticket close kar raha hai without solution. Ref ORD946668.,Customer_Service,Medium,Website
Login karte hi something went wrong error aa raha hai.,App_Bug,High,Website
"Order ORD547830 ko 3 din ho gaye, status out for delivery pe hi atka hai, parcel abhi tak nahi mila. Seller bhi reply nahi kar raha.",Order_Not_Delivered,Medium,App
Amount debit hua lekin confirmation nahi aaya.,Payment_Issue,Medium,Call
Screen cracked thi delivery ke time.,Damaged_Product,Low,Website
Discount apply hua tha par final bill me reflect nahi hua.,Billing_Invoice,Low,Website
3 baar complaint ki but koi proper response nahi mila. Seller bhi reply nahi kar raha.,Customer_Service,High,Call
UPI payment deduct ho gaya par order place nahi hua. Txn TXN16182399. Refund bhi abhi tak process nahi hua.,Payment_Issue,High,Website
Completely different product receive hua.,Wrong_Product,High,Call
App crash ho rahi hai payment ke time. Ref TRK9307136.,App_Bug,Medium,Website
"Tracking TRK4483070 update nahi ho raha, delivery date cross ho gayi.",Order_Not_Delivered,Medium,App
Invoice me extra charge add ho gaya. Order ORD515374. Refund bhi abhi tak process nahi hua.,Billing_Invoice,Medium,App
3 baar complaint ki but koi proper response nahi mila.,Customer_Service,High,Email
3 baar complaint ki but koi proper response nahi mila. Support ko contact kiya but koi update nahi.,Customer_Service,High,Call
"Order ORD816728 ko 5 din ho gaye, status out for delivery pe hi atka hai, parcel abhi tak nahi mila.",Order_Not_Delivered,Medium,Call
Original bola tha lekin duplicate nikla. Seller response bhi nahi de raha.,Seller_Fraud,Medium,Email
Original bola tha lekin duplicate nikla. Seller response bhi nahi de raha.,Seller_Fraud,Medium,App
Box kholte hi product broken nikla. Order ORD978569.,Damaged_Product,Low,Website
"Order ORD623387 ko 8 din ho gaye, status out for delivery pe hi atka hai, parcel abhi tak nahi mila.",Order_Not_Delivered,High,Website
Completely different product receive hua. Support ko contact kiya but koi update nahi.,Wrong_Product,High,Email
Customer support sirf ticket close kar raha hai without solution. Ref ORD560295.,Customer_Service,Low,Website
Screen cracked thi delivery ke time. Seller bhi reply nahi kar raha.,Damaged_Product,High,Call
Discount apply hua tha par final bill me reflect nahi hua.,Billing_Invoice,High,Website
"Order ORD925694 ko 5 din ho gaye, status out for delivery pe hi atka hai, parcel abhi tak nahi mila.",Order_Not_Delivered,Medium,Website
Discount apply hua tha par final bill me reflect nahi hua.,Billing_Invoice,High,Website
Seller ne fake product bhej diya aur return bhi reject kar diya. Order ORD413906.,Seller_Fraud,Medium,App
Refund 10 din se pending hai.,Refund_Return,High,Website
Original bola tha lekin duplicate nikla. Seller response bhi nahi de raha.,Seller_Fraud,Medium,App
Amount debit hua lekin confirmation nahi aaya.,Payment_Issue,High,App
Promised date se 6 din late deliver hua.,Late_Delivery,Medium,Website
Screen cracked thi delivery ke time.,Damaged_Product,Medium,Email
Screen cracked thi delivery ke time. Support ko contact kiya but koi update nahi.,Damaged_Product,Low,Website
Screen cracked thi delivery ke time. App me tracking bhi galat show ho rahi hai.,Damaged_Product,Medium,Call
Discount apply hua tha par final bill me reflect nahi hua. Refund bhi abhi tak process nahi hua.,Billing_Invoice,High,Email
UPI payment deduct ho gaya par order place nahi hua. Txn TXN84544238.,Payment_Issue,Medium,Email
Original bola tha lekin duplicate nikla. Seller response bhi nahi de raha.,Seller_Fraud,Medium,Call
Promised date se 3 din late deliver hua. Seller bhi reply nahi kar raha.,Late_Delivery,High,App
Customer support sirf ticket close kar raha hai without solution. Ref ORD885785.,Customer_Service,Medium,Email
UPI payment deduct ho gaya par order place nahi hua. Txn TXN80407193. App me tracking bhi galat show ho rahi hai.,Payment_Issue,Medium,Email
Box kholte hi product broken nikla. Order ORD427015.,Damaged_Product,Low,Call
Discount apply hua tha par final bill me reflect nahi hua.,Billing_Invoice,Medium,Call
"Order ORD898674 ko 8 din ho gaye, status out for delivery pe hi atka hai, parcel abhi tak nahi mila.",Order_Not_Delivered,Medium,App
3 baar complaint ki but koi proper response nahi mila.,Customer_Service,Medium,Email
3 baar complaint ki but koi proper response nahi mila. Seller bhi reply nahi kar raha.,Customer_Service,Medium,Email
App crash ho rahi hai payment ke time. Ref TRK8827322.,App_Bug,High,Call
"Tracking TRK6709818 update nahi ho raha, delivery date cross ho gayi.",Order_Not_Delivered,Low,Call
Box kholte hi product broken nikla. Order ORD892920. Refund bhi abhi tak process nahi hua.,Damaged_Product,Medium,Call
Express delivery li thi fir bhi delay hua. App me tracking bhi galat show ho rahi hai.,Late_Delivery,High,Call
Original bola tha lekin duplicate nikla. Seller response bhi nahi de raha.,Seller_Fraud,Medium,Email
Screen cracked thi delivery ke time.,Damaged_Product,Medium,Call
Screen cracked thi delivery ke time.,Damaged_Product,Medium,Website
3 baar complaint ki but koi proper response nahi mila.,Customer_Service,Medium,Email
Login karte hi something went wrong error aa raha hai.,App_Bug,High,Call
Screen cracked thi delivery ke time. Support ko contact kiya but koi update nahi.,Damaged_Product,Medium,Website
Screen cracked thi delivery ke time. App me tracking bhi galat show ho rahi hai.,Damaged_Product,High,App
Login karte hi something went wrong error aa raha hai. Refund bhi abhi tak process nahi hua.,App_Bug,High,App
Screen cracked thi delivery ke time.,Damaged_Product,High,Website
Invoice me extra charge add ho gaya. Order ORD658852. Refund bhi abhi tak process nahi hua.,Billing_Invoice,Low,Call
3 baar complaint ki but koi proper response nahi mila. Support ko contact kiya but koi update nahi.,Customer_Service,Low,Website
Screen cracked thi delivery ke time.,Damaged_Product,Medium,Email
Box kholte hi product broken nikla. Order ORD155964.,Damaged_Product,High,App
Login karte hi something went wrong error aa raha hai.,App_Bug,Medium,Call
Seller ne fake product bhej diya aur return bhi reject kar diya. Order ORD347525. Refund bhi abhi tak process nahi hua.,Seller_Fraud,Medium,Email
3 baar complaint ki but koi proper response nahi mila.,Customer_Service,Low,Website
Invoice me extra charge add ho gaya. Order ORD897469.,Billing_Invoice,High,Call
"Order ORD767427 ko 4 din ho gaye, status out for delivery pe hi atka hai, parcel abhi tak nahi mila. App me tracking bhi galat show ho rahi hai.",Order_Not_Delivered,Low,Website
"Maine headphones order kiye the, wallet deliver kar diya. Order ORD296716.",Wrong_Product,Medium,Email
UPI payment deduct ho gaya par order place nahi hua. Txn TXN76871217.,Payment_Issue,Medium,Email
Return approve hua but pickup schedule nahi ho raha. Invoice INV895339.,Refund_Return,High,Email
"Order ORD958437 ko 9 din ho gaye, status out for delivery pe hi atka hai, parcel abhi tak nahi mila. App me tracking bhi galat show ho rahi hai.",Order_Not_Delivered,Medium,Email
Discount apply hua tha par final bill me reflect nahi hua. Refund bhi abhi tak process nahi hua.,Billing_Invoice,Medium,Call
Refund 10 din se pending hai.,Refund_Return,Medium,Call
Seller ne fake product bhej diya aur return bhi reject kar diya. Order ORD744181.,Seller_Fraud,Medium,Website
Screen cracked thi delivery ke time.,Damaged_Product,Medium,Email
Amount debit hua lekin confirmation nahi aaya. Support ko contact kiya but koi update nahi.,Payment_Issue,Low,App
Discount apply hua tha par final bill me reflect nahi hua.,Billing_Invoice,Medium,App
"Tracking TRK4468230 update nahi ho raha, delivery date cross ho gayi.",Order_Not_Delivered,Medium,Call
Invoice me extra charge add ho gaya. Order ORD122366.,Billing_Invoice,Low,Website
"Order ORD942264 ko 4 din ho gaye, status out for delivery pe hi atka hai, parcel abhi tak nahi mila.",Order_Not_Delivered,High,Website
"Order ORD758459 ko 10 din ho gaye, status out for delivery pe hi atka hai, parcel abhi tak nahi mila.",Order_Not_Delivered,High,App
Customer support sirf ticket close kar raha hai without solution. Ref ORD182193.,Customer_Service,High,App
Customer support sirf ticket close kar raha hai without solution. Ref ORD919737.,Customer_Service,High,Email
App crash ho rahi hai payment ke time. Ref TRK7021604.,App_Bug,High,Website
3 baar complaint ki but koi proper response nahi mila.,Customer_Service,High,Website
Invoice me extra charge add ho gaya. Order ORD901834.,Billing_Invoice,Medium,App
"Maine headphones order kiye the, wallet deliver kar diya. Order ORD479937.",Wrong_Product,Medium,App
3 baar complaint ki but koi proper response nahi mila. App me tracking bhi galat show ho rahi hai.,Customer_Service,Medium,Email
Express delivery li thi fir bhi delay hua.,Late_Delivery,High,Email
Completely different product receive hua.,Wrong_Product,High,Email
3 baar complaint ki but koi proper response nahi mila.,Customer_Service,High,Email
3 baar complaint ki but koi proper response nahi mila.,Customer_Service,Low,Website
Login karte hi something went wrong error aa raha hai.,App_Bug,Low,Email
Invoice me extra charge add ho gaya. Order ORD487907. App me tracking bhi galat show ho rahi hai.,Billing_Invoice,High,Email
Box kholte hi product broken nikla. Order ORD605966.,Damaged_Product,Medium,Email
Refund 10 din se pending hai.,Refund_Return,Low,App
Invoice me extra charge add ho gaya. Order ORD307070.,Billing_Invoice,High,Email
Customer support sirf ticket close kar raha hai without solution. Ref ORD460192.,Customer_Service,Medium,App
Invoice me extra charge add ho gaya. Order ORD920236. App me tracking bhi galat show ho rahi hai.,Billing_Invoice,High,Website
Screen cracked thi delivery ke time. App me tracking bhi galat show ho rahi hai.,Damaged_Product,Low,App
"Tracking TRK6643687 update nahi ho raha, delivery date cross ho gayi.",Order_Not_Delivered,Medium,Email
Refund 10 din se pending hai.,Refund_Return,Medium,Website
Discount apply hua tha par final bill me reflect nahi hua.,Billing_Invoice,Medium,Email
Screen cracked thi delivery ke time.,Damaged_Product,High,Website
"Order ORD488556 ko 10 din ho gaye, status out for delivery pe hi atka hai, parcel abhi tak nahi mila.",Order_Not_Delivered,High,Call
"Maine headphones order kiye the, wallet deliver kar diya. Order ORD509960.",Wrong_Product,Low,Call
"Tracking TRK1410098 update nahi ho raha, delivery date cross ho gayi.",Order_Not_Delivered,Medium,Website
"Maine headphones order kiye the, wallet deliver kar diya. Order ORD213274. App me tracking bhi galat show ho rahi hai.",Wrong_Product,High,App
App crash ho rahi hai payment ke time. Ref TRK4982314.,App_Bug,Medium,App
Seller ne fake product bhej diya aur return bhi reject kar diya. Order ORD798025.,Seller_Fraud,High,App
"Maine headphones order kiye the, wallet deliver kar diya. Order ORD653871. App me tracking bhi galat show ho rahi hai.",Wrong_Product,Medium,Call
Discount apply hua tha par final bill me reflect nahi hua. Seller bhi reply nahi kar raha.,Billing_Invoice,High,Website
Screen cracked thi delivery ke time.,Damaged_Product,High,Email
Express delivery li thi fir bhi delay hua.,Late_Delivery,High,Website
Discount apply hua tha par final bill me reflect nahi hua.,Billing_Invoice,Low,Email
App crash ho rahi hai payment ke time. Ref TRK7512418. Refund bhi abhi tak process nahi hua.,App_Bug,High,Website
Amount debit hua lekin confirmation nahi aaya.,Payment_Issue,High,Website
Original bola tha lekin duplicate nikla. Seller response bhi nahi de raha.,Seller_Fraud,Low,Call
3 baar complaint ki but koi proper response nahi mila.,Customer_Service,High,Website
Promised date se 10 din late deliver hua.,Late_Delivery,High,App
Seller ne fake product bhej diya aur return bhi reject kar diya. Order ORD341595. App me tracking bhi galat show ho rahi hai.,Seller_Fraud,Medium,App
Original bola tha lekin duplicate nikla. Seller response bhi nahi de raha.,Seller_Fraud,High,Email
Screen cracked thi delivery ke time.,Damaged_Product,Medium,Email
Screen cracked thi delivery ke time.,Damaged_Product,High,Website
Refund 10 din se pending hai.,Refund_Return,High,Call
Return approve hua but pickup schedule nahi ho raha. Invoice INV485503. App me tracking bhi galat show ho rahi hai.,Refund_Return,High,Email
Box kholte hi product broken nikla. Order ORD144366.,Damaged_Product,Medium,Call
Customer support sirf ticket close kar raha hai without solution. Ref ORD486566. Seller bhi reply nahi kar raha.,Customer_Service,Medium,Email
App crash ho rahi hai payment ke time. Ref TRK6709813. Support ko contact kiya but koi update nahi.,App_Bug,High,Email
"Order ORD756312 ko 4 din ho gaye, status out for delivery pe hi atka hai, parcel abhi tak nahi mila.",Order_Not_Delivered,Medium,Call
Refund 10 din se pending hai.,Refund_Return,Medium,Email
Seller ne fake product bhej diya aur return bhi reject kar diya. Order ORD674585.,Seller_Fraud,Medium,App
Screen cracked thi delivery ke time.,Damaged_Product,Medium,Email
Discount apply hua tha par final bill me reflect nahi hua. Support ko contact kiya but koi update nahi.,Billing_Invoice,Medium,Website
3 baar complaint ki but koi proper response nahi mila.,Customer_Service,Low,Website
"Order ORD757993 ko 3 din ho gaye, status out for delivery pe hi atka hai, parcel abhi tak nahi mila. App me tracking bhi galat show ho rahi hai.",Order_Not_Delivered,High,Website
Return approve hua but pickup schedule nahi ho raha. Invoice INV676464. Support ko contact kiya but koi update nahi.,Refund_Return,Medium,App
3 baar complaint ki but koi proper response nahi mila. Support ko contact kiya but koi update nahi.,Customer_Service,Medium,Website
Box kholte hi product broken nikla. Order ORD533866.,Damaged_Product,High,Website
Discount apply hua tha par final bill me reflect nahi hua.,Billing_Invoice,High,Email
Customer support sirf ticket close kar raha hai without solution. Ref ORD541436. App me tracking bhi galat show ho rahi hai.,Customer_Service,Medium,Website
Discount apply hua tha par final bill me reflect nahi hua.,Billing_Invoice,Medium,App
Invoice me extra charge add ho gaya. Order ORD434712. Seller bhi reply nahi kar raha.,Billing_Invoice,Low,Call
Promised date se 5 din late deliver hua.,Late_Delivery,High,Website
"Tracking TRK9887313 update nahi ho raha, delivery date cross ho gayi.",Order_Not_Delivered,Low,Call
Customer support sirf ticket close kar raha hai without solution. Ref ORD563849.,Customer_Service,High,Website
3 baar complaint ki but koi proper response nahi mila.,Customer_Service,Medium,App
"Maine headphones order kiye the, wallet deliver kar diya. Order ORD855755.",Wrong_Product,High,Email
"Maine headphones order kiye the, wallet deliver kar diya. Order ORD916901. Refund bhi abhi tak process nahi hua.",Wrong_Product,High,Email
Box kholte hi product broken nikla. Order ORD536886.,Damaged_Product,Medium,Email
App crash ho rahi hai payment ke time. Ref TRK1888105.,App_Bug,High,Email
Original bola tha lekin duplicate nikla. Seller response bhi nahi de raha.,Seller_Fraud,Medium,Call
"Order ORD457573 ko 5 din ho gaye, status out for delivery pe hi atka hai, parcel abhi tak nahi mila.",Order_Not_Delivered,Medium,Call
"Tracking TRK9878269 update nahi ho raha, delivery date cross ho gayi.",Order_Not_Delivered,High,Email
Login karte hi something went wrong error aa raha hai. Seller bhi reply nahi kar raha.,App_Bug,Low,Email
Box kholte hi product broken nikla. Order ORD912071. Seller bhi reply nahi kar raha.,Damaged_Product,Medium,Website
Amount debit hua lekin confirmation nahi aaya.,Payment_Issue,High,Email
"Tracking TRK5966312 update nahi ho raha, delivery date cross ho gayi.",Order_Not_Delivered,Low,Email
Discount apply hua tha par final bill me reflect nahi hua. Support ko contact kiya but koi update nahi.,Billing_Invoice,Low,Call
Completely different product receive hua. Support ko contact kiya but koi update nahi.,Wrong_Product,High,Website
Amount debit hua lekin confirmation nahi aaya.,Payment_Issue,Low,App
"Order ORD557184 ko 3 din ho gaye, status out for delivery pe hi atka hai, parcel abhi tak nahi mila.",Order_Not_Delivered,Low,App
Box kholte hi product broken nikla. Order ORD785433.,Damaged_Product,Medium,Call
App crash ho rahi hai payment ke time. Ref TRK9789295.,App_Bug,Medium,App
3 baar complaint ki but koi proper response nahi mila. Refund bhi abhi tak process nahi hua.,Customer_Service,High,Call
Customer support sirf ticket close kar raha hai without solution. Ref ORD614700.,Customer_Service,High,App
UPI payment deduct ho gaya par order place nahi hua. Txn TXN26123098.,Payment_Issue,High,Call
Box kholte hi product broken nikla. Order ORD468790. App me tracking bhi galat show ho rahi hai.,Damaged_Product,Medium,Call
App crash ho rahi hai payment ke time. Ref TRK3024131.,App_Bug,Medium,Call
Refund 10 din se pending hai.,Refund_Return,Medium,Email
Login karte hi something went wrong error aa raha hai.,App_Bug,Medium,App
Seller ne fake product bhej diya aur return bhi reject kar diya. Order ORD910571. App me tracking bhi galat show ho rahi hai.,Seller_Fraud,Low,Call
App crash ho rahi hai payment ke time. Ref TRK7400904.,App_Bug,Medium,Website
Seller ne fake product bhej diya aur return bhi reject kar diya. Order ORD811190. App me tracking bhi galat show ho rahi hai.,Seller_Fraud,Medium,App
3 baar complaint ki but koi proper response nahi mila. Refund bhi abhi tak process nahi hua.,Customer_Service,Low,Website
Invoice me extra charge add ho gaya. Order ORD155850.,Billing_Invoice,High,App
"Order ORD522818 ko 3 din ho gaye, status out for delivery pe hi atka hai, parcel abhi tak nahi mila.",Order_Not_Delivered,Medium,Website
Box kholte hi product broken nikla. Order ORD707135.,Damaged_Product,High,App
Screen cracked thi delivery ke time. Refund bhi abhi tak process nahi hua.,Damaged_Product,Low,Call
Box kholte hi product broken nikla. Order ORD580960.,Damaged_Product,High,Email
Seller ne fake product bhej diya aur return bhi reject kar diya. Order ORD627333.,Seller_Fraud,Low,Website
Refund 10 din se pending hai. Support ko contact kiya but koi update nahi.,Refund_Return,High,Email
Discount apply hua tha par final bill me reflect nahi hua. Seller bhi reply nahi kar raha.,Billing_Invoice,High,Call
Refund 10 din se pending hai. Refund bhi abhi tak process nahi hua.,Refund_Return,High,Email
Customer support sirf ticket close kar raha hai without solution. Ref ORD163379.,Customer_Service,Medium,Call
Customer support sirf ticket close kar raha hai without solution. Ref ORD465751. Seller bhi reply nahi kar raha.,Customer_Service,High,App
Completely different product receive hua.,Wrong_Product,High,Email
Original bola tha lekin duplicate nikla. Seller response bhi nahi de raha. App me tracking bhi galat show ho rahi hai.,Seller_Fraud,High,Website
3 baar complaint ki but koi proper response nahi mila. Support ko contact kiya but koi update nahi.,Customer_Service,High,Email
Express delivery li thi fir bhi delay hua.,Late_Delivery,Low,Website
3 baar complaint ki but koi proper response nahi mila.,Customer_Service,Medium,App
"Maine headphones order kiye the, wallet deliver kar diya. Order ORD887217. App me tracking bhi galat show ho rahi hai.",Wrong_Product,High,App
Refund 10 din se pending hai. Seller bhi reply nahi kar raha.,Refund_Return,Medium,Website
Return approve hua but pickup schedule nahi ho raha. Invoice INV706171.,Refund_Return,High,App
Customer support sirf ticket close kar raha hai without solution. Ref ORD876169. Seller bhi reply nahi kar raha.,Customer_Service,Medium,Call
"Order ORD736876 ko 12 din ho gaye, status out for delivery pe hi atka hai, parcel abhi tak nahi mila.",Order_Not_Delivered,Medium,Email
Customer support sirf ticket close kar raha hai without solution. Ref ORD328937.,Customer_Service,High,Email
UPI payment deduct ho gaya par order place nahi hua. Txn TXN52881821. Seller bhi reply nahi kar raha.,Payment_Issue,Medium,Call
"Maine headphones order kiye the, wallet deliver kar diya. Order ORD838082. Seller bhi reply nahi kar raha.",Wrong_Product,Medium,App
App crash ho rahi hai payment ke time. Ref TRK5750306.,App_Bug,High,App
3 baar complaint ki but koi proper response nahi mila.,Customer_Service,High,Website
Completely different product receive hua. Seller bhi reply nahi kar raha.,Wrong_Product,Medium,App
"Tracking TRK3552599 update nahi ho raha, delivery date cross ho gayi.",Order_Not_Delivered,Medium,Call
Login karte hi something went wrong error aa raha hai. Support ko contact kiya but koi update nahi.,App_Bug,Medium,App
Original bola tha lekin duplicate nikla. Seller response bhi nahi de raha.,Seller_Fraud,High,App
Amount debit hua lekin confirmation nahi aaya.,Payment_Issue,Low,App
Original bola tha lekin duplicate nikla. Seller response bhi nahi de raha.,Seller_Fraud,Medium,Website
Return approve hua but pickup schedule nahi ho raha. Invoice INV669528.,Refund_Return,High,Email
Discount apply hua tha par final bill me reflect nahi hua. Support ko contact kiya but koi update nahi.,Billing_Invoice,High,Email
Original bola tha lekin duplicate nikla. Seller response bhi nahi de raha.,Seller_Fraud,High,Website
App crash ho rahi hai payment ke time. Ref TRK9980222.,App_Bug,Low,Email
"Tracking TRK3249716 update nahi ho raha, delivery date cross ho gayi.",Order_Not_Delivered,High,Email
Promised date se 2 din late deliver hua.,Late_Delivery,High,App
"Tracking TRK5758979 update nahi ho raha, delivery date cross ho gayi.",Order_Not_Delivered,High,Email
Customer support sirf ticket close kar raha hai without solution. Ref ORD558089. App me tracking bhi galat show ho rahi hai.,Customer_Service,Medium,Website
Completely different product receive hua. Support ko contact kiya but koi update nahi.,Wrong_Product,Medium,Website
Return approve hua but pickup schedule nahi ho raha. Invoice INV914813.,Refund_Return,Medium,Call
Promised date se 7 din late deliver hua.,Late_Delivery,Medium,Website
"Tracking TRK4947086 update nahi ho raha, delivery date cross ho gayi.",Order_Not_Delivered,Medium,App
Login karte hi something went wrong error aa raha hai.,App_Bug,Medium,App
Completely different product receive hua.,Wrong_Product,Medium,Call
Original bola tha lekin duplicate nikla. Seller response bhi nahi de raha. Seller bhi reply nahi kar raha.,Seller_Fraud,High,App
Screen cracked thi delivery ke time. Support ko contact kiya but koi update nahi.,Damaged_Product,High,Email
Completely different product receive hua.,Wrong_Product,Medium,Email
3 baar complaint ki but koi proper response nahi mila.,Customer_Service,Medium,Email
"Order ORD945872 ko 7 din ho gaye, status out for delivery pe hi atka hai, parcel abhi tak nahi mila.",Order_Not_Delivered,High,Email
Screen cracked thi delivery ke time. Refund bhi abhi tak process nahi hua.,Damaged_Product,High,Call
Express delivery li thi fir bhi delay hua.,Late_Delivery,Medium,Website
Completely different product receive hua.,Wrong_Product,Medium,Email
Refund 10 din se pending hai.,Refund_Return,High,Website
Discount apply hua tha par final bill me reflect nahi hua. Refund bhi abhi tak process nahi hua.,Billing_Invoice,Medium,Website
Seller ne fake product bhej diya aur return bhi reject kar diya. Order ORD116933.,Seller_Fraud,High,Call
Screen cracked thi delivery ke time. Seller bhi reply nahi kar raha.,Damaged_Product,Medium,App
Original bola tha lekin duplicate nikla. Seller response bhi nahi de raha. Seller bhi reply nahi kar raha.,Seller_Fraud,High,Website
3 baar complaint ki but koi proper response nahi mila.,Customer_Service,Low,App
Discount apply hua tha par final bill me reflect nahi hua. Seller bhi reply nahi kar raha.,Billing_Invoice,High,Call
Promised date se 5 din late deliver hua.,Late_Delivery,Medium,Email
Seller ne fake product bhej diya aur return bhi reject kar diya. Order ORD421689.,Seller_Fraud,High,App
Screen cracked thi delivery ke time.,Damaged_Product,High,App
Original bola tha lekin duplicate nikla. Seller response bhi nahi de raha. App me tracking bhi galat show ho rahi hai.,Seller_Fraud,Medium,Website
App crash ho rahi hai payment ke time. Ref TRK4892673.,App_Bug,Low,Call
Seller ne fake product bhej diya aur return bhi reject kar diya. Order ORD612880.,Seller_Fraud,Medium,Call
Screen cracked thi delivery ke time.,Damaged_Product,High,Call
Invoice me extra charge add ho gaya. Order ORD235048.,Billing_Invoice,Medium,Call
App crash ho rahi hai payment ke time. Ref TRK5659620. Refund bhi abhi tak process nahi hua.,App_Bug,High,Email
3 baar complaint ki but koi proper response nahi mila. Seller bhi reply nahi kar raha.,Customer_Service,Medium,Call
Box kholte hi product broken nikla. Order ORD360020.,Damaged_Product,Medium,App
Screen cracked thi delivery ke time.,Damaged_Product,High,Email
"Maine headphones order kiye the, wallet deliver kar diya. Order ORD711874.",Wrong_Product,High,Call
Original bola tha lekin duplicate nikla. Seller response bhi nahi de raha.,Seller_Fraud,Medium,App
Box kholte hi product broken nikla. Order ORD580915.,Damaged_Product,High,Email
Box kholte hi product broken nikla. Order ORD806498.,Damaged_Product,Low,Call
Invoice me extra charge add ho gaya. Order ORD775644.,Billing_Invoice,Medium,Website
App crash ho rahi hai payment ke time. Ref TRK1363463.,App_Bug,Low,App
Screen cracked thi delivery ke time.,Damaged_Product,Medium,App
Refund 10 din se pending hai.,Refund_Return,Medium,Call
3 baar complaint ki but koi proper response nahi mila.,Customer_Service,Low,App
Login karte hi something went wrong error aa raha hai.,App_Bug,Medium,App
Seller ne fake product bhej diya aur return bhi reject kar diya. Order ORD442149.,Seller_Fraud,High,App
Invoice me extra charge add ho gaya. Order ORD422917.,Billing_Invoice,Medium,Call
Login karte hi something went wrong error aa raha hai.,App_Bug,High,Website
"Maine headphones order kiye the, wallet deliver kar diya. Order ORD941795.",Wrong_Product,Medium,Website
Customer support sirf ticket close kar raha hai without solution. Ref ORD397407. Support ko contact kiya but koi update nahi.,Customer_Service,High,Call
Screen cracked thi delivery ke time.,Damaged_Product,Medium,Email
"Order ORD274117 ko 3 din ho gaye, status out for delivery pe hi atka hai, parcel abhi tak nahi mila.",Order_Not_Delivered,Medium,App
Seller ne fake product bhej diya aur return bhi reject kar diya. Order ORD895794.,Seller_Fraud,High,Call
3 baar complaint ki but koi proper response nahi mila.,Customer_Service,Medium,Website
"Tracking TRK2832419 update nahi ho raha, delivery date cross ho gayi.",Order_Not_Delivered,Low,App
App crash ho rahi hai payment ke time. Ref TRK1194285.,App_Bug,Medium,Website
"Order ORD477991 ko 12 din ho gaye, status out for delivery pe hi atka hai, parcel abhi tak nahi mila.",Order_Not_Delivered,High,Call
Screen cracked thi delivery ke time.,Damaged_Product,Medium,Email
Box kholte hi product broken nikla. Order ORD229702.,Damaged_Product,Medium,Email
Customer support sirf ticket close kar raha hai without solution. Ref ORD533153.,Customer_Service,High,Email
"Maine headphones order kiye the, wallet deliver kar diya. Order ORD520978.",Wrong_Product,Medium,Email
Express delivery li thi fir bhi delay hua. Refund bhi abhi tak process nahi hua.,Late_Delivery,Medium,Email
"Maine headphones order kiye the, wallet deliver kar diya. Order ORD802192.",Wrong_Product,High,Call
3 baar complaint ki but koi proper response nahi mila.,Customer_Service,Medium,Call
Screen cracked thi delivery ke time. App me tracking bhi galat show ho rahi hai.,Damaged_Product,Medium,Call
3 baar complaint ki but koi proper response nahi mila. App me tracking bhi galat show ho rahi hai.,Customer_Service,High,App
"Order ORD505308 ko 8 din ho gaye, status out for delivery pe hi atka hai, parcel abhi tak nahi mila. App me tracking bhi galat show ho rahi hai.",Order_Not_Delivered,High,Call
3 baar complaint ki but koi proper response nahi mila. Refund bhi abhi tak process nahi hua.,Customer_Service,Low,Email
Login karte hi something went wrong error aa raha hai.,App_Bug,High,Call
Original bola tha lekin duplicate nikla. Seller response bhi nahi de raha.,Seller_Fraud,High,Call
"Order ORD248200 ko 9 din ho gaye, status out for delivery pe hi atka hai, parcel abhi tak nahi mila.",Order_Not_Delivered,High,Website
Customer support sirf ticket close kar raha hai without solution. Ref ORD840988.,Customer_Service,Medium,Website
Seller ne fake product bhej diya aur return bhi reject kar diya. Order ORD780614. Refund bhi abhi tak process nahi hua.,Seller_Fraud,Low,Website
Discount apply hua tha par final bill me reflect nahi hua.,Billing_Invoice,High,Call
Screen cracked thi delivery ke time.,Damaged_Product,Medium,App
Seller ne fake product bhej diya aur return bhi reject kar diya. Order ORD860896.,Seller_Fraud,Medium,Website
Invoice me extra charge add ho gaya. Order ORD654784. Seller bhi reply nahi kar raha.,Billing_Invoice,High,Website
Invoice me extra charge add ho gaya. Order ORD598909.,Billing_Invoice,High,App
Screen cracked thi delivery ke time.,Damaged_Product,High,Website
"Maine headphones order kiye the, wallet deliver kar diya. Order ORD629154. Support ko contact kiya but koi update nahi.",Wrong_Product,Medium,Website
"Maine headphones order kiye the, wallet deliver kar diya. Order ORD139700.",Wrong_Product,High,Email
Seller ne fake product bhej diya aur return bhi reject kar diya. Order ORD563841. Support ko contact kiya but koi update nahi.,Seller_Fraud,High,Email
Seller ne fake product bhej diya aur return bhi reject kar diya. Order ORD959747.,Seller_Fraud,High,Call
Box kholte hi product broken nikla. Order ORD183688. Seller bhi reply nahi kar raha.,Damaged_Product,Medium,Website
"Order ORD758539 ko 8 din ho gaye, status out for delivery pe hi atka hai, parcel abhi tak nahi mila.",Order_Not_Delivered,Medium,Call
Amount debit hua lekin confirmation nahi aaya.,Payment_Issue,High,App
Customer support sirf ticket close kar raha hai without solution. Ref ORD687532. Refund bhi abhi tak process nahi hua.,Customer_Service,High,Website
Express delivery li thi fir bhi delay hua.,Late_Delivery,High,Email
Refund 10 din se pending hai.,Refund_Return,Medium,Email
App crash ho rahi hai payment ke time. Ref TRK3506140. Seller bhi reply nahi kar raha.,App_Bug,Medium,Website
"Tracking TRK3627682 update nahi ho raha, delivery date cross ho gayi.",Order_Not_Delivered,Medium,Email
Customer support sirf ticket close kar raha hai without solution. Ref ORD725170. Support ko contact kiya but koi update nahi.,Customer_Service,High,Email
Screen cracked thi delivery ke time.,Damaged_Product,High,Website
Seller ne fake product bhej diya aur return bhi reject kar diya. Order ORD932952.,Seller_Fraud,Medium,App
Original bola tha lekin duplicate nikla. Seller response bhi nahi de raha.,Seller_Fraud,Medium,Call
Login karte hi something went wrong error aa raha hai.,App_Bug,High,Email
"Maine headphones order kiye the, wallet deliver kar diya. Order ORD418411.",Wrong_Product,High,Website
Discount apply hua tha par final bill me reflect nahi hua.,Billing_Invoice,Low,App
"Maine headphones order kiye the, wallet deliver kar diya. Order ORD402024.",Wrong_Product,High,Email
Refund 10 din se pending hai. Support ko contact kiya but koi update nahi.,Refund_Return,Low,Website
Express delivery li thi fir bhi delay hua. Seller bhi reply nahi kar raha.,Late_Delivery,Medium,Call
Completely different product receive hua. Seller bhi reply nahi kar raha.,Wrong_Product,High,Call
Invoice me extra charge add ho gaya. Order ORD549620.,Billing_Invoice,Medium,Call
Completely different product receive hua.,Wrong_Product,High,Website
Promised date se 11 din late deliver hua.,Late_Delivery,High,Email
Amount debit hua lekin confirmation nahi aaya. App me tracking bhi galat show ho rahi hai.,Payment_Issue,Medium,Website
Invoice me extra charge add ho gaya. Order ORD940749.,Billing_Invoice,Medium,Call
Return approve hua but pickup schedule nahi ho raha. Invoice INV974176.,Refund_Return,Medium,Call
Amount debit hua lekin confirmation nahi aaya.,Payment_Issue,Medium,Website
UPI payment deduct ho gaya par order place nahi hua. Txn TXN13605615.,Payment_Issue,Medium,Email
Box kholte hi product broken nikla. Order ORD485257.,Damaged_Product,High,App
"Order ORD449851 ko 5 din ho gaye, status out for delivery pe hi atka hai, parcel abhi tak nahi mila.",Order_Not_Delivered,Medium,Website
"Tracking TRK5125346 update nahi ho raha, delivery date cross ho gayi.",Order_Not_Delivered,High,Email
Discount apply hua tha par final bill me reflect nahi hua.,Billing_Invoice,Medium,Call
"Tracking TRK7330500 update nahi ho raha, delivery date cross ho gayi. App me tracking bhi galat show ho rahi hai.",Order_Not_Delivered,High,App
Box kholte hi product broken nikla. Order ORD865011.,Damaged_Product,High,Call
Original bola tha lekin duplicate nikla. Seller response bhi nahi de raha.,Seller_Fraud,Medium,App
Screen cracked thi delivery ke time.,Damaged_Product,High,Call
3 baar complaint ki but koi proper response nahi mila.,Customer_Service,High,Call
Seller ne fake product bhej diya aur return bhi reject kar diya. Order ORD843232. Support ko contact kiya but koi update nahi.,Seller_Fraud,High,Website
"Maine headphones order kiye the, wallet deliver kar diya. Order ORD228631.",Wrong_Product,Medium,Website
Promised date se 10 din late deliver hua. Refund bhi abhi tak process nahi hua.,Late_Delivery,High,Call
"Tracking TRK8795690 update nahi ho raha, delivery date cross ho gayi. Refund bhi abhi tak process nahi hua.",Order_Not_Delivered,High,Website
"Maine headphones order kiye the, wallet deliver kar diya. Order ORD521390.",Wrong_Product,Low,Call
Screen cracked thi delivery ke time.,Damaged_Product,High,Call
"Tracking TRK1141275 update nahi ho raha, delivery date cross ho gayi. App me tracking bhi galat show ho rahi hai.",Order_Not_Delivered,High,Email
Return approve hua but pickup schedule nahi ho raha. Invoice INV165035.,Refund_Return,Medium,Website
Completely different product receive hua. Seller bhi reply nahi kar raha.,Wrong_Product,High,Email
Login karte hi something went wrong error aa raha hai.,App_Bug,High,Call
Screen cracked thi delivery ke time.,Damaged_Product,Low,Call
Seller ne fake product bhej diya aur return bhi reject kar diya. Order ORD357691. Support ko contact kiya but koi update nahi.,Seller_Fraud,High,Website
UPI payment deduct ho gaya par order place nahi hua. Txn TXN24561847.,Payment_Issue,Medium,App
Discount apply hua tha par final bill me reflect nahi hua.,Billing_Invoice,High,Email
3 baar complaint ki but koi proper response nahi mila.,Customer_Service,Medium,Email
Customer support sirf ticket close kar raha hai without solution. Ref ORD432798. App me tracking bhi galat show ho rahi hai.,Customer_Service,Medium,App
Login karte hi something went wrong error aa raha hai.,App_Bug,High,Website
Screen cracked thi delivery ke time.,Damaged_Product,Medium,Website
3 baar complaint ki but koi proper response nahi mila.,Customer_Service,Medium,Call
Original bola tha lekin duplicate nikla. Seller response bhi nahi de raha.,Seller_Fraud,High,Website
Discount apply hua tha par final bill me reflect nahi hua.,Billing_Invoice,Medium,Website
Invoice me extra charge add ho gaya. Order ORD194849.,Billing_Invoice,Medium,App
Login karte hi something went wrong error aa raha hai.,App_Bug,Medium,Website
"Order ORD230233 ko 11 din ho gaye, status out for delivery pe hi atka hai, parcel abhi tak nahi mila. Refund bhi abhi tak process nahi hua.",Order_Not_Delivered,Low,Call
Original bola tha lekin duplicate nikla. Seller response bhi nahi de raha. App me tracking bhi galat show ho rahi hai.,Seller_Fraud,High,Call
Seller ne fake product bhej diya aur return bhi reject kar diya. Order ORD730850.,Seller_Fraud,High,Website
Discount apply hua tha par final bill me reflect nahi hua. App me tracking bhi galat show ho rahi hai.,Billing_Invoice,High,Email
"Tracking TRK2028247 update nahi ho raha, delivery date cross ho gayi. Refund bhi abhi tak process nahi hua.",Order_Not_Delivered,High,Email
Invoice me extra charge add ho gaya. Order ORD873326.,Billing_Invoice,Medium,Call
"Tracking TRK1065590 update nahi ho raha, delivery date cross ho gayi. Seller bhi reply nahi kar raha.",Order_Not_Delivered,Medium,App
App crash ho rahi hai payment ke time. Ref TRK6512077.,App_Bug,Medium,Website
Completely different product receive hua.,Wrong_Product,Medium,Call
Amount debit hua lekin confirmation nahi aaya.,Payment_Issue,High,Call
Invoice me extra charge add ho gaya. Order ORD456081.,Billing_Invoice,High,Email
Seller ne fake product bhej diya aur return bhi reject kar diya. Order ORD972697.,Seller_Fraud,High,Email
Promised date se 8 din late deliver hua. Refund bhi abhi tak process nahi hua.,Late_Delivery,Medium,Email
Screen cracked thi delivery ke time.,Damaged_Product,Medium,App
Seller ne fake product bhej diya aur return bhi reject kar diya. Order ORD822108.,Seller_Fraud,Medium,Email
Customer support sirf ticket close kar raha hai without solution. Ref ORD401804.,Customer_Service,High,Website
"Tracking TRK6455993 update nahi ho raha, delivery date cross ho gayi. Refund bhi abhi tak process nahi hua.",Order_Not_Delivered,Medium,Website
Invoice me extra charge add ho gaya. Order ORD511352.,Billing_Invoice,Medium,Call
Completely different product receive hua. Support ko contact kiya but koi update nahi.,Wrong_Product,High,Call
Invoice me extra charge add ho gaya. Order ORD434642.,Billing_Invoice,Medium,Call
Refund 10 din se pending hai.,Refund_Return,High,Email
Seller ne fake product bhej diya aur return bhi reject kar diya. Order ORD145715. Support ko contact kiya but koi update nahi.,Seller_Fraud,High,Call
Login karte hi something went wrong error aa raha hai.,App_Bug,High,Website
Completely different product receive hua.,Wrong_Product,Medium,Website
Original bola tha lekin duplicate nikla. Seller response bhi nahi de raha.,Seller_Fraud,Low,Email
Return approve hua but pickup schedule nahi ho raha. Invoice INV884926.,Refund_Return,Medium,Call
Seller ne fake product bhej diya aur return bhi reject kar diya. Order ORD957342.,Seller_Fraud,Medium,Email
Login karte hi something went wrong error aa raha hai. Support ko contact kiya but koi update nahi.,App_Bug,Medium,Call
Box kholte hi product broken nikla. Order ORD291195. Support ko contact kiya but koi update nahi.,Damaged_Product,High,Website
Seller ne fake product bhej diya aur return bhi reject kar diya. Order ORD441906.,Seller_Fraud,Low,Email
Promised date se 8 din late deliver hua.,Late_Delivery,High,Email
Original bola tha lekin duplicate nikla. Seller response bhi nahi de raha.,Seller_Fraud,High,App
Original bola tha lekin duplicate nikla. Seller response bhi nahi de raha. Support ko contact kiya but koi update nahi.,Seller_Fraud,High,Website
Customer support sirf ticket close kar raha hai without solution. Ref ORD735553.,Customer_Service,High,Email
"Maine headphones order kiye the, wallet deliver kar diya. Order ORD684048.",Wrong_Product,Medium,Email
Seller ne fake product bhej diya aur return bhi reject kar diya. Order ORD672281.,Seller_Fraud,High,Call
Invoice me extra charge add ho gaya. Order ORD152740.,Billing_Invoice,High,Call
Discount apply hua tha par final bill me reflect nahi hua.,Billing_Invoice,Medium,Website
"Maine headphones order kiye the, wallet deliver kar diya. Order ORD815418.",Wrong_Product,Medium,Email
Screen cracked thi delivery ke time.,Damaged_Product,Medium,Website
Seller ne fake product bhej diya aur return bhi reject kar diya. Order ORD443297. Refund bhi abhi tak process nahi hua.,Seller_Fraud,Medium,Call
Return approve hua but pickup schedule nahi ho raha. Invoice INV863002. Support ko contact kiya but koi update nahi.,Refund_Return,High,Email
Express delivery li thi fir bhi delay hua. Refund bhi abhi tak process nahi hua.,Late_Delivery,Medium,Call
"Order ORD496810 ko 10 din ho gaye, status out for delivery pe hi atka hai, parcel abhi tak nahi mila.",Order_Not_Delivered,High,Call
Return approve hua but pickup schedule nahi ho raha. Invoice INV733414.,Refund_Return,Medium,Email
"Tracking TRK6435975 update nahi ho raha, delivery date cross ho gayi.",Order_Not_Delivered,High,Website
App crash ho rahi hai payment ke time. Ref TRK5153601.,App_Bug,Medium,Email
Invoice me extra charge add ho gaya. Order ORD943580.,Billing_Invoice,Medium,Website
App crash ho rahi hai payment ke time. Ref TRK3646646.,App_Bug,High,Email
Seller ne fake product bhej diya aur return bhi reject kar diya. Order ORD757649.,Seller_Fraud,High,Website
Original bola tha lekin duplicate nikla. Seller response bhi nahi de raha.,Seller_Fraud,Medium,Website
"Tracking TRK4080145 update nahi ho raha, delivery date cross ho gayi.",Order_Not_Delivered,High,Website
"Order ORD291818 ko 5 din ho gaye, status out for delivery pe hi atka hai, parcel abhi tak nahi mila. App me tracking bhi galat show ho rahi hai.",Order_Not_Delivered,Medium,Email
Invoice me extra charge add ho gaya. Order ORD108181.,Billing_Invoice,Low,App
Amount debit hua lekin confirmation nahi aaya.,Payment_Issue,Medium,Email
Amount debit hua lekin confirmation nahi aaya.,Payment_Issue,High,App
"Order ORD850289 ko 9 din ho gaye, status out for delivery pe hi atka hai, parcel abhi tak nahi mila. Support ko contact kiya but koi update nahi.",Order_Not_Delivered,Low,Email
"Order ORD788692 ko 5 din ho gaye, status out for delivery pe hi atka hai, parcel abhi tak nahi mila. Seller bhi reply nahi kar raha.",Order_Not_Delivered,High,Website
Original bola tha lekin duplicate nikla. Seller response bhi nahi de raha.,Seller_Fraud,High,Email
App crash ho rahi hai payment ke time. Ref TRK6877112. Support ko contact kiya but koi update nahi.,App_Bug,Medium,App
Promised date se 9 din late deliver hua.,Late_Delivery,Medium,Website
"Maine headphones order kiye the, wallet deliver kar diya. Order ORD275600.",Wrong_Product,High,Call
"Maine headphones order kiye the, wallet deliver kar diya. Order ORD942221.",Wrong_Product,Low,App
Seller ne fake product bhej diya aur return bhi reject kar diya. Order ORD449273.,Seller_Fraud,High,Website
Box kholte hi product broken nikla. Order ORD279428. Refund bhi abhi tak process nahi hua.,Damaged_Product,High,App
Customer support sirf ticket close kar raha hai without solution. Ref ORD478550. Seller bhi reply nahi kar raha.,Customer_Service,High,Email
"Tracking TRK6364160 update nahi ho raha, delivery date cross ho gayi.",Order_Not_Delivered,High,Email
Discount apply hua tha par final bill me reflect nahi hua. App me tracking bhi galat show ho rahi hai.,Billing_Invoice,Medium,App
Box kholte hi product broken nikla. Order ORD124847. Seller bhi reply nahi kar raha.,Damaged_Product,High,Website
Customer support sirf ticket close kar raha hai without solution. Ref ORD188301.,Customer_Service,Medium,Call
Seller ne fake product bhej diya aur return bhi reject kar diya. Order ORD675141.,Seller_Fraud,Medium,Website
Original bola tha lekin duplicate nikla. Seller response bhi nahi de raha.,Seller_Fraud,High,Call
Refund 10 din se pending hai. Seller bhi reply nahi kar raha.,Refund_Return,High,App
Invoice me extra charge add ho gaya. Order ORD169356.,Billing_Invoice,Medium,Call
"Tracking TRK6899602 update nahi ho raha, delivery date cross ho gayi.",Order_Not_Delivered,Medium,Call
UPI payment deduct ho gaya par order place nahi hua. Txn TXN17517599.,Payment_Issue,Medium,Email
App crash ho rahi hai payment ke time. Ref TRK9744546.,App_Bug,High,Email
Screen cracked thi delivery ke time.,Damaged_Product,Low,Email
Original bola tha lekin duplicate nikla. Seller response bhi nahi de raha.,Seller_Fraud,Medium,Call
Discount apply hua tha par final bill me reflect nahi hua.,Billing_Invoice,Medium,App
3 baar complaint ki but koi proper response nahi mila.,Customer_Service,Medium,Email
Promised date se 12 din late deliver hua.,Late_Delivery,Medium,Call
Screen cracked thi delivery ke time.,Damaged_Product,Medium,Website
Original bola tha lekin duplicate nikla. Seller response bhi nahi de raha. Refund bhi abhi tak process nahi hua.,Seller_Fraud,High,Website
Completely different product receive hua.,Wrong_Product,High,Email
3 baar complaint ki but koi proper response nahi mila.,Customer_Service,Medium,App
Completely different product receive hua.,Wrong_Product,High,Website
Express delivery li thi fir bhi delay hua.,Late_Delivery,High,Website
Seller ne fake product bhej diya aur return bhi reject kar diya. Order ORD222359.,Seller_Fraud,Medium,Email
Express delivery li thi fir bhi delay hua.,Late_Delivery,Medium,Call
Seller ne fake product bhej diya aur return bhi reject kar diya. Order ORD304428. Refund bhi abhi tak process nahi hua.,Seller_Fraud,High,App
Screen cracked thi delivery ke time. App me tracking bhi galat show ho rahi hai.,Damaged_Product,High,Email
3 baar complaint ki but koi proper response nahi mila.,Customer_Service,Medium,Website
Express delivery li thi fir bhi delay hua. Seller bhi reply nahi kar raha.,Late_Delivery,High,Call
3 baar complaint ki but koi proper response nahi mila. App me tracking bhi galat show ho rahi hai.,Customer_Service,High,Call
Screen cracked thi delivery ke time.,Damaged_Product,High,Website
Promised date se 6 din late deliver hua.,Late_Delivery,Low,App
Box kholte hi product broken nikla. Order ORD998243.,Damaged_Product,Low,App
3 baar complaint ki but koi proper response nahi mila.,Customer_Service,High,App
Original bola tha lekin duplicate nikla. Seller response bhi nahi de raha.,Seller_Fraud,Medium,Call
Refund 10 din se pending hai.,Refund_Return,Medium,App
Discount apply hua tha par final bill me reflect nahi hua.,Billing_Invoice,Medium,Email
App crash ho rahi hai payment ke time. Ref TRK2071418.,App_Bug,Medium,Call
3 baar complaint ki but koi proper response nahi mila.,Customer_Service,High,Website
Customer support sirf ticket close kar raha hai without solution. Ref ORD862469. Refund bhi abhi tak process nahi hua.,Customer_Service,Medium,Website
Refund 10 din se pending hai.,Refund_Return,High,Website
"Tracking TRK5433773 update nahi ho raha, delivery date cross ho gayi. Refund bhi abhi tak process nahi hua.",Order_Not_Delivered,High,Call
Login karte hi something went wrong error aa raha hai. Seller bhi reply nahi kar raha.,App_Bug,Medium,Email
"Tracking TRK5318257 update nahi ho raha, delivery date cross ho gayi.",Order_Not_Delivered,Low,Website
Original bola tha lekin duplicate nikla. Seller response bhi nahi de raha.,Seller_Fraud,Low,Email
Screen cracked thi delivery ke time. App me tracking bhi galat show ho rahi hai.,Damaged_Product,Medium,Website
"Maine headphones order kiye the, wallet deliver kar diya. Order ORD456530.",Wrong_Product,Medium,Website
Discount apply hua tha par final bill me reflect nahi hua. Support ko contact kiya but koi update nahi.,Billing_Invoice,Medium,App
3 baar complaint ki but koi proper response nahi mila.,Customer_Service,Medium,App
Express delivery li thi fir bhi delay hua.,Late_Delivery,High,Call
Original bola tha lekin duplicate nikla. Seller response bhi nahi de raha.,Seller_Fraud,High,Website
"Order ORD624716 ko 4 din ho gaye, status out for delivery pe hi atka hai, parcel abhi tak nahi mila.",Order_Not_Delivered,High,Email
Return approve hua but pickup schedule nahi ho raha. Invoice INV996118.,Refund_Return,High,Email
UPI payment deduct ho gaya par order place nahi hua. Txn TXN42266307. Refund bhi abhi tak process nahi hua.,Payment_Issue,Medium,Call
Screen cracked thi delivery ke time.,Damaged_Product,Medium,Email
Invoice me extra charge add ho gaya. Order ORD609440.,Billing_Invoice,High,Email
Refund 10 din se pending hai. App me tracking bhi galat show ho rahi hai.,Refund_Return,Medium,Website
Express delivery li thi fir bhi delay hua.,Late_Delivery,Low,Call
Customer support sirf ticket close kar raha hai without solution. Ref ORD319179.,Customer_Service,Low,App
Seller ne fake product bhej diya aur return bhi reject kar diya. Order ORD797065.,Seller_Fraud,High,Email
Screen cracked thi delivery ke time.,Damaged_Product,Medium,Call
Return approve hua but pickup schedule nahi ho raha. Invoice INV172551.,Refund_Return,Low,Call
Login karte hi something went wrong error aa raha hai. App me tracking bhi galat show ho rahi hai.,App_Bug,Medium,App
3 baar complaint ki but koi proper response nahi mila. App me tracking bhi galat show ho rahi hai.,Customer_Service,High,Call
"Maine headphones order kiye the, wallet deliver kar diya. Order ORD570625.",Wrong_Product,High,Website
App crash ho rahi hai payment ke time. Ref TRK2718148.,App_Bug,Medium,Call
"Order ORD312160 ko 7 din ho gaye, status out for delivery pe hi atka hai, parcel abhi tak nahi mila. Seller bhi reply nahi kar raha.",Order_Not_Delivered,Medium,Email
3 baar complaint ki but koi proper response nahi mila.,Customer_Service,High,Website
Invoice me extra charge add ho gaya. Order ORD866678.,Billing_Invoice,Low,Call
Screen cracked thi delivery ke time. App me tracking bhi galat show ho rahi hai.,Damaged_Product,High,Call
Discount apply hua tha par final bill me reflect nahi hua. Seller bhi reply nahi kar raha.,Billing_Invoice,Medium,Email
Seller ne fake product bhej diya aur return bhi reject kar diya. Order ORD213118. Refund bhi abhi tak process nahi hua.,Seller_Fraud,High,Website
Box kholte hi product broken nikla. Order ORD301474. Seller bhi reply nahi kar raha.,Damaged_Product,High,Email
Customer support sirf ticket close kar raha hai without solution. Ref ORD587074. Support ko contact kiya but koi update nahi.,Customer_Service,Medium,Call
"Tracking TRK2780458 update nahi ho raha, delivery date cross ho gayi.",Order_Not_Delivered,High,Call
Invoice me extra charge add ho gaya. Order ORD540470.,Billing_Invoice,Medium,Call
Customer support sirf ticket close kar raha hai without solution. Ref ORD711458.,Customer_Service,Medium,Website
Customer support sirf ticket close kar raha hai without solution. Ref ORD265342.,Customer_Service,Medium,App
Seller ne fake product bhej diya aur return bhi reject kar diya. Order ORD663098.,Seller_Fraud,Medium,Email
Express delivery li thi fir bhi delay hua.,Late_Delivery,Medium,Email
3 baar complaint ki but koi proper response nahi mila.,Customer_Service,High,App
"Order ORD488393 ko 10 din ho gaye, status out for delivery pe hi atka hai, parcel abhi tak nahi mila.",Order_Not_Delivered,Medium,Email
Customer support sirf ticket close kar raha hai without solution. Ref ORD925714.,Customer_Service,Medium,Email
Box kholte hi product broken nikla. Order ORD818123.,Damaged_Product,Medium,Website
Invoice me extra charge add ho gaya. Order ORD895628.,Billing_Invoice,High,Email
Login karte hi something went wrong error aa raha hai. App me tracking bhi galat show ho rahi hai.,App_Bug,High,Website
"Order ORD332322 ko 11 din ho gaye, status out for delivery pe hi atka hai, parcel abhi tak nahi mila.",Order_Not_Delivered,Medium,App
Discount apply hua tha par final bill me reflect nahi hua.,Billing_Invoice,Medium,Website
Express delivery li thi fir bhi delay hua.,Late_Delivery,High,Call
"Maine headphones order kiye the, wallet deliver kar diya. Order ORD464407.",Wrong_Product,High,Call
App crash ho rahi hai payment ke time. Ref TRK7955548.,App_Bug,Medium,Call
Return approve hua but pickup schedule nahi ho raha. Invoice INV527118.,Refund_Return,Low,Email
"Tracking TRK2203787 update nahi ho raha, delivery date cross ho gayi.",Order_Not_Delivered,Low,Website
Original bola tha lekin duplicate nikla. Seller response bhi nahi de raha.,Seller_Fraud,High,Website
"Order ORD772387 ko 6 din ho gaye, status out for delivery pe hi atka hai, parcel abhi tak nahi mila.",Order_Not_Delivered,Medium,Call
Completely different product receive hua.,Wrong_Product,High,Website
"Tracking TRK1980714 update nahi ho raha, delivery date cross ho gayi.",Order_Not_Delivered,High,Website
Invoice me extra charge add ho gaya. Order ORD289195.,Billing_Invoice,High,App
Return approve hua but pickup schedule nahi ho raha. Invoice INV525057. App me tracking bhi galat show ho rahi hai.,Refund_Return,High,App
Box kholte hi product broken nikla. Order ORD698388.,Damaged_Product,Medium,Email
App crash ho rahi hai payment ke time. Ref TRK7514702. Seller bhi reply nahi kar raha.,App_Bug,High,Email
Invoice me extra charge add ho gaya. Order ORD772318.,Billing_Invoice,Medium,Website
Screen cracked thi delivery ke time.,Damaged_Product,Medium,Website
Promised date se 4 din late deliver hua.,Late_Delivery,Medium,Call
3 baar complaint ki but koi proper response nahi mila.,Customer_Service,High,Website
"Order ORD975356 ko 12 din ho gaye, status out for delivery pe hi atka hai, parcel abhi tak nahi mila.",Order_Not_Delivered,Medium,Call
UPI payment deduct ho gaya par order place nahi hua. Txn TXN97166075.,Payment_Issue,Medium,App
App crash ho rahi hai payment ke time. Ref TRK2318723. Support ko contact kiya but koi update nahi.,App_Bug,Medium,Call
Invoice me extra charge add ho gaya. Order ORD511338. Support ko contact kiya but koi update nahi.,Billing_Invoice,High,Email
Completely different product receive hua.,Wrong_Product,High,Website
Login karte hi something went wrong error aa raha hai.,App_Bug,Medium,App
App crash ho rahi hai payment ke time. Ref TRK5209965.,App_Bug,Medium,Email
Invoice me extra charge add ho gaya. Order ORD710320.,Billing_Invoice,Medium,App
Invoice me extra charge add ho gaya. Order ORD231912.,Billing_Invoice,Medium,App
"Maine headphones order kiye the, wallet deliver kar diya. Order ORD938150.",Wrong_Product,Low,App
3 baar complaint ki but koi proper response nahi mila. Seller bhi reply nahi kar raha.,Customer_Service,High,App
Discount apply hua tha par final bill me reflect nahi hua.,Billing_Invoice,Low,Website
Login karte hi something went wrong error aa raha hai.,App_Bug,High,Website
Completely different product receive hua.,Wrong_Product,Medium,Call
Promised date se 8 din late deliver hua.,Late_Delivery,High,App
App crash ho rahi hai payment ke time. Ref TRK7165694.,App_Bug,Medium,Website
Amount debit hua lekin confirmation nahi aaya.,Payment_Issue,High,Website
App crash ho rahi hai payment ke time. Ref TRK7423351.,App_Bug,High,Call
Completely different product receive hua.,Wrong_Product,Low,Website
"Maine headphones order kiye the, wallet deliver kar diya. Order ORD169931.",Wrong_Product,Low,Call
Amount debit hua lekin confirmation nahi aaya. Refund bhi abhi tak process nahi hua.,Payment_Issue,Medium,Call
3 baar complaint ki but koi proper response nahi mila.,Customer_Service,High,Call
Login karte hi something went wrong error aa raha hai.,App_Bug,Medium,Email
3 baar complaint ki but koi proper response nahi mila.,Customer_Service,High,Email
3 baar complaint ki but koi proper response nahi mila. Refund bhi abhi tak process nahi hua.,Customer_Service,Medium,Call
"Maine headphones order kiye the, wallet deliver kar diya. Order ORD991116. Support ko contact kiya but koi update nahi.",Wrong_Product,High,Call
Original bola tha lekin duplicate nikla. Seller response bhi nahi de raha.,Seller_Fraud,High,App
Express delivery li thi fir bhi delay hua.,Late_Delivery,Medium,App
"Order ORD708076 ko 5 din ho gaye, status out for delivery pe hi atka hai, parcel abhi tak nahi mila.",Order_Not_Delivered,Low,Email
Invoice me extra charge add ho gaya. Order ORD761446. App me tracking bhi galat show ho rahi hai.,Billing_Invoice,Medium,Website
Box kholte hi product broken nikla. Order ORD681406.,Damaged_Product,High,Call
"Maine headphones order kiye the, wallet deliver kar diya. Order ORD250419. Refund bhi abhi tak process nahi hua.",Wrong_Product,Medium,Website
Customer support sirf ticket close kar raha hai without solution. Ref ORD208595. Refund bhi abhi tak process nahi hua.,Customer_Service,Medium,App
"Maine headphones order kiye the, wallet deliver kar diya. Order ORD793980.",Wrong_Product,Medium,App
Box kholte hi product broken nikla. Order ORD897266.,Damaged_Product,Medium,Call
Discount apply hua tha par final bill me reflect nahi hua.,Billing_Invoice,High,App
Refund 10 din se pending hai.,Refund_Return,Medium,Email
Customer support sirf ticket close kar raha hai without solution. Ref ORD122384.,Customer_Service,High,Website
Login karte hi something went wrong error aa raha hai. Support ko contact kiya but koi update nahi.,App_Bug,Low,Call
"Tracking TRK2339574 update nahi ho raha, delivery date cross ho gayi. Seller bhi reply nahi kar raha.",Order_Not_Delivered,High,Call
"Maine headphones order kiye the, wallet deliver kar diya. Order ORD457690.",Wrong_Product,Medium,Website
UPI payment deduct ho gaya par order place nahi hua. Txn TXN17928980.,Payment_Issue,Low,Call
3 baar complaint ki but koi proper response nahi mila.,Customer_Service,High,App
Seller ne fake product bhej diya aur return bhi reject kar diya. Order ORD496436. Support ko contact kiya but koi update nahi.,Seller_Fraud,High,Call
App crash ho rahi hai payment ke time. Ref TRK6429596. App me tracking bhi galat show ho rahi hai.,App_Bug,High,Call
Discount apply hua tha par final bill me reflect nahi hua. Refund bhi abhi tak process nahi hua.,Billing_Invoice,Medium,Email
Discount apply hua tha par final bill me reflect nahi hua. Refund bhi abhi tak process nahi hua.,Billing_Invoice,High,Call
App crash ho rahi hai payment ke time. Ref TRK2887468.,App_Bug,Medium,App
Screen cracked thi delivery ke time.,Damaged_Product,High,Email
Discount apply hua tha par final bill me reflect nahi hua.,Billing_Invoice,Medium,App
UPI payment deduct ho gaya par order place nahi hua. Txn TXN88234526. Refund bhi abhi tak process nahi hua.,Payment_Issue,Medium,Website
Screen cracked thi delivery ke time. Refund bhi abhi tak process nahi hua.,Damaged_Product,High,Website
Promised date se 4 din late deliver hua. Refund bhi abhi tak process nahi hua.,Late_Delivery,Medium,Email
"Tracking TRK8893828 update nahi ho raha, delivery date cross ho gayi. Support ko contact kiya but koi update nahi.",Order_Not_Delivered,Medium,App
Box kholte hi product broken nikla. Order ORD943158. Seller bhi reply nahi kar raha.,Damaged_Product,Medium,Call
Screen cracked thi delivery ke time.,Damaged_Product,Medium,Website
App crash ho rahi hai payment ke time. Ref TRK6780464.,App_Bug,Medium,Website
Invoice me extra charge add ho gaya. Order ORD698524. Refund bhi abhi tak process nahi hua.,Billing_Invoice,High,Website
Return approve hua but pickup schedule nahi ho raha. Invoice INV890278. Support ko contact kiya but koi update nahi.,Refund_Return,Medium,Email
Promised date se 7 din late deliver hua. Support ko contact kiya but koi update nahi.,Late_Delivery,High,Website
"Order ORD153651 ko 5 din ho gaye, status out for delivery pe hi atka hai, parcel abhi tak nahi mila. Support ko contact kiya but koi update nahi.",Order_Not_Delivered,Medium,Call
Discount apply hua tha par final bill me reflect nahi hua.,Billing_Invoice,Medium,Call
Customer support sirf ticket close kar raha hai without solution. Ref ORD547356. Support ko contact kiya but koi update nahi.,Customer_Service,High,Email
"Tracking TRK7841463 update nahi ho raha, delivery date cross ho gayi. Support ko contact kiya but koi update nahi.",Order_Not_Delivered,High,Call
"Order ORD321145 ko 7 din ho gaye, status out for delivery pe hi atka hai, parcel abhi tak nahi mila.",Order_Not_Delivered,High,Email
Invoice me extra charge add ho gaya. Order ORD512018. Refund bhi abhi tak process nahi hua.,Billing_Invoice,High,App
Discount apply hua tha par final bill me reflect nahi hua.,Billing_Invoice,Medium,Call
Customer support sirf ticket close kar raha hai without solution. Ref ORD640610. Seller bhi reply nahi kar raha.,Customer_Service,Medium,Call
Box kholte hi product broken nikla. Order ORD366471.,Damaged_Product,High,App
Invoice me extra charge add ho gaya. Order ORD905939.,Billing_Invoice,High,Email
3 baar complaint ki but koi proper response nahi mila.,Customer_Service,Low,Call
Original bola tha lekin duplicate nikla. Seller response bhi nahi de raha.,Seller_Fraud,High,App
Discount apply hua tha par final bill me reflect nahi hua. App me tracking bhi galat show ho rahi hai.,Billing_Invoice,Low,Email
Invoice me extra charge add ho gaya. Order ORD768092.,Billing_Invoice,High,App
Refund 10 din se pending hai.,Refund_Return,High,Call
Completely different product receive hua.,Wrong_Product,High,Website
Refund 10 din se pending hai. Refund bhi abhi tak process nahi hua.,Refund_Return,Medium,App
Invoice me extra charge add ho gaya. Order ORD773436.,Billing_Invoice,High,Website
Seller ne fake product bhej diya aur return bhi reject kar diya. Order ORD462866.,Seller_Fraud,High,Email
Seller ne fake product bhej diya aur return bhi reject kar diya. Order ORD788975.,Seller_Fraud,High,Email
Customer support sirf ticket close kar raha hai without solution. Ref ORD278996. Support ko contact kiya but koi update nahi.,Customer_Service,Medium,App
Customer support sirf ticket close kar raha hai without solution. Ref ORD149868. App me tracking bhi galat show ho rahi hai.,Customer_Service,Low,App
"Order ORD537314 ko 2 din ho gaye, status out for delivery pe hi atka hai, parcel abhi tak nahi mila.",Order_Not_Delivered,Medium,Call
Box kholte hi product broken nikla. Order ORD392088. Support ko contact kiya but koi update nahi.,Damaged_Product,Medium,Website
Customer support sirf ticket close kar raha hai without solution. Ref ORD609968.,Customer_Service,High,Website
Completely different product receive hua.,Wrong_Product,High,Website
Completely different product receive hua. Seller bhi reply nahi kar raha.,Wrong_Product,Medium,Email
Screen cracked thi delivery ke time.,Damaged_Product,High,Email
Screen cracked thi delivery ke time.,Damaged_Product,High,App
Promised date se 9 din late deliver hua. Seller bhi reply nahi kar raha.,Late_Delivery,Medium,Call
3 baar complaint ki but koi proper response nahi mila.,Customer_Service,Medium,Email
Promised date se 7 din late deliver hua.,Late_Delivery,Medium,Email
Refund 10 din se pending hai. Refund bhi abhi tak process nahi hua.,Refund_Return,Medium,Call
Invoice me extra charge add ho gaya. Order ORD563977.,Billing_Invoice,Medium,Call
Customer support sirf ticket close kar raha hai without solution. Ref ORD107004.,Customer_Service,Medium,Website
Customer support sirf ticket close kar raha hai without solution. Ref ORD928917. Refund bhi abhi tak process nahi hua.,Customer_Service,High,Website
Box kholte hi product broken nikla. Order ORD521688.,Damaged_Product,High,Call
Discount apply hua tha par final bill me reflect nahi hua.,Billing_Invoice,High,Website
Invoice me extra charge add ho gaya. Order ORD582274.,Billing_Invoice,High,Website
Completely different product receive hua. Refund bhi abhi tak process nahi hua.,Wrong_Product,High,Email
Original bola tha lekin duplicate nikla. Seller response bhi nahi de raha. App me tracking bhi galat show ho rahi hai.,Seller_Fraud,Low,Email
App crash ho rahi hai payment ke time. Ref TRK2410749.,App_Bug,Medium,Call
Amount debit hua lekin confirmation nahi aaya.,Payment_Issue,High,App
Completely different product receive hua.,Wrong_Product,Medium,Email
Completely different product receive hua. Refund bhi abhi tak process nahi hua.,Wrong_Product,High,Call
Original bola tha lekin duplicate nikla. Seller response bhi nahi de raha. Seller bhi reply nahi kar raha.,Seller_Fraud,Medium,Call
Amount debit hua lekin confirmation nahi aaya.,Payment_Issue,Low,App
Refund 10 din se pending hai.,Refund_Return,Low,App
Discount apply hua tha par final bill me reflect nahi hua.,Billing_Invoice,High,Email
Completely different product receive hua.,Wrong_Product,Medium,Website
"Maine headphones order kiye the, wallet deliver kar diya. Order ORD680100. App me tracking bhi galat show ho rahi hai.",Wrong_Product,Medium,Email
Return approve hua but pickup schedule nahi ho raha. Invoice INV754857.,Refund_Return,High,Email
Login karte hi something went wrong error aa raha hai.,App_Bug,High,Call
Return approve hua but pickup schedule nahi ho raha. Invoice INV436451.,Refund_Return,Medium,Call
Screen cracked thi delivery ke time. Refund bhi abhi tak process nahi hua.,Damaged_Product,High,App
Screen cracked thi delivery ke time. Seller bhi reply nahi kar raha.,Damaged_Product,High,Call
Customer support sirf ticket close kar raha hai without solution. Ref ORD566126.,Customer_Service,High,Email
Screen cracked thi delivery ke time.,Damaged_Product,Medium,Website
Refund 10 din se pending hai.,Refund_Return,Medium,Email
Amount debit hua lekin confirmation nahi aaya.,Payment_Issue,Low,Website
Amount debit hua lekin confirmation nahi aaya.,Payment_Issue,Medium,Website
Customer support sirf ticket close kar raha hai without solution. Ref ORD934765. Refund bhi abhi tak process nahi hua.,Customer_Service,High,Call
"Order ORD598560 ko 6 din ho gaye, status out for delivery pe hi atka hai, parcel abhi tak nahi mila. Support ko contact kiya but koi update nahi.",Order_Not_Delivered,High,App
"Order ORD310740 ko 9 din ho gaye, status out for delivery pe hi atka hai, parcel abhi tak nahi mila.",Order_Not_Delivered,High,App
Invoice me extra charge add ho gaya. Order ORD569636. Refund bhi abhi tak process nahi hua.,Billing_Invoice,High,Email
Original bola tha lekin duplicate nikla. Seller response bhi nahi de raha.,Seller_Fraud,Medium,Call
Refund 10 din se pending hai. Refund bhi abhi tak process nahi hua.,Refund_Return,High,App
Invoice me extra charge add ho gaya. Order ORD702463.,Billing_Invoice,High,Call
Original bola tha lekin duplicate nikla. Seller response bhi nahi de raha. Seller bhi reply nahi kar raha.,Seller_Fraud,Medium,Call
Login karte hi something went wrong error aa raha hai.,App_Bug,High,App
Seller ne fake product bhej diya aur return bhi reject kar diya. Order ORD835651. Seller bhi reply nahi kar raha.,Seller_Fraud,Medium,Call
Discount apply hua tha par final bill me reflect nahi hua.,Billing_Invoice,Medium,Website
Customer support sirf ticket close kar raha hai without solution. Ref ORD825201.,Customer_Service,Medium,Call
Refund 10 din se pending hai. Seller bhi reply nahi kar raha.,Refund_Return,Low,Call
Seller ne fake product bhej diya aur return bhi reject kar diya. Order ORD334438.,Seller_Fraud,Low,Call
3 baar complaint ki but koi proper response nahi mila.,Customer_Service,High,App
Amount debit hua lekin confirmation nahi aaya.,Payment_Issue,High,Email
"Tracking TRK9266335 update nahi ho raha, delivery date cross ho gayi. Support ko contact kiya but koi update nahi.",Order_Not_Delivered,High,Call
Login karte hi something went wrong error aa raha hai. App me tracking bhi galat show ho rahi hai.,App_Bug,High,Call
Login karte hi something went wrong error aa raha hai.,App_Bug,Medium,Call
Login karte hi something went wrong error aa raha hai.,App_Bug,High,Website
Invoice me extra charge add ho gaya. Order ORD380093.,Billing_Invoice,Medium,Call
Invoice me extra charge add ho gaya. Order ORD217438.,Billing_Invoice,Medium,App
3 baar complaint ki but koi proper response nahi mila. Refund bhi abhi tak process nahi hua.,Customer_Service,Low,Call
"Order ORD102528 ko 3 din ho gaye, status out for delivery pe hi atka hai, parcel abhi tak nahi mila. App me tracking bhi galat show ho rahi hai.",Order_Not_Delivered,High,Email
"Tracking TRK8506751 update nahi ho raha, delivery date cross ho gayi.",Order_Not_Delivered,Low,App
Screen cracked thi delivery ke time. Seller bhi reply nahi kar raha.,Damaged_Product,Medium,App
Customer support sirf ticket close kar raha hai without solution. Ref ORD445715. Support ko contact kiya but koi update nahi.,Customer_Service,High,App
Customer support sirf ticket close kar raha hai without solution. Ref ORD679722.,Customer_Service,Low,Website
3 baar complaint ki but koi proper response nahi mila.,Customer_Service,Low,App
Discount apply hua tha par final bill me reflect nahi hua.,Billing_Invoice,High,Email
Refund 10 din se pending hai.,Refund_Return,High,Email
"Maine headphones order kiye the, wallet deliver kar diya. Order ORD515801.",Wrong_Product,Medium,Email
Completely different product receive hua. Support ko contact kiya but koi update nahi.,Wrong_Product,High,Website
"Tracking TRK8260096 update nahi ho raha, delivery date cross ho gayi.",Order_Not_Delivered,Medium,App
Screen cracked thi delivery ke time. Seller bhi reply nahi kar raha.,Damaged_Product,High,Email
Express delivery li thi fir bhi delay hua.,Late_Delivery,High,Email
"Tracking TRK6418402 update nahi ho raha, delivery date cross ho gayi.",Order_Not_Delivered,High,Website
Amount debit hua lekin confirmation nahi aaya. Support ko contact kiya but koi update nahi.,Payment_Issue,Medium,Email
Screen cracked thi delivery ke time. Seller bhi reply nahi kar raha.,Damaged_Product,Medium,Website
Completely different product receive hua.,Wrong_Product,Low,Website
Login karte hi something went wrong error aa raha hai.,App_Bug,High,Website
"Tracking TRK7390281 update nahi ho raha, delivery date cross ho gayi.",Order_Not_Delivered,Low,Call
Screen cracked thi delivery ke time.,Damaged_Product,High,Website
Invoice me extra charge add ho gaya. Order ORD366670.,Billing_Invoice,Medium,Email
Amount debit hua lekin confirmation nahi aaya. App me tracking bhi galat show ho rahi hai.,Payment_Issue,Medium,App
Discount apply hua tha par final bill me reflect nahi hua.,Billing_Invoice,High,Call
Original bola tha lekin duplicate nikla. Seller response bhi nahi de raha. Support ko contact kiya but koi update nahi.,Seller_Fraud,Medium,App
Box kholte hi product broken nikla. Order ORD349910.,Damaged_Product,Medium,Call
Promised date se 6 din late deliver hua.,Late_Delivery,Medium,Website
Box kholte hi product broken nikla. Order ORD183333. Refund bhi abhi tak process nahi hua.,Damaged_Product,High,Call
Promised date se 12 din late deliver hua.,Late_Delivery,Medium,Call
Screen cracked thi delivery ke time. Support ko contact kiya but koi update nahi.,Damaged_Product,Medium,Website
Seller ne fake product bhej diya aur return bhi reject kar diya. Order ORD477574.,Seller_Fraud,High,Call
App crash ho rahi hai payment ke time. Ref TRK2789302.,App_Bug,High,App
Refund 10 din se pending hai.,Refund_Return,High,Website
Completely different product receive hua.,Wrong_Product,High,App
Screen cracked thi delivery ke time.,Damaged_Product,High,Email
Discount apply hua tha par final bill me reflect nahi hua.,Billing_Invoice,Medium,Website
Seller ne fake product bhej diya aur return bhi reject kar diya. Order ORD257510.,Seller_Fraud,Medium,Call
Completely different product receive hua.,Wrong_Product,High,Call
Original bola tha lekin duplicate nikla. Seller response bhi nahi de raha.,Seller_Fraud,High,Email
UPI payment deduct ho gaya par order place nahi hua. Txn TXN85198859.,Payment_Issue,High,Email
UPI payment deduct ho gaya par order place nahi hua. Txn TXN38690942.,Payment_Issue,High,Call
Login karte hi something went wrong error aa raha hai.,App_Bug,Medium,App
App crash ho rahi hai payment ke time. Ref TRK3267363.,App_Bug,High,App
"Tracking TRK9465946 update nahi ho raha, delivery date cross ho gayi.",Order_Not_Delivered,High,Website
3 baar complaint ki but koi proper response nahi mila. Seller bhi reply nahi kar raha.,Customer_Service,Medium,Call
Invoice me extra charge add ho gaya. Order ORD796044.,Billing_Invoice,High,Call
Refund 10 din se pending hai.,Refund_Return,Medium,Call
Invoice me extra charge add ho gaya. Order ORD749232.,Billing_Invoice,Low,Email
"Order ORD714804 ko 3 din ho gaye, status out for delivery pe hi atka hai, parcel abhi tak nahi mila. Support ko contact kiya but koi update nahi.",Order_Not_Delivered,Low,Email
Seller ne fake product bhej diya aur return bhi reject kar diya. Order ORD443457.,Seller_Fraud,Medium,Call
Discount apply hua tha par final bill me reflect nahi hua.,Billing_Invoice,High,Website
App crash ho rahi hai payment ke time. Ref TRK8341765. App me tracking bhi galat show ho rahi hai.,App_Bug,High,Website
Promised date se 11 din late deliver hua.,Late_Delivery,Medium,Email
Amount debit hua lekin confirmation nahi aaya. Support ko contact kiya but koi update nahi.,Payment_Issue,Medium,App
Invoice me extra charge add ho gaya. Order ORD403909.,Billing_Invoice,Medium,App
Original bola tha lekin duplicate nikla. Seller response bhi nahi de raha.,Seller_Fraud,Low,Email
Completely different product receive hua.,Wrong_Product,Medium,App
App crash ho rahi hai payment ke time. Ref TRK4758052.,App_Bug,Low,Email
Amount debit hua lekin confirmation nahi aaya. Support ko contact kiya but koi update nahi.,Payment_Issue,Medium,Website
"Tracking TRK8405418 update nahi ho raha, delivery date cross ho gayi. Seller bhi reply nahi kar raha.",Order_Not_Delivered,Medium,App
Login karte hi something went wrong error aa raha hai.,App_Bug,High,Website
App crash ho rahi hai payment ke time. Ref TRK1902897. App me tracking bhi galat show ho rahi hai.,App_Bug,Medium,App
Promised date se 7 din late deliver hua.,Late_Delivery,Low,Website
Express delivery li thi fir bhi delay hua.,Late_Delivery,Medium,Website
Screen cracked thi delivery ke time.,Damaged_Product,High,Email
"Maine headphones order kiye the, wallet deliver kar diya. Order ORD597238.",Wrong_Product,Medium,App
Customer support sirf ticket close kar raha hai without solution. Ref ORD962026. Support ko contact kiya but koi update nahi.,Customer_Service,High,App
Seller ne fake product bhej diya aur return bhi reject kar diya. Order ORD510092.,Seller_Fraud,High,Website
"Tracking TRK9988298 update nahi ho raha, delivery date cross ho gayi.",Order_Not_Delivered,High,Website
Box kholte hi product broken nikla. Order ORD651866.,Damaged_Product,Medium,Email
Box kholte hi product broken nikla. Order ORD595893.,Damaged_Product,High,Website
Login karte hi something went wrong error aa raha hai. App me tracking bhi galat show ho rahi hai.,App_Bug,High,Website
Box kholte hi product broken nikla. Order ORD737904.,Damaged_Product,Medium,Call
Completely different product receive hua.,Wrong_Product,Medium,Call
Customer support sirf ticket close kar raha hai without solution. Ref ORD530480. Refund bhi abhi tak process nahi hua.,Customer_Service,Medium,Email
"Order ORD645176 ko 3 din ho gaye, status out for delivery pe hi atka hai, parcel abhi tak nahi mila.",Order_Not_Delivered,Low,App
"Maine headphones order kiye the, wallet deliver kar diya. Order ORD666065.",Wrong_Product,Low,App
Screen cracked thi delivery ke time.,Damaged_Product,High,Call
Completely different product receive hua. Support ko contact kiya but koi update nahi.,Wrong_Product,Medium,Call
Discount apply hua tha par final bill me reflect nahi hua.,Billing_Invoice,High,Call
Discount apply hua tha par final bill me reflect nahi hua. App me tracking bhi galat show ho rahi hai.,Billing_Invoice,Low,Website
"Maine headphones order kiye the, wallet deliver kar diya. Order ORD461683. App me tracking bhi galat show ho rahi hai.",Wrong_Product,High,Email
"Order ORD220904 ko 12 din ho gaye, status out for delivery pe hi atka hai, parcel abhi tak nahi mila. App me tracking bhi galat show ho rahi hai.",Order_Not_Delivered,High,Call
"Tracking TRK8165002 update nahi ho raha, delivery date cross ho gayi. App me tracking bhi galat show ho rahi hai.",Order_Not_Delivered,Medium,Call
Discount apply hua tha par final bill me reflect nahi hua.,Billing_Invoice,High,Website
Discount apply hua tha par final bill me reflect nahi hua.,Billing_Invoice,Medium,Email
Completely different product receive hua. Refund bhi abhi tak process nahi hua.,Wrong_Product,Low,Email
Amount debit hua lekin confirmation nahi aaya. App me tracking bhi galat show ho rahi hai.,Payment_Issue,High,Call
Invoice me extra charge add ho gaya. Order ORD559893.,Billing_Invoice,Medium,Call
Invoice me extra charge add ho gaya. Order ORD923603.,Billing_Invoice,High,Website
Seller ne fake product bhej diya aur return bhi reject kar diya. Order ORD953515.,Seller_Fraud,High,Email
Customer support sirf ticket close kar raha hai without solution. Ref ORD559433.,Customer_Service,High,App
Completely different product receive hua.,Wrong_Product,Medium,Call
"Order ORD297597 ko 8 din ho gaye, status out for delivery pe hi atka hai, parcel abhi tak nahi mila.",Order_Not_Delivered,High,Website
Express delivery li thi fir bhi delay hua.,Late_Delivery,Medium,Website
"Maine headphones order kiye the, wallet deliver kar diya. Order ORD723285.",Wrong_Product,Medium,Email
App crash ho rahi hai payment ke time. Ref TRK8987510. App me tracking bhi galat show ho rahi hai.,App_Bug,Medium,Website
Express delivery li thi fir bhi delay hua.,Late_Delivery,Medium,Email
Return approve hua but pickup schedule nahi ho raha. Invoice INV819446. Refund bhi abhi tak process nahi hua.,Refund_Return,Medium,Call
Login karte hi something went wrong error aa raha hai.,App_Bug,Medium,Website
App crash ho rahi hai payment ke time. Ref TRK6967528. Refund bhi abhi tak process nahi hua.,App_Bug,High,App
3 baar complaint ki but koi proper response nahi mila.,Customer_Service,High,Call
3 baar complaint ki but koi proper response nahi mila.,Customer_Service,Medium,Call
Login karte hi something went wrong error aa raha hai.,App_Bug,Medium,Email
Original bola tha lekin duplicate nikla. Seller response bhi nahi de raha. Refund bhi abhi tak process nahi hua.,Seller_Fraud,High,Call
Box kholte hi product broken nikla. Order ORD466163.,Damaged_Product,High,Website
"Order ORD660704 ko 10 din ho gaye, status out for delivery pe hi atka hai, parcel abhi tak nahi mila. App me tracking bhi galat show ho rahi hai.",Order_Not_Delivered,Medium,Website
Discount apply hua tha par final bill me reflect nahi hua. Support ko contact kiya but koi update nahi.,Billing_Invoice,High,Website
Discount apply hua tha par final bill me reflect nahi hua. Refund bhi abhi tak process nahi hua.,Billing_Invoice,Medium,App
Discount apply hua tha par final bill me reflect nahi hua.,Billing_Invoice,High,Website
Original bola tha lekin duplicate nikla. Seller response bhi nahi de raha.,Seller_Fraud,Medium,Email
Amount debit hua lekin confirmation nahi aaya. Seller bhi reply nahi kar raha.,Payment_Issue,High,Call
Invoice me extra charge add ho gaya. Order ORD470977.,Billing_Invoice,Medium,App
"Tracking TRK6458188 update nahi ho raha, delivery date cross ho gayi. App me tracking bhi galat show ho rahi hai.",Order_Not_Delivered,Medium,Email
Box kholte hi product broken nikla. Order ORD148722.,Damaged_Product,High,Email
"Order ORD927546 ko 11 din ho gaye, status out for delivery pe hi atka hai, parcel abhi tak nahi mila. App me tracking bhi galat show ho rahi hai.",Order_Not_Delivered,High,App
Invoice me extra charge add ho gaya. Order ORD190167.,Billing_Invoice,High,Website
App crash ho rahi hai payment ke time. Ref TRK5621998.,App_Bug,High,Email
3 baar complaint ki but koi proper response nahi mila. Seller bhi reply nahi kar raha.,Customer_Service,Low,Call
3 baar complaint ki but koi proper response nahi mila.,Customer_Service,Medium,App
Return approve hua but pickup schedule nahi ho raha. Invoice INV321423.,Refund_Return,Medium,Website
3 baar complaint ki but koi proper response nahi mila. Support ko contact kiya but koi update nahi.,Customer_Service,High,App
Screen cracked thi delivery ke time.,Damaged_Product,Medium,Call
Invoice me extra charge add ho gaya. Order ORD803797. Support ko contact kiya but koi update nahi.,Billing_Invoice,Medium,App
3 baar complaint ki but koi proper response nahi mila.,Customer_Service,Medium,Call
"Tracking TRK9421521 update nahi ho raha, delivery date cross ho gayi.",Order_Not_Delivered,High,App
Refund 10 din se pending hai.,Refund_Return,Medium,Call
"Maine headphones order kiye the, wallet deliver kar diya. Order ORD676209.",Wrong_Product,High,Call
Invoice me extra charge add ho gaya. Order ORD487650.,Billing_Invoice,High,App
Original bola tha lekin duplicate nikla. Seller response bhi nahi de raha.,Seller_Fraud,High,Email
Refund 10 din se pending hai. App me tracking bhi galat show ho rahi hai.,Refund_Return,High,Website
App crash ho rahi hai payment ke time. Ref TRK6651430.,App_Bug,High,Email
Seller ne fake product bhej diya aur return bhi reject kar diya. Order ORD377931.,Seller_Fraud,Low,Email
Screen cracked thi delivery ke time.,Damaged_Product,Medium,Website
Completely different product receive hua. Seller bhi reply nahi kar raha.,Wrong_Product,Medium,Call
Completely different product receive hua. Support ko contact kiya but koi update nahi.,Wrong_Product,Medium,Website
Discount apply hua tha par final bill me reflect nahi hua.,Billing_Invoice,High,Call
Customer support sirf ticket close kar raha hai without solution. Ref ORD426099.,Customer_Service,High,App
Seller ne fake product bhej diya aur return bhi reject kar diya. Order ORD396133.,Seller_Fraud,Medium,Website
Screen cracked thi delivery ke time.,Damaged_Product,Low,Email
Customer support sirf ticket close kar raha hai without solution. Ref ORD703601.,Customer_Service,High,Call
3 baar complaint ki but koi proper response nahi mila.,Customer_Service,Medium,Website
Login karte hi something went wrong error aa raha hai. Refund bhi abhi tak process nahi hua.,App_Bug,High,Website
App crash ho rahi hai payment ke time. Ref TRK9883500.,App_Bug,High,Website
Original bola tha lekin duplicate nikla. Seller response bhi nahi de raha. Refund bhi abhi tak process nahi hua.,Seller_Fraud,Low,App
Completely different product receive hua.,Wrong_Product,Medium,Website
Amount debit hua lekin confirmation nahi aaya.,Payment_Issue,High,Call
Original bola tha lekin duplicate nikla. Seller response bhi nahi de raha.,Seller_Fraud,High,Call
Login karte hi something went wrong error aa raha hai. App me tracking bhi galat show ho rahi hai.,App_Bug,High,Website
Express delivery li thi fir bhi delay hua. Support ko contact kiya but koi update nahi.,Late_Delivery,Medium,Website
Seller ne fake product bhej diya aur return bhi reject kar diya. Order ORD785962.,Seller_Fraud,High,Call
Customer support sirf ticket close kar raha hai without solution. Ref ORD265171. Seller bhi reply nahi kar raha.,Customer_Service,Low,Website
Completely different product receive hua.,Wrong_Product,Medium,Website
"Maine headphones order kiye the, wallet deliver kar diya. Order ORD476941.",Wrong_Product,Medium,App
"Tracking TRK8152244 update nahi ho raha, delivery date cross ho gayi.",Order_Not_Delivered,High,Call
3 baar complaint ki but koi proper response nahi mila. Support ko contact kiya but koi update nahi.,Customer_Service,High,Call
"Maine headphones order kiye the, wallet deliver kar diya. Order ORD251631.",Wrong_Product,High,Call
UPI payment deduct ho gaya par order place nahi hua. Txn TXN15786404. Seller bhi reply nahi kar raha.,Payment_Issue,Medium,App
"Tracking TRK9328535 update nahi ho raha, delivery date cross ho gayi. Seller bhi reply nahi kar raha.",Order_Not_Delivered,High,Call
App crash ho rahi hai payment ke time. Ref TRK9908278. Support ko contact kiya but koi update nahi.,App_Bug,High,App
Box kholte hi product broken nikla. Order ORD219234.,Damaged_Product,High,Call
"Tracking TRK4316573 update nahi ho raha, delivery date cross ho gayi.",Order_Not_Delivered,Medium,Website
"Order ORD457867 ko 2 din ho gaye, status out for delivery pe hi atka hai, parcel abhi tak nahi mila.",Order_Not_Delivered,Medium,Email
Completely different product receive hua.,Wrong_Product,Medium,App
Original bola tha lekin duplicate nikla. Seller response bhi nahi de raha. Support ko contact kiya but koi update nahi.,Seller_Fraud,High,Call
App crash ho rahi hai payment ke time. Ref TRK6502486. Support ko contact kiya but koi update nahi.,App_Bug,Medium,Email
Completely different product receive hua.,Wrong_Product,Medium,Email
Completely different product receive hua.,Wrong_Product,Medium,Email
Box kholte hi product broken nikla. Order ORD519203.,Damaged_Product,High,Email
Login karte hi something went wrong error aa raha hai.,App_Bug,High,Call
Box kholte hi product broken nikla. Order ORD747047.,Damaged_Product,High,App
Screen cracked thi delivery ke time. Seller bhi reply nahi kar raha.,Damaged_Product,Medium,Email
Login karte hi something went wrong error aa raha hai.,App_Bug,High,Website
UPI payment deduct ho gaya par order place nahi hua. Txn TXN68355026.,Payment_Issue,Medium,Call
"Order ORD181014 ko 4 din ho gaye, status out for delivery pe hi atka hai, parcel abhi tak nahi mila.",Order_Not_Delivered,High,Website
Original bola tha lekin duplicate nikla. Seller response bhi nahi de raha. Seller bhi reply nahi kar raha.,Seller_Fraud,High,App
App crash ho rahi hai payment ke time. Ref TRK5951010. Seller bhi reply nahi kar raha.,App_Bug,Medium,Email
"Order ORD727066 ko 8 din ho gaye, status out for delivery pe hi atka hai, parcel abhi tak nahi mila.",Order_Not_Delivered,Medium,Website
App crash ho rahi hai payment ke time. Ref TRK7999383.,App_Bug,Medium,Call
Seller ne fake product bhej diya aur return bhi reject kar diya. Order ORD376544. Support ko contact kiya but koi update nahi.,Seller_Fraud,Medium,Call
Invoice me extra charge add ho gaya. Order ORD156961. Refund bhi abhi tak process nahi hua.,Billing_Invoice,Medium,Website
3 baar complaint ki but koi proper response nahi mila.,Customer_Service,High,Call
"Tracking TRK3536024 update nahi ho raha, delivery date cross ho gayi.",Order_Not_Delivered,Medium,Call
Login karte hi something went wrong error aa raha hai.,App_Bug,Low,App
Invoice me extra charge add ho gaya. Order ORD203424. Refund bhi abhi tak process nahi hua.,Billing_Invoice,High,Email
"Tracking TRK9401209 update nahi ho raha, delivery date cross ho gayi.",Order_Not_Delivered,High,App
Return approve hua but pickup schedule nahi ho raha. Invoice INV877070. Seller bhi reply nahi kar raha.,Refund_Return,Medium,Call
Completely different product receive hua.,Wrong_Product,High,Email
"Order ORD781080 ko 3 din ho gaye, status out for delivery pe hi atka hai, parcel abhi tak nahi mila.",Order_Not_Delivered,High,Website
App crash ho rahi hai payment ke time. Ref TRK2736923. Support ko contact kiya but koi update nahi.,App_Bug,Low,App
Invoice me extra charge add ho gaya. Order ORD356262.,Billing_Invoice,Medium,Email
"Order ORD697411 ko 7 din ho gaye, status out for delivery pe hi atka hai, parcel abhi tak nahi mila. Support ko contact kiya but koi update nahi.",Order_Not_Delivered,Medium,App
Login karte hi something went wrong error aa raha hai. Refund bhi abhi tak process nahi hua.,App_Bug,High,Website
Customer support sirf ticket close kar raha hai without solution. Ref ORD976835.,Customer_Service,Medium,Call
Seller ne fake product bhej diya aur return bhi reject kar diya. Order ORD233095.,Seller_Fraud,Low,Email
Seller ne fake product bhej diya aur return bhi reject kar diya. Order ORD935289.,Seller_Fraud,High,Email
"Tracking TRK3496583 update nahi ho raha, delivery date cross ho gayi.",Order_Not_Delivered,High,Call
3 baar complaint ki but koi proper response nahi mila.,Customer_Service,Medium,Email
Completely different product receive hua.,Wrong_Product,High,Website
Invoice me extra charge add ho gaya. Order ORD334635.,Billing_Invoice,Medium,App
UPI payment deduct ho gaya par order place nahi hua. Txn TXN67476781.,Payment_Issue,Medium,Call
Box kholte hi product broken nikla. Order ORD216890. Refund bhi abhi tak process nahi hua.,Damaged_Product,Medium,Email
Login karte hi something went wrong error aa raha hai.,App_Bug,High,Call
3 baar complaint ki but koi proper response nahi mila.,Customer_Service,High,Email
Promised date se 2 din late deliver hua. Seller bhi reply nahi kar raha.,Late_Delivery,Medium,Website
Invoice me extra charge add ho gaya. Order ORD883951.,Billing_Invoice,Medium,Call
Customer support sirf ticket close kar raha hai without solution. Ref ORD873588.,Customer_Service,Medium,Email
"Tracking TRK3569617 update nahi ho raha, delivery date cross ho gayi. Support ko contact kiya but koi update nahi.",Order_Not_Delivered,High,App
Invoice me extra charge add ho gaya. Order ORD877005.,Billing_Invoice,High,Email
Promised date se 10 din late deliver hua.,Late_Delivery,Low,App
"Maine headphones order kiye the, wallet deliver kar diya. Order ORD512879.",Wrong_Product,High,App
Discount apply hua tha par final bill me reflect nahi hua. Seller bhi reply nahi kar raha.,Billing_Invoice,High,Call
Invoice me extra charge add ho gaya. Order ORD463034.,Billing_Invoice,Low,Call
"Order ORD822538 ko 6 din ho gaye, status out for delivery pe hi atka hai, parcel abhi tak nahi mila. Refund bhi abhi tak process nahi hua.",Order_Not_Delivered,Medium,Call
Login karte hi something went wrong error aa raha hai.,App_Bug,Medium,Email
Seller ne fake product bhej diya aur return bhi reject kar diya. Order ORD809082.,Seller_Fraud,High,Call
Completely different product receive hua.,Wrong_Product,Medium,Email
Seller ne fake product bhej diya aur return bhi reject kar diya. Order ORD794693.,Seller_Fraud,Medium,Website
UPI payment deduct ho gaya par order place nahi hua. Txn TXN83470479.,Payment_Issue,Medium,Website
Invoice me extra charge add ho gaya. Order ORD612295.,Billing_Invoice,High,App
Invoice me extra charge add ho gaya. Order ORD233860. Seller bhi reply nahi kar raha.,Billing_Invoice,High,Website
"Order ORD598518 ko 12 din ho gaye, status out for delivery pe hi atka hai, parcel abhi tak nahi mila. Refund bhi abhi tak process nahi hua.",Order_Not_Delivered,High,Email
Amount debit hua lekin confirmation nahi aaya.,Payment_Issue,High,Website
Promised date se 10 din late deliver hua.,Late_Delivery,Low,Call
"Tracking TRK2758701 update nahi ho raha, delivery date cross ho gayi.",Order_Not_Delivered,Low,Call
UPI payment deduct ho gaya par order place nahi hua. Txn TXN40224643.,Payment_Issue,Low,Website
Seller ne fake product bhej diya aur return bhi reject kar diya. Order ORD640923.,Seller_Fraud,High,Website
"Tracking TRK6059943 update nahi ho raha, delivery date cross ho gayi.",Order_Not_Delivered,Medium,Website
"Maine headphones order kiye the, wallet deliver kar diya. Order ORD565843.",Wrong_Product,High,Website
Discount apply hua tha par final bill me reflect nahi hua.,Billing_Invoice,High,App
Discount apply hua tha par final bill me reflect nahi hua.,Billing_Invoice,Low,Website
Express delivery li thi fir bhi delay hua. Support ko contact kiya but koi update nahi.,Late_Delivery,Medium,Website
Completely different product receive hua.,Wrong_Product,Medium,Website
Amount debit hua lekin confirmation nahi aaya.,Payment_Issue,High,Email
"Order ORD326874 ko 8 din ho gaye, status out for delivery pe hi atka hai, parcel abhi tak nahi mila.",Order_Not_Delivered,Medium,Call
"Tracking TRK4907882 update nahi ho raha, delivery date cross ho gayi.",Order_Not_Delivered,High,Call
App crash ho rahi hai payment ke time. Ref TRK6576567.,App_Bug,Medium,App
Express delivery li thi fir bhi delay hua.,Late_Delivery,Low,App
Box kholte hi product broken nikla. Order ORD609236.,Damaged_Product,Medium,App
Refund 10 din se pending hai. Seller bhi reply nahi kar raha.,Refund_Return,High,Email
Discount apply hua tha par final bill me reflect nahi hua.,Billing_Invoice,High,Email
Express delivery li thi fir bhi delay hua.,Late_Delivery,High,Website
Discount apply hua tha par final bill me reflect nahi hua.,Billing_Invoice,Low,App
Login karte hi something went wrong error aa raha hai.,App_Bug,Medium,App
Return approve hua but pickup schedule nahi ho raha. Invoice INV665818.,Refund_Return,High,Call
UPI payment deduct ho gaya par order place nahi hua. Txn TXN49516889. Refund bhi abhi tak process nahi hua.,Payment_Issue,High,Email
Refund 10 din se pending hai. Support ko contact kiya but koi update nahi.,Refund_Return,High,Call
Login karte hi something went wrong error aa raha hai. Refund bhi abhi tak process nahi hua.,App_Bug,Low,App
Customer support sirf ticket close kar raha hai without solution. Ref ORD466073. Seller bhi reply nahi kar raha.,Customer_Service,Low,Email
Amount debit hua lekin confirmation nahi aaya. Refund bhi abhi tak process nahi hua.,Payment_Issue,High,Email
Login karte hi something went wrong error aa raha hai.,App_Bug,Medium,Email
Screen cracked thi delivery ke time. Support ko contact kiya but koi update nahi.,Damaged_Product,Low,Call
Discount apply hua tha par final bill me reflect nahi hua.,Billing_Invoice,Medium,Email
Box kholte hi product broken nikla. Order ORD631777.,Damaged_Product,High,Website
Login karte hi something went wrong error aa raha hai.,App_Bug,High,App
Customer support sirf ticket close kar raha hai without solution. Ref ORD560526. App me tracking bhi galat show ho rahi hai.,Customer_Service,Medium,Call
Amount debit hua lekin confirmation nahi aaya. Support ko contact kiya but koi update nahi.,Payment_Issue,Medium,Website
App crash ho rahi hai payment ke time. Ref TRK8693470. Refund bhi abhi tak process nahi hua.,App_Bug,Low,App
Discount apply hua tha par final bill me reflect nahi hua. Support ko contact kiya but koi update nahi.,Billing_Invoice,High,Email
"Order ORD294217 ko 3 din ho gaye, status out for delivery pe hi atka hai, parcel abhi tak nahi mila.",Order_Not_Delivered,Medium,Call
Login karte hi something went wrong error aa raha hai.,App_Bug,High,Call
Screen cracked thi delivery ke time.,Damaged_Product,Low,Email
"Order ORD702336 ko 10 din ho gaye, status out for delivery pe hi atka hai, parcel abhi tak nahi mila. App me tracking bhi galat show ho rahi hai.",Order_Not_Delivered,High,Website
Login karte hi something went wrong error aa raha hai.,App_Bug,Medium,Website
Discount apply hua tha par final bill me reflect nahi hua.,Billing_Invoice,Medium,App
3 baar complaint ki but koi proper response nahi mila. App me tracking bhi galat show ho rahi hai.,Customer_Service,High,Website
Express delivery li thi fir bhi delay hua.,Late_Delivery,Low,App
App crash ho rahi hai payment ke time. Ref TRK3021509. Refund bhi abhi tak process nahi hua.,App_Bug,High,Website
"Tracking TRK9325145 update nahi ho raha, delivery date cross ho gayi.",Order_Not_Delivered,High,Call
Customer support sirf ticket close kar raha hai without solution. Ref ORD127428.,Customer_Service,High,Call
Discount apply hua tha par final bill me reflect nahi hua.,Billing_Invoice,Low,App
3 baar complaint ki but koi proper response nahi mila. Refund bhi abhi tak process nahi hua.,Customer_Service,Low,App
Login karte hi something went wrong error aa raha hai. Refund bhi abhi tak process nahi hua.,App_Bug,Medium,Email
Original bola tha lekin duplicate nikla. Seller response bhi nahi de raha.,Seller_Fraud,Medium,Email
3 baar complaint ki but koi proper response nahi mila. Refund bhi abhi tak process nahi hua.,Customer_Service,Medium,Website
"Tracking TRK6728769 update nahi ho raha, delivery date cross ho gayi.",Order_Not_Delivered,Medium,Call
Seller ne fake product bhej diya aur return bhi reject kar diya. Order ORD597866.,Seller_Fraud,Medium,App
Amount debit hua lekin confirmation nahi aaya.,Payment_Issue,High,Call
Return approve hua but pickup schedule nahi ho raha. Invoice INV915653.,Refund_Return,High,Website
Login karte hi something went wrong error aa raha hai.,App_Bug,High,App
Invoice me extra charge add ho gaya. Order ORD601427.,Billing_Invoice,High,Call
"Tracking TRK2084304 update nahi ho raha, delivery date cross ho gayi. App me tracking bhi galat show ho rahi hai.",Order_Not_Delivered,Medium,App
Express delivery li thi fir bhi delay hua.,Late_Delivery,High,App
3 baar complaint ki but koi proper response nahi mila. Seller bhi reply nahi kar raha.,Customer_Service,Medium,App
"Order ORD306230 ko 11 din ho gaye, status out for delivery pe hi atka hai, parcel abhi tak nahi mila. Support ko contact kiya but koi update nahi.",Order_Not_Delivered,Low,Call
Customer support sirf ticket close kar raha hai without solution. Ref ORD971578.,Customer_Service,High,App
"Tracking TRK6913267 update nahi ho raha, delivery date cross ho gayi. Support ko contact kiya but koi update nahi.",Order_Not_Delivered,Medium,Email
Discount apply hua tha par final bill me reflect nahi hua. App me tracking bhi galat show ho rahi hai.,Billing_Invoice,Low,App
3 baar complaint ki but koi proper response nahi mila. Support ko contact kiya but koi update nahi.,Customer_Service,Medium,App
Amount debit hua lekin confirmation nahi aaya. Refund bhi abhi tak process nahi hua.,Payment_Issue,Medium,Website
Screen cracked thi delivery ke time. Support ko contact kiya but koi update nahi.,Damaged_Product,Medium,Call
Original bola tha lekin duplicate nikla. Seller response bhi nahi de raha.,Seller_Fraud,High,App
UPI payment deduct ho gaya par order place nahi hua. Txn TXN31257876. Refund bhi abhi tak process nahi hua.,Payment_Issue,High,Website
Invoice me extra charge add ho gaya. Order ORD391421.,Billing_Invoice,High,Call
Screen cracked thi delivery ke time.,Damaged_Product,Medium,App
Screen cracked thi delivery ke time. App me tracking bhi galat show ho rahi hai.,Damaged_Product,Low,App
"Order ORD564638 ko 11 din ho gaye, status out for delivery pe hi atka hai, parcel abhi tak nahi mila.",Order_Not_Delivered,Medium,Call
3 baar complaint ki but koi proper response nahi mila.,Customer_Service,High,App
3 baar complaint ki but koi proper response nahi mila. Refund bhi abhi tak process nahi hua.,Customer_Service,High,Website
Invoice me extra charge add ho gaya. Order ORD542848. App me tracking bhi galat show ho rahi hai.,Billing_Invoice,High,Email
Customer support sirf ticket close kar raha hai without solution. Ref ORD710732.,Customer_Service,High,App
Screen cracked thi delivery ke time.,Damaged_Product,Medium,App
Box kholte hi product broken nikla. Order ORD796339. App me tracking bhi galat show ho rahi hai.,Damaged_Product,High,App
Box kholte hi product broken nikla. Order ORD107142.,Damaged_Product,High,Call
Box kholte hi product broken nikla. Order ORD187479.,Damaged_Product,High,App
Promised date se 8 din late deliver hua. App me tracking bhi galat show ho rahi hai.,Late_Delivery,High,Call
Return approve hua but pickup schedule nahi ho raha. Invoice INV996713. Seller bhi reply nahi kar raha.,Refund_Return,Medium,Call
"Order ORD924365 ko 2 din ho gaye, status out for delivery pe hi atka hai, parcel abhi tak nahi mila. Refund bhi abhi tak process nahi hua.",Order_Not_Delivered,Medium,App
Login karte hi something went wrong error aa raha hai.,App_Bug,Medium,Email
Screen cracked thi delivery ke time. Refund bhi abhi tak process nahi hua.,Damaged_Product,High,Email
Invoice me extra charge add ho gaya. Order ORD978069.,Billing_Invoice,High,App
Discount apply hua tha par final bill me reflect nahi hua.,Billing_Invoice,High,App
Box kholte hi product broken nikla. Order ORD622864.,Damaged_Product,Medium,App
Discount apply hua tha par final bill me reflect nahi hua.,Billing_Invoice,Low,Email
Return approve hua but pickup schedule nahi ho raha. Invoice INV520996.,Refund_Return,Low,App
3 baar complaint ki but koi proper response nahi mila.,Customer_Service,High,Website
Screen cracked thi delivery ke time.,Damaged_Product,Low,App
Customer support sirf ticket close kar raha hai without solution. Ref ORD338373.,Customer_Service,Medium,Website
Discount apply hua tha par final bill me reflect nahi hua. App me tracking bhi galat show ho rahi hai.,Billing_Invoice,Medium,App
Customer support sirf ticket close kar raha hai without solution. Ref ORD566915.,Customer_Service,High,Call
Completely different product receive hua. Support ko contact kiya but koi update nahi.,Wrong_Product,Medium,Call
Invoice me extra charge add ho gaya. Order ORD816356.,Billing_Invoice,Medium,Email
"Tracking TRK1233244 update nahi ho raha, delivery date cross ho gayi.",Order_Not_Delivered,High,App
"Tracking TRK5201372 update nahi ho raha, delivery date cross ho gayi.",Order_Not_Delivered,High,Call
"Tracking TRK9090286 update nahi ho raha, delivery date cross ho gayi.",Order_Not_Delivered,High,App
App crash ho rahi hai payment ke time. Ref TRK3967496.,App_Bug,High,Website
"Order ORD216124 ko 4 din ho gaye, status out for delivery pe hi atka hai, parcel abhi tak nahi mila.",Order_Not_Delivered,Medium,Website
Original bola tha lekin duplicate nikla. Seller response bhi nahi de raha. Seller bhi reply nahi kar raha.,Seller_Fraud,High,Email
Screen cracked thi delivery ke time. Support ko contact kiya but koi update nahi.,Damaged_Product,Medium,Website
3 baar complaint ki but koi proper response nahi mila.,Customer_Service,Medium,App
Original bola tha lekin duplicate nikla. Seller response bhi nahi de raha.,Seller_Fraud,High,App
Screen cracked thi delivery ke time.,Damaged_Product,Low,Email
Promised date se 8 din late deliver hua.,Late_Delivery,High,Call
Original bola tha lekin duplicate nikla. Seller response bhi nahi de raha.,Seller_Fraud,Low,Website
Box kholte hi product broken nikla. Order ORD493967.,Damaged_Product,Medium,Website
3 baar complaint ki but koi proper response nahi mila.,Customer_Service,High,Call
Completely different product receive hua.,Wrong_Product,High,Website
Login karte hi something went wrong error aa raha hai.,App_Bug,High,Email
"Maine headphones order kiye the, wallet deliver kar diya. Order ORD993019.",Wrong_Product,High,Email
Express delivery li thi fir bhi delay hua.,Late_Delivery,High,Website
Invoice me extra charge add ho gaya. Order ORD398454.,Billing_Invoice,Low,Website
"Tracking TRK3122120 update nahi ho raha, delivery date cross ho gayi.",Order_Not_Delivered,High,Call
Discount apply hua tha par final bill me reflect nahi hua.,Billing_Invoice,Medium,App
Refund 10 din se pending hai.,Refund_Return,Medium,App
"Maine headphones order kiye the, wallet deliver kar diya. Order ORD608260.",Wrong_Product,Medium,App
Discount apply hua tha par final bill me reflect nahi hua.,Billing_Invoice,Low,Email
"Tracking TRK2964047 update nahi ho raha, delivery date cross ho gayi. Seller bhi reply nahi kar raha.",Order_Not_Delivered,High,Call
Completely different product receive hua. Seller bhi reply nahi kar raha.,Wrong_Product,Low,Email
"Order ORD476288 ko 3 din ho gaye, status out for delivery pe hi atka hai, parcel abhi tak nahi mila. Seller bhi reply nahi kar raha.",Order_Not_Delivered,Medium,App
Amount debit hua lekin confirmation nahi aaya.,Payment_Issue,High,Website
Invoice me extra charge add ho gaya. Order ORD922706. Support ko contact kiya but koi update nahi.,Billing_Invoice,Medium,Website
"Order ORD807144 ko 11 din ho gaye, status out for delivery pe hi atka hai, parcel abhi tak nahi mila. Seller bhi reply nahi kar raha.",Order_Not_Delivered,High,Website
Invoice me extra charge add ho gaya. Order ORD560259. Support ko contact kiya but koi update nahi.,Billing_Invoice,Medium,Email
App crash ho rahi hai payment ke time. Ref TRK6250224. App me tracking bhi galat show ho rahi hai.,App_Bug,High,Email
Express delivery li thi fir bhi delay hua.,Late_Delivery,High,Email
Refund 10 din se pending hai.,Refund_Return,High,Email
Amount debit hua lekin confirmation nahi aaya.,Payment_Issue,Medium,Call
Promised date se 2 din late deliver hua. Support ko contact kiya but koi update nahi.,Late_Delivery,High,Website
App crash ho rahi hai payment ke time. Ref TRK7485823. Support ko contact kiya but koi update nahi.,App_Bug,Medium,Email
"Tracking TRK8306755 update nahi ho raha, delivery date cross ho gayi.",Order_Not_Delivered,High,Call
Login karte hi something went wrong error aa raha hai.,App_Bug,Medium,Call
Seller ne fake product bhej diya aur return bhi reject kar diya. Order ORD474261. Support ko contact kiya but koi update nahi.,Seller_Fraud,High,App
"Maine headphones order kiye the, wallet deliver kar diya. Order ORD197903. App me tracking bhi galat show ho rahi hai.",Wrong_Product,High,Call
Seller ne fake product bhej diya aur return bhi reject kar diya. Order ORD690813.,Seller_Fraud,High,Website
Invoice me extra charge add ho gaya. Order ORD630040.,Billing_Invoice,High,Call
Promised date se 6 din late deliver hua.,Late_Delivery,High,Website
Completely different product receive hua.,Wrong_Product,High,Call
"Maine headphones order kiye the, wallet deliver kar diya. Order ORD761961.",Wrong_Product,Medium,Call
"Order ORD143293 ko 6 din ho gaye, status out for delivery pe hi atka hai, parcel abhi tak nahi mila.",Order_Not_Delivered,High,Email
Express delivery li thi fir bhi delay hua. Refund bhi abhi tak process nahi hua.,Late_Delivery,Low,Website
Original bola tha lekin duplicate nikla. Seller response bhi nahi de raha.,Seller_Fraud,Medium,Call
"Order ORD327070 ko 2 din ho gaye, status out for delivery pe hi atka hai, parcel abhi tak nahi mila.",Order_Not_Delivered,High,Call
3 baar complaint ki but koi proper response nahi mila.,Customer_Service,Medium,App
Promised date se 7 din late deliver hua.,Late_Delivery,Low,Call
"Tracking TRK9822878 update nahi ho raha, delivery date cross ho gayi. Seller bhi reply nahi kar raha.",Order_Not_Delivered,High,Email
"Maine headphones order kiye the, wallet deliver kar diya. Order ORD346347.",Wrong_Product,Low,App
Express delivery li thi fir bhi delay hua.,Late_Delivery,Low,Email
Seller ne fake product bhej diya aur return bhi reject kar diya. Order ORD620912.,Seller_Fraud,Low,Call
Invoice me extra charge add ho gaya. Order ORD133581.,Billing_Invoice,Medium,Call
Customer support sirf ticket close kar raha hai without solution. Ref ORD901084. App me tracking bhi galat show ho rahi hai.,Customer_Service,High,Call
Completely different product receive hua.,Wrong_Product,High,Email
Original bola tha lekin duplicate nikla. Seller response bhi nahi de raha.,Seller_Fraud,Medium,App
UPI payment deduct ho gaya par order place nahi hua. Txn TXN92663590. Seller bhi reply nahi kar raha.,Payment_Issue,High,Email
"Order ORD559583 ko 12 din ho gaye, status out for delivery pe hi atka hai, parcel abhi tak nahi mila.",Order_Not_Delivered,High,Website
App crash ho rahi hai payment ke time. Ref TRK9999150.,App_Bug,High,Email
Discount apply hua tha par final bill me reflect nahi hua. App me tracking bhi galat show ho rahi hai.,Billing_Invoice,High,Email
App crash ho rahi hai payment ke time. Ref TRK6237113.,App_Bug,Medium,Website
Discount apply hua tha par final bill me reflect nahi hua. Seller bhi reply nahi kar raha.,Billing_Invoice,High,Call
Discount apply hua tha par final bill me reflect nahi hua.,Billing_Invoice,High,App
"Maine headphones order kiye the, wallet deliver kar diya. Order ORD106663.",Wrong_Product,Medium,Email
3 baar complaint ki but koi proper response nahi mila.,Customer_Service,Medium,Email
Promised date se 12 din late deliver hua.,Late_Delivery,Medium,App
Refund 10 din se pending hai.,Refund_Return,Medium,Call
App crash ho rahi hai payment ke time. Ref TRK9373087. App me tracking bhi galat show ho rahi hai.,App_Bug,High,Call
"Maine headphones order kiye the, wallet deliver kar diya. Order ORD148076.",Wrong_Product,High,App
Express delivery li thi fir bhi delay hua.,Late_Delivery,High,App
Invoice me extra charge add ho gaya. Order ORD254869.,Billing_Invoice,Medium,Email
Screen cracked thi delivery ke time.,Damaged_Product,Low,Email
Completely different product receive hua. Refund bhi abhi tak process nahi hua.,Wrong_Product,Medium,Email
Original bola tha lekin duplicate nikla. Seller response bhi nahi de raha.,Seller_Fraud,High,Website
"Order ORD805802 ko 10 din ho gaye, status out for delivery pe hi atka hai, parcel abhi tak nahi mila.",Order_Not_Delivered,Low,Website
Box kholte hi product broken nikla. Order ORD944967. Support ko contact kiya but koi update nahi.,Damaged_Product,Medium,Website
Completely different product receive hua. Support ko contact kiya but koi update nahi.,Wrong_Product,Medium,Email
3 baar complaint ki but koi proper response nahi mila.,Customer_Service,High,Call
Return approve hua but pickup schedule nahi ho raha. Invoice INV854315.,Refund_Return,Medium,Website
Login karte hi something went wrong error aa raha hai.,App_Bug,Medium,App
"Tracking TRK5891820 update nahi ho raha, delivery date cross ho gayi.",Order_Not_Delivered,Medium,Website
"Tracking TRK3031751 update nahi ho raha, delivery date cross ho gayi.",Order_Not_Delivered,Medium,Call
UPI payment deduct ho gaya par order place nahi hua. Txn TXN79218511. Refund bhi abhi tak process nahi hua.,Payment_Issue,Medium,Call
"Maine headphones order kiye the, wallet deliver kar diya. Order ORD479228. Refund bhi abhi tak process nahi hua.",Wrong_Product,Low,Email
UPI payment deduct ho gaya par order place nahi hua. Txn TXN37457637. App me tracking bhi galat show ho rahi hai.,Payment_Issue,Medium,App
Invoice me extra charge add ho gaya. Order ORD174570.,Billing_Invoice,High,Call
Completely different product receive hua. Seller bhi reply nahi kar raha.,Wrong_Product,High,Website
"Order ORD932724 ko 6 din ho gaye, status out for delivery pe hi atka hai, parcel abhi tak nahi mila.",Order_Not_Delivered,High,App
3 baar complaint ki but koi proper response nahi mila. App me tracking bhi galat show ho rahi hai.,Customer_Service,Medium,Call
"Order ORD487891 ko 11 din ho gaye, status out for delivery pe hi atka hai, parcel abhi tak nahi mila.",Order_Not_Delivered,Medium,App
App crash ho rahi hai payment ke time. Ref TRK4645905. Refund bhi abhi tak process nahi hua.,App_Bug,Medium,Website
Original bola tha lekin duplicate nikla. Seller response bhi nahi de raha.,Seller_Fraud,High,Call
"Order ORD562347 ko 12 din ho gaye, status out for delivery pe hi atka hai, parcel abhi tak nahi mila.",Order_Not_Delivered,Medium,Website
Login karte hi something went wrong error aa raha hai.,App_Bug,High,Email
Customer support sirf ticket close kar raha hai without solution. Ref ORD631566.,Customer_Service,High,Website
Box kholte hi product broken nikla. Order ORD205495.,Damaged_Product,Medium,Email
Original bola tha lekin duplicate nikla. Seller response bhi nahi de raha.,Seller_Fraud,High,Website
"Tracking TRK4820510 update nahi ho raha, delivery date cross ho gayi.",Order_Not_Delivered,Medium,Email
Return approve hua but pickup schedule nahi ho raha. Invoice INV885844.,Refund_Return,Medium,Website
"Order ORD940718 ko 4 din ho gaye, status out for delivery pe hi atka hai, parcel abhi tak nahi mila.",Order_Not_Delivered,High,Email
Refund 10 din se pending hai. Refund bhi abhi tak process nahi hua.,Refund_Return,High,App
Express delivery li thi fir bhi delay hua.,Late_Delivery,Low,Call
UPI payment deduct ho gaya par order place nahi hua. Txn TXN87248441. App me tracking bhi galat show ho rahi hai.,Payment_Issue,High,Call
Box kholte hi product broken nikla. Order ORD514420.,Damaged_Product,High,Email
Original bola tha lekin duplicate nikla. Seller response bhi nahi de raha.,Seller_Fraud,High,Email
Invoice me extra charge add ho gaya. Order ORD868504. Refund bhi abhi tak process nahi hua.,Billing_Invoice,Medium,App
Completely different product receive hua.,Wrong_Product,Medium,Website
"Maine headphones order kiye the, wallet deliver kar diya. Order ORD702615.",Wrong_Product,High,Email
Invoice me extra charge add ho gaya. Order ORD798103.,Billing_Invoice,High,App
Return approve hua but pickup schedule nahi ho raha. Invoice INV777708.,Refund_Return,High,Call
Invoice me extra charge add ho gaya. Order ORD600026. Refund bhi abhi tak process nahi hua.,Billing_Invoice,High,App
Login karte hi something went wrong error aa raha hai.,App_Bug,Medium,App
Box kholte hi product broken nikla. Order ORD385328.,Damaged_Product,High,Email
3 baar complaint ki but koi proper response nahi mila.,Customer_Service,Low,Call
3 baar complaint ki but koi proper response nahi mila.,Customer_Service,High,App
3 baar complaint ki but koi proper response nahi mila. Seller bhi reply nahi kar raha.,Customer_Service,Medium,Email
Refund 10 din se pending hai.,Refund_Return,Low,App
Express delivery li thi fir bhi delay hua. Refund bhi abhi tak process nahi hua.,Late_Delivery,High,App
UPI payment deduct ho gaya par order place nahi hua. Txn TXN87682709. App me tracking bhi galat show ho rahi hai.,Payment_Issue,High,App
Invoice me extra charge add ho gaya. Order ORD552807. App me tracking bhi galat show ho rahi hai.,Billing_Invoice,Low,Call
"Order ORD382270 ko 12 din ho gaye, status out for delivery pe hi atka hai, parcel abhi tak nahi mila.",Order_Not_Delivered,Medium,Call
Discount apply hua tha par final bill me reflect nahi hua.,Billing_Invoice,High,App
Completely different product receive hua.,Wrong_Product,Medium,Website
Seller ne fake product bhej diya aur return bhi reject kar diya. Order ORD119292.,Seller_Fraud,Medium,Call
Promised date se 11 din late deliver hua.,Late_Delivery,Medium,Call
Completely different product receive hua.,Wrong_Product,High,App
Completely different product receive hua.,Wrong_Product,High,App
Box kholte hi product broken nikla. Order ORD993413.,Damaged_Product,High,Email
Invoice me extra charge add ho gaya. Order ORD390480. Refund bhi abhi tak process nahi hua.,Billing_Invoice,Medium,Call
Customer support sirf ticket close kar raha hai without solution. Ref ORD771835.,Customer_Service,High,Email
App crash ho rahi hai payment ke time. Ref TRK4634210.,App_Bug,High,Website
Invoice me extra charge add ho gaya. Order ORD934988. Seller bhi reply nahi kar raha.,Billing_Invoice,Medium,App
Login karte hi something went wrong error aa raha hai.,App_Bug,High,Email
3 baar complaint ki but koi proper response nahi mila.,Customer_Service,Medium,Website
App crash ho rahi hai payment ke time. Ref TRK2562351.,App_Bug,Medium,Call
Box kholte hi product broken nikla. Order ORD122134. App me tracking bhi galat show ho rahi hai.,Damaged_Product,Medium,App
Refund 10 din se pending hai.,Refund_Return,High,App
Discount apply hua tha par final bill me reflect nahi hua. Seller bhi reply nahi kar raha.,Billing_Invoice,High,Call
"Order ORD458913 ko 10 din ho gaye, status out for delivery pe hi atka hai, parcel abhi tak nahi mila. Seller bhi reply nahi kar raha.",Order_Not_Delivered,High,Call
Discount apply hua tha par final bill me reflect nahi hua. Seller bhi reply nahi kar raha.,Billing_Invoice,High,Email
"Tracking TRK8504839 update nahi ho raha, delivery date cross ho gayi.",Order_Not_Delivered,High,Website
Login karte hi something went wrong error aa raha hai.,App_Bug,Medium,Email
Promised date se 11 din late deliver hua. Seller bhi reply nahi kar raha.,Late_Delivery,High,Call
Original bola tha lekin duplicate nikla. Seller response bhi nahi de raha.,Seller_Fraud,Medium,Email
"Maine headphones order kiye the, wallet deliver kar diya. Order ORD543174.",Wrong_Product,High,Email
3 baar complaint ki but koi proper response nahi mila.,Customer_Service,High,Email
Login karte hi something went wrong error aa raha hai.,App_Bug,High,App
Original bola tha lekin duplicate nikla. Seller response bhi nahi de raha.,Seller_Fraud,Medium,Website
App crash ho rahi hai payment ke time. Ref TRK8765259. Support ko contact kiya but koi update nahi.,App_Bug,High,Website
Customer support sirf ticket close kar raha hai without solution. Ref ORD200666.,Customer_Service,Low,Email
Return approve hua but pickup schedule nahi ho raha. Invoice INV614674.,Refund_Return,High,Email
Express delivery li thi fir bhi delay hua.,Late_Delivery,High,Website
Login karte hi something went wrong error aa raha hai.,App_Bug,High,Email
"Maine headphones order kiye the, wallet deliver kar diya. Order ORD704546.",Wrong_Product,Low,Website
Login karte hi something went wrong error aa raha hai. Seller bhi reply nahi kar raha.,App_Bug,High,Website
Promised date se 12 din late deliver hua. App me tracking bhi galat show ho rahi hai.,Late_Delivery,Low,Email
Promised date se 12 din late deliver hua.,Late_Delivery,Medium,Website
Promised date se 7 din late deliver hua.,Late_Delivery,Low,Call
Original bola tha lekin duplicate nikla. Seller response bhi nahi de raha.,Seller_Fraud,High,App
Express delivery li thi fir bhi delay hua.,Late_Delivery,Low,Website
App crash ho rahi hai payment ke time. Ref TRK7548922.,App_Bug,High,Website
Screen cracked thi delivery ke time. Refund bhi abhi tak process nahi hua.,Damaged_Product,Low,Website
Return approve hua but pickup schedule nahi ho raha. Invoice INV923054.,Refund_Return,Medium,Website
Completely different product receive hua. App me tracking bhi galat show ho rahi hai.,Wrong_Product,High,Call
"Maine headphones order kiye the, wallet deliver kar diya. Order ORD734611.",Wrong_Product,Medium,Website
"Maine headphones order kiye the, wallet deliver kar diya. Order ORD746292.",Wrong_Product,Medium,Call
"Order ORD608290 ko 3 din ho gaye, status out for delivery pe hi atka hai, parcel abhi tak nahi mila.",Order_Not_Delivered,High,Website
Login karte hi something went wrong error aa raha hai.,App_Bug,High,App
Login karte hi something went wrong error aa raha hai.,App_Bug,Medium,App
Login karte hi something went wrong error aa raha hai.,App_Bug,High,App
Customer support sirf ticket close kar raha hai without solution. Ref ORD314263.,Customer_Service,Medium,Email
Amount debit hua lekin confirmation nahi aaya.,Payment_Issue,Low,Website
Discount apply hua tha par final bill me reflect nahi hua.,Billing_Invoice,High,App
App crash ho rahi hai payment ke time. Ref TRK6107482.,App_Bug,High,Call
Completely different product receive hua. Seller bhi reply nahi kar raha.,Wrong_Product,Medium,App
"Tracking TRK8762027 update nahi ho raha, delivery date cross ho gayi.",Order_Not_Delivered,Medium,Website
"Order ORD505218 ko 6 din ho gaye, status out for delivery pe hi atka hai, parcel abhi tak nahi mila.",Order_Not_Delivered,High,Website
App crash ho rahi hai payment ke time. Ref TRK2210751.,App_Bug,Medium,Email
Seller ne fake product bhej diya aur return bhi reject kar diya. Order ORD247383.,Seller_Fraud,High,App
"Maine headphones order kiye the, wallet deliver kar diya. Order ORD125350. Refund bhi abhi tak process nahi hua.",Wrong_Product,High,Call
Original bola tha lekin duplicate nikla. Seller response bhi nahi de raha. Seller bhi reply nahi kar raha.,Seller_Fraud,High,App
Invoice me extra charge add ho gaya. Order ORD894545.,Billing_Invoice,High,Website
"Maine headphones order kiye the, wallet deliver kar diya. Order ORD178812. Seller bhi reply nahi kar raha.",Wrong_Product,Medium,Email
"Tracking TRK7501434 update nahi ho raha, delivery date cross ho gayi. App me tracking bhi galat show ho rahi hai.",Order_Not_Delivered,Medium,Call
Original bola tha lekin duplicate nikla. Seller response bhi nahi de raha. Support ko contact kiya but koi update nahi.,Seller_Fraud,Medium,Email
Seller ne fake product bhej diya aur return bhi reject kar diya. Order ORD480024.,Seller_Fraud,High,App
"Tracking TRK3005164 update nahi ho raha, delivery date cross ho gayi.",Order_Not_Delivered,High,App
Screen cracked thi delivery ke time. App me tracking bhi galat show ho rahi hai.,Damaged_Product,Medium,App
Promised date se 3 din late deliver hua.,Late_Delivery,High,Call
Invoice me extra charge add ho gaya. Order ORD347989.,Billing_Invoice,Medium,Email
Invoice me extra charge add ho gaya. Order ORD332034. Seller bhi reply nahi kar raha.,Billing_Invoice,High,Email
"Order ORD814777 ko 2 din ho gaye, status out for delivery pe hi atka hai, parcel abhi tak nahi mila. Refund bhi abhi tak process nahi hua.",Order_Not_Delivered,High,Website
Login karte hi something went wrong error aa raha hai.,App_Bug,Medium,Email
Express delivery li thi fir bhi delay hua. Seller bhi reply nahi kar raha.,Late_Delivery,Medium,App
Seller ne fake product bhej diya aur return bhi reject kar diya. Order ORD102297.,Seller_Fraud,Medium,App
Invoice me extra charge add ho gaya. Order ORD984027. Refund bhi abhi tak process nahi hua.,Billing_Invoice,High,Website
Discount apply hua tha par final bill me reflect nahi hua.,Billing_Invoice,Low,Website
Login karte hi something went wrong error aa raha hai.,App_Bug,Low,Call
Box kholte hi product broken nikla. Order ORD110651.,Damaged_Product,High,App
Express delivery li thi fir bhi delay hua.,Late_Delivery,High,Email
Customer support sirf ticket close kar raha hai without solution. Ref ORD857682.,Customer_Service,High,App
Express delivery li thi fir bhi delay hua.,Late_Delivery,High,App
Amount debit hua lekin confirmation nahi aaya.,Payment_Issue,High,Call
Login karte hi something went wrong error aa raha hai.,App_Bug,Medium,Website
Customer support sirf ticket close kar raha hai without solution. Ref ORD776307.,Customer_Service,Medium,Website
Express delivery li thi fir bhi delay hua. App me tracking bhi galat show ho rahi hai.,Late_Delivery,High,Website
3 baar complaint ki but koi proper response nahi mila. Seller bhi reply nahi kar raha.,Customer_Service,Medium,Website
UPI payment deduct ho gaya par order place nahi hua. Txn TXN19296436.,Payment_Issue,Medium,App
Discount apply hua tha par final bill me reflect nahi hua.,Billing_Invoice,Medium,Call
Seller ne fake product bhej diya aur return bhi reject kar diya. Order ORD321550. Support ko contact kiya but koi update nahi.,Seller_Fraud,Medium,Call
Login karte hi something went wrong error aa raha hai. Refund bhi abhi tak process nahi hua.,App_Bug,Medium,Call
Discount apply hua tha par final bill me reflect nahi hua.,Billing_Invoice,Medium,Email
"Order ORD780285 ko 11 din ho gaye, status out for delivery pe hi atka hai, parcel abhi tak nahi mila.",Order_Not_Delivered,High,App
Promised date se 4 din late deliver hua.,Late_Delivery,Medium,App
Customer support sirf ticket close kar raha hai without solution. Ref ORD437991. App me tracking bhi galat show ho rahi hai.,Customer_Service,High,App
"Maine headphones order kiye the, wallet deliver kar diya. Order ORD979979.",Wrong_Product,High,App
Express delivery li thi fir bhi delay hua.,Late_Delivery,Medium,Website
Box kholte hi product broken nikla. Order ORD689312.,Damaged_Product,Medium,Call
Box kholte hi product broken nikla. Order ORD829864.,Damaged_Product,High,Call
Express delivery li thi fir bhi delay hua.,Late_Delivery,Medium,App
Promised date se 8 din late deliver hua.,Late_Delivery,Medium,Email
Original bola tha lekin duplicate nikla. Seller response bhi nahi de raha.,Seller_Fraud,Medium,Call
Login karte hi something went wrong error aa raha hai. Refund bhi abhi tak process nahi hua.,App_Bug,Low,Call
Box kholte hi product broken nikla. Order ORD809245.,Damaged_Product,High,Email
App crash ho rahi hai payment ke time. Ref TRK2055141. App me tracking bhi galat show ho rahi hai.,App_Bug,High,Website
Original bola tha lekin duplicate nikla. Seller response bhi nahi de raha. Refund bhi abhi tak process nahi hua.,Seller_Fraud,Medium,App
Completely different product receive hua.,Wrong_Product,High,Website
Invoice me extra charge add ho gaya. Order ORD584962. Seller bhi reply nahi kar raha.,Billing_Invoice,Medium,Email
Seller ne fake product bhej diya aur return bhi reject kar diya. Order ORD297595.,Seller_Fraud,Medium,Website
Invoice me extra charge add ho gaya. Order ORD213930. Support ko contact kiya but koi update nahi.,Billing_Invoice,High,Call
Promised date se 6 din late deliver hua.,Late_Delivery,High,Email
Screen cracked thi delivery ke time. App me tracking bhi galat show ho rahi hai.,Damaged_Product,Medium,Email
Completely different product receive hua. Refund bhi abhi tak process nahi hua.,Wrong_Product,High,Website
"Tracking TRK7138923 update nahi ho raha, delivery date cross ho gayi.",Order_Not_Delivered,Low,App
"Maine headphones order kiye the, wallet deliver kar diya. Order ORD810750.",Wrong_Product,Medium,Website
3 baar complaint ki but koi proper response nahi mila.,Customer_Service,Medium,Email
App crash ho rahi hai payment ke time. Ref TRK8675769. Support ko contact kiya but koi update nahi.,App_Bug,Medium,App
Seller ne fake product bhej diya aur return bhi reject kar diya. Order ORD900183.,Seller_Fraud,High,Email
"Order ORD103444 ko 6 din ho gaye, status out for delivery pe hi atka hai, parcel abhi tak nahi mila.",Order_Not_Delivered,Medium,Call
3 baar complaint ki but koi proper response nahi mila.,Customer_Service,Low,App
Seller ne fake product bhej diya aur return bhi reject kar diya. Order ORD863425.,Seller_Fraud,Medium,App
Completely different product receive hua.,Wrong_Product,Medium,Website
"Order ORD192665 ko 3 din ho gaye, status out for delivery pe hi atka hai, parcel abhi tak nahi mila.",Order_Not_Delivered,Medium,Website
"Maine headphones order kiye the, wallet deliver kar diya. Order ORD861237.",Wrong_Product,High,Call
Customer support sirf ticket close kar raha hai without solution. Ref ORD595008.,Customer_Service,High,App
Customer support sirf ticket close kar raha hai without solution. Ref ORD537726.,Customer_Service,Medium,Call
App crash ho rahi hai payment ke time. Ref TRK6518619.,App_Bug,Low,Website
UPI payment deduct ho gaya par order place nahi hua. Txn TXN79376143. Refund bhi abhi tak process nahi hua.,Payment_Issue,High,Email
Original bola tha lekin duplicate nikla. Seller response bhi nahi de raha.,Seller_Fraud,Medium,App
Discount apply hua tha par final bill me reflect nahi hua. App me tracking bhi galat show ho rahi hai.,Billing_Invoice,Medium,Website
Seller ne fake product bhej diya aur return bhi reject kar diya. Order ORD957313. Refund bhi abhi tak process nahi hua.,Seller_Fraud,High,App
Amount debit hua lekin confirmation nahi aaya.,Payment_Issue,High,Email
Invoice me extra charge add ho gaya. Order ORD138952. App me tracking bhi galat show ho rahi hai.,Billing_Invoice,High,Email
Invoice me extra charge add ho gaya. Order ORD955930.,Billing_Invoice,High,Website
Box kholte hi product broken nikla. Order ORD936514.,Damaged_Product,Low,Website
Login karte hi something went wrong error aa raha hai.,App_Bug,Low,App
Discount apply hua tha par final bill me reflect nahi hua.,Billing_Invoice,Medium,Call
Invoice me extra charge add ho gaya. Order ORD808267.,Billing_Invoice,Low,Email
3 baar complaint ki but koi proper response nahi mila.,Customer_Service,High,Email
UPI payment deduct ho gaya par order place nahi hua. Txn TXN78861681.,Payment_Issue,High,Website
Original bola tha lekin duplicate nikla. Seller response bhi nahi de raha.,Seller_Fraud,High,Call
"Maine headphones order kiye the, wallet deliver kar diya. Order ORD262954.",Wrong_Product,Medium,App
Return approve hua but pickup schedule nahi ho raha. Invoice INV345521. Support ko contact kiya but koi update nahi.,Refund_Return,Medium,App
Seller ne fake product bhej diya aur return bhi reject kar diya. Order ORD418788.,Seller_Fraud,High,App
Completely different product receive hua.,Wrong_Product,Low,Call
Return approve hua but pickup schedule nahi ho raha. Invoice INV317032.,Refund_Return,High,Email
"Tracking TRK7159620 update nahi ho raha, delivery date cross ho gayi.",Order_Not_Delivered,High,Call
Discount apply hua tha par final bill me reflect nahi hua.,Billing_Invoice,Medium,App
Amount debit hua lekin confirmation nahi aaya. Refund bhi abhi tak process nahi hua.,Payment_Issue,Low,Call
Original bola tha lekin duplicate nikla. Seller response bhi nahi de raha.,Seller_Fraud,Medium,Call
Express delivery li thi fir bhi delay hua.,Late_Delivery,Medium,Call
"Order ORD407529 ko 8 din ho gaye, status out for delivery pe hi atka hai, parcel abhi tak nahi mila.",Order_Not_Delivered,Medium,App
Completely different product receive hua.,Wrong_Product,High,Email
Express delivery li thi fir bhi delay hua.,Late_Delivery,High,Website
Discount apply hua tha par final bill me reflect nahi hua.,Billing_Invoice,High,Call
Completely different product receive hua.,Wrong_Product,High,App
3 baar complaint ki but koi proper response nahi mila.,Customer_Service,Medium,Email
Customer support sirf ticket close kar raha hai without solution. Ref ORD940953.,Customer_Service,Medium,Website
Seller ne fake product bhej diya aur return bhi reject kar diya. Order ORD123089.,Seller_Fraud,High,Website
3 baar complaint ki but koi proper response nahi mila. Seller bhi reply nahi kar raha.,Customer_Service,Medium,Email
Discount apply hua tha par final bill me reflect nahi hua. App me tracking bhi galat show ho rahi hai.,Billing_Invoice,High,Website
Invoice me extra charge add ho gaya. Order ORD778796. App me tracking bhi galat show ho rahi hai.,Billing_Invoice,Medium,Call
Amount debit hua lekin confirmation nahi aaya.,Payment_Issue,High,Website
Box kholte hi product broken nikla. Order ORD384488. App me tracking bhi galat show ho rahi hai.,Damaged_Product,Medium,Email
Box kholte hi product broken nikla. Order ORD948358.,Damaged_Product,Medium,Website
Completely different product receive hua.,Wrong_Product,Medium,Call
"Maine headphones order kiye the, wallet deliver kar diya. Order ORD346988.",Wrong_Product,Medium,Call
"Maine headphones order kiye the, wallet deliver kar diya. Order ORD644590.",Wrong_Product,High,Email
"Order ORD439268 ko 6 din ho gaye, status out for delivery pe hi atka hai, parcel abhi tak nahi mila.",Order_Not_Delivered,Medium,Email
3 baar complaint ki but koi proper response nahi mila.,Customer_Service,High,Website
Discount apply hua tha par final bill me reflect nahi hua.,Billing_Invoice,Medium,Call
Customer support sirf ticket close kar raha hai without solution. Ref ORD578542.,Customer_Service,Low,Call
Box kholte hi product broken nikla. Order ORD570636.,Damaged_Product,Medium,App
App crash ho rahi hai payment ke time. Ref TRK7242438.,App_Bug,Low,Call
Customer support sirf ticket close kar raha hai without solution. Ref ORD300686. Refund bhi abhi tak process nahi hua.,Customer_Service,High,Call
Express delivery li thi fir bhi delay hua. App me tracking bhi galat show ho rahi hai.,Late_Delivery,Medium,App
"Maine headphones order kiye the, wallet deliver kar diya. Order ORD526069.",Wrong_Product,High,Website
Screen cracked thi delivery ke time.,Damaged_Product,High,Call
Original bola tha lekin duplicate nikla. Seller response bhi nahi de raha.,Seller_Fraud,Medium,Email
Completely different product receive hua. Support ko contact kiya but koi update nahi.,Wrong_Product,Medium,Email
Customer support sirf ticket close kar raha hai without solution. Ref ORD214228.,Customer_Service,Medium,App
App crash ho rahi hai payment ke time. Ref TRK9517441.,App_Bug,Medium,Website
Screen cracked thi delivery ke time.,Damaged_Product,High,Call
App crash ho rahi hai payment ke time. Ref TRK2335988. Refund bhi abhi tak process nahi hua.,App_Bug,High,Email
"Tracking TRK6255642 update nahi ho raha, delivery date cross ho gayi.",Order_Not_Delivered,High,Website
Discount apply hua tha par final bill me reflect nahi hua.,Billing_Invoice,Low,Website
Box kholte hi product broken nikla. Order ORD350633.,Damaged_Product,High,Email
3 baar complaint ki but koi proper response nahi mila.,Customer_Service,Medium,Website
Express delivery li thi fir bhi delay hua. Refund bhi abhi tak process nahi hua.,Late_Delivery,High,Call
Return approve hua but pickup schedule nahi ho raha. Invoice INV486507. App me tracking bhi galat show ho rahi hai.,Refund_Return,High,Email
Customer support sirf ticket close kar raha hai without solution. Ref ORD233666.,Customer_Service,High,Website
Discount apply hua tha par final bill me reflect nahi hua.,Billing_Invoice,Medium,App
Return approve hua but pickup schedule nahi ho raha. Invoice INV322319. Support ko contact kiya but koi update nahi.,Refund_Return,High,Call
"Tracking TRK1039140 update nahi ho raha, delivery date cross ho gayi.",Order_Not_Delivered,High,Email
Amount debit hua lekin confirmation nahi aaya.,Payment_Issue,High,App
Discount apply hua tha par final bill me reflect nahi hua.,Billing_Invoice,Low,Website
App crash ho rahi hai payment ke time. Ref TRK6801015.,App_Bug,High,Website
"Order ORD794023 ko 11 din ho gaye, status out for delivery pe hi atka hai, parcel abhi tak nahi mila.",Order_Not_Delivered,Medium,Call
Original bola tha lekin duplicate nikla. Seller response bhi nahi de raha. Refund bhi abhi tak process nahi hua.,Seller_Fraud,High,Website
Amount debit hua lekin confirmation nahi aaya. Seller bhi reply nahi kar raha.,Payment_Issue,High,Website
Box kholte hi product broken nikla. Order ORD212686.,Damaged_Product,High,Email
App crash ho rahi hai payment ke time. Ref TRK1636622.,App_Bug,Medium,Website
Box kholte hi product broken nikla. Order ORD507233.,Damaged_Product,Medium,Email
Refund 10 din se pending hai.,Refund_Return,High,Email
Screen cracked thi delivery ke time. Refund bhi abhi tak process nahi hua.,Damaged_Product,High,App
Completely different product receive hua.,Wrong_Product,Medium,Website
Box kholte hi product broken nikla. Order ORD811828. App me tracking bhi galat show ho rahi hai.,Damaged_Product,Medium,App
App crash ho rahi hai payment ke time. Ref TRK8250521.,App_Bug,Low,Email
Invoice me extra charge add ho gaya. Order ORD973021.,Billing_Invoice,High,Email
Login karte hi something went wrong error aa raha hai.,App_Bug,Low,Call
3 baar complaint ki but koi proper response nahi mila.,Customer_Service,Medium,App
Invoice me extra charge add ho gaya. Order ORD147862.,Billing_Invoice,Low,Website
Completely different product receive hua.,Wrong_Product,High,Website
"Tracking TRK5284905 update nahi ho raha, delivery date cross ho gayi.",Order_Not_Delivered,High,App
"Maine headphones order kiye the, wallet deliver kar diya. Order ORD667719. Support ko contact kiya but koi update nahi.",Wrong_Product,Medium,Call
Return approve hua but pickup schedule nahi ho raha. Invoice INV748423.,Refund_Return,Low,App
Amount debit hua lekin confirmation nahi aaya.,Payment_Issue,Medium,Website
3 baar complaint ki but koi proper response nahi mila.,Customer_Service,High,Website
"Order ORD178889 ko 10 din ho gaye, status out for delivery pe hi atka hai, parcel abhi tak nahi mila. Seller bhi reply nahi kar raha.",Order_Not_Delivered,High,App
"Tracking TRK2165439 update nahi ho raha, delivery date cross ho gayi.",Order_Not_Delivered,High,App
"Maine headphones order kiye the, wallet deliver kar diya. Order ORD941847. App me tracking bhi galat show ho rahi hai.",Wrong_Product,Medium,Website
Original bola tha lekin duplicate nikla. Seller response bhi nahi de raha. Seller bhi reply nahi kar raha.,Seller_Fraud,Medium,App
Invoice me extra charge add ho gaya. Order ORD615316. Refund bhi abhi tak process nahi hua.,Billing_Invoice,High,App
"Tracking TRK1426554 update nahi ho raha, delivery date cross ho gayi.",Order_Not_Delivered,Medium,App
Box kholte hi product broken nikla. Order ORD578255. App me tracking bhi galat show ho rahi hai.,Damaged_Product,Medium,Email
Discount apply hua tha par final bill me reflect nahi hua.,Billing_Invoice,Low,Email
Login karte hi something went wrong error aa raha hai.,App_Bug,Medium,Website
Screen cracked thi delivery ke time. Seller bhi reply nahi kar raha.,Damaged_Product,Medium,Email
Customer support sirf ticket close kar raha hai without solution. Ref ORD303000.,Customer_Service,Medium,App
Box kholte hi product broken nikla. Order ORD102248.,Damaged_Product,High,Email
Original bola tha lekin duplicate nikla. Seller response bhi nahi de raha. Support ko contact kiya but koi update nahi.,Seller_Fraud,High,App
Invoice me extra charge add ho gaya. Order ORD960036.,Billing_Invoice,High,Website
UPI payment deduct ho gaya par order place nahi hua. Txn TXN83025550.,Payment_Issue,Medium,Email
"Maine headphones order kiye the, wallet deliver kar diya. Order ORD661267. Refund bhi abhi tak process nahi hua.",Wrong_Product,Medium,Email
Customer support sirf ticket close kar raha hai without solution. Ref ORD162995. Seller bhi reply nahi kar raha.,Customer_Service,High,App
App crash ho rahi hai payment ke time. Ref TRK9905370.,App_Bug,Low,Website
Return approve hua but pickup schedule nahi ho raha. Invoice INV259636. App me tracking bhi galat show ho rahi hai.,Refund_Return,High,App
Invoice me extra charge add ho gaya. Order ORD514120.,Billing_Invoice,High,Email
"Tracking TRK6870647 update nahi ho raha, delivery date cross ho gayi.",Order_Not_Delivered,High,Call
Customer support sirf ticket close kar raha hai without solution. Ref ORD459443.,Customer_Service,Medium,Call
Box kholte hi product broken nikla. Order ORD813571.,Damaged_Product,High,Website
UPI payment deduct ho gaya par order place nahi hua. Txn TXN14044297. Seller bhi reply nahi kar raha.,Payment_Issue,Low,Email
App crash ho rahi hai payment ke time. Ref TRK8380220.,App_Bug,Low,App
Login karte hi something went wrong error aa raha hai.,App_Bug,Medium,Call
Original bola tha lekin duplicate nikla. Seller response bhi nahi de raha.,Seller_Fraud,Medium,Website
Original bola tha lekin duplicate nikla. Seller response bhi nahi de raha.,Seller_Fraud,Low,App
Invoice me extra charge add ho gaya. Order ORD436501.,Billing_Invoice,Low,App
UPI payment deduct ho gaya par order place nahi hua. Txn TXN80058340. Support ko contact kiya but koi update nahi.,Payment_Issue,High,Website
Discount apply hua tha par final bill me reflect nahi hua.,Billing_Invoice,Medium,Website
Customer support sirf ticket close kar raha hai without solution. Ref ORD409113.,Customer_Service,High,Call
Box kholte hi product broken nikla. Order ORD121590. Support ko contact kiya but koi update nahi.,Damaged_Product,High,Website
Screen cracked thi delivery ke time.,Damaged_Product,High,App
Completely different product receive hua. App me tracking bhi galat show ho rahi hai.,Wrong_Product,Low,Website
"Order ORD454019 ko 12 din ho gaye, status out for delivery pe hi atka hai, parcel abhi tak nahi mila.",Order_Not_Delivered,Low,Call
Discount apply hua tha par final bill me reflect nahi hua.,Billing_Invoice,Low,Email
3 baar complaint ki but koi proper response nahi mila.,Customer_Service,Low,Call
Completely different product receive hua. Refund bhi abhi tak process nahi hua.,Wrong_Product,High,App
Customer support sirf ticket close kar raha hai without solution. Ref ORD759536.,Customer_Service,Medium,Email
"Order ORD471664 ko 10 din ho gaye, status out for delivery pe hi atka hai, parcel abhi tak nahi mila.",Order_Not_Delivered,Medium,Call
3 baar complaint ki but koi proper response nahi mila.,Customer_Service,High,Call
Discount apply hua tha par final bill me reflect nahi hua. Support ko contact kiya but koi update nahi.,Billing_Invoice,Medium,Website
Refund 10 din se pending hai. Seller bhi reply nahi kar raha.,Refund_Return,Medium,Email
Screen cracked thi delivery ke time.,Damaged_Product,Medium,App
"Order ORD134186 ko 5 din ho gaye, status out for delivery pe hi atka hai, parcel abhi tak nahi mila.",Order_Not_Delivered,Medium,App
App crash ho rahi hai payment ke time. Ref TRK6257685.,App_Bug,Low,App
App crash ho rahi hai payment ke time. Ref TRK8966256.,App_Bug,Medium,Email
Discount apply hua tha par final bill me reflect nahi hua.,Billing_Invoice,High,Call
Completely different product receive hua. Support ko contact kiya but koi update nahi.,Wrong_Product,High,App
Express delivery li thi fir bhi delay hua.,Late_Delivery,Medium,App
Seller ne fake product bhej diya aur return bhi reject kar diya. Order ORD587151.,Seller_Fraud,Medium,Call
UPI payment deduct ho gaya par order place nahi hua. Txn TXN61651493.,Payment_Issue,Low,App
UPI payment deduct ho gaya par order place nahi hua. Txn TXN26122810.,Payment_Issue,Medium,App
App crash ho rahi hai payment ke time. Ref TRK6573051. App me tracking bhi galat show ho rahi hai.,App_Bug,Low,Call
App crash ho rahi hai payment ke time. Ref TRK4198294. Seller bhi reply nahi kar raha.,App_Bug,Low,Call
"Maine headphones order kiye the, wallet deliver kar diya. Order ORD274381.",Wrong_Product,Medium,Website
"Tracking TRK6845131 update nahi ho raha, delivery date cross ho gayi.",Order_Not_Delivered,High,App
Promised date se 4 din late deliver hua.,Late_Delivery,Medium,Email
Promised date se 10 din late deliver hua.,Late_Delivery,High,Website
Login karte hi something went wrong error aa raha hai.,App_Bug,High,App
"Order ORD908712 ko 7 din ho gaye, status out for delivery pe hi atka hai, parcel abhi tak nahi mila.",Order_Not_Delivered,Medium,Call
Promised date se 12 din late deliver hua. Seller bhi reply nahi kar raha.,Late_Delivery,Low,App
App crash ho rahi hai payment ke time. Ref TRK6388497. Support ko contact kiya but koi update nahi.,App_Bug,Medium,App
Customer support sirf ticket close kar raha hai without solution. Ref ORD927843.,Customer_Service,Medium,Website
App crash ho rahi hai payment ke time. Ref TRK9523217.,App_Bug,High,App
Box kholte hi product broken nikla. Order ORD596192.,Damaged_Product,High,Call
3 baar complaint ki but koi proper response nahi mila. App me tracking bhi galat show ho rahi hai.,Customer_Service,High,App
Amount debit hua lekin confirmation nahi aaya.,Payment_Issue,High,Call
Box kholte hi product broken nikla. Order ORD697525.,Damaged_Product,High,Email
App crash ho rahi hai payment ke time. Ref TRK6768735.,App_Bug,High,Email
Invoice me extra charge add ho gaya. Order ORD101505. Support ko contact kiya but koi update nahi.,Billing_Invoice,High,Website
Customer support sirf ticket close kar raha hai without solution. Ref ORD407649. Support ko contact kiya but koi update nahi.,Customer_Service,Low,Email
"Order ORD512243 ko 6 din ho gaye, status out for delivery pe hi atka hai, parcel abhi tak nahi mila.",Order_Not_Delivered,High,Email
Screen cracked thi delivery ke time.,Damaged_Product,High,Call
Seller ne fake product bhej diya aur return bhi reject kar diya. Order ORD819529. Seller bhi reply nahi kar raha.,Seller_Fraud,Low,App
Promised date se 12 din late deliver hua.,Late_Delivery,Medium,App
Completely different product receive hua. Refund bhi abhi tak process nahi hua.,Wrong_Product,Medium,Call
Express delivery li thi fir bhi delay hua.,Late_Delivery,Medium,Call
Discount apply hua tha par final bill me reflect nahi hua.,Billing_Invoice,Medium,Call
Express delivery li thi fir bhi delay hua.,Late_Delivery,Medium,Website
Login karte hi something went wrong error aa raha hai. Support ko contact kiya but koi update nahi.,App_Bug,High,Email
Discount apply hua tha par final bill me reflect nahi hua.,Billing_Invoice,High,Email
Login karte hi something went wrong error aa raha hai.,App_Bug,High,App
3 baar complaint ki but koi proper response nahi mila.,Customer_Service,High,App
Promised date se 5 din late deliver hua.,Late_Delivery,Medium,Email
Login karte hi something went wrong error aa raha hai.,App_Bug,High,Website
Seller ne fake product bhej diya aur return bhi reject kar diya. Order ORD402840.,Seller_Fraud,Low,Call
Box kholte hi product broken nikla. Order ORD645052.,Damaged_Product,Medium,Website
Discount apply hua tha par final bill me reflect nahi hua.,Billing_Invoice,High,Email
Original bola tha lekin duplicate nikla. Seller response bhi nahi de raha. Refund bhi abhi tak process nahi hua.,Seller_Fraud,Medium,Call
App crash ho rahi hai payment ke time. Ref TRK9483296.,App_Bug,High,Call
Screen cracked thi delivery ke time. Seller bhi reply nahi kar raha.,Damaged_Product,Medium,Call
App crash ho rahi hai payment ke time. Ref TRK2129844.,App_Bug,Medium,App
Promised date se 2 din late deliver hua.,Late_Delivery,Medium,Call
Customer support sirf ticket close kar raha hai without solution. Ref ORD758733.,Customer_Service,Medium,Call
Discount apply hua tha par final bill me reflect nahi hua.,Billing_Invoice,High,Call
Completely different product receive hua.,Wrong_Product,Low,App
Seller ne fake product bhej diya aur return bhi reject kar diya. Order ORD902080. Refund bhi abhi tak process nahi hua.,Seller_Fraud,Medium,App
UPI payment deduct ho gaya par order place nahi hua. Txn TXN77101104.,Payment_Issue,Medium,Website
Screen cracked thi delivery ke time.,Damaged_Product,Medium,Call
Original bola tha lekin duplicate nikla. Seller response bhi nahi de raha.,Seller_Fraud,Medium,App
Seller ne fake product bhej diya aur return bhi reject kar diya. Order ORD146631.,Seller_Fraud,Medium,Email
Original bola tha lekin duplicate nikla. Seller response bhi nahi de raha.,Seller_Fraud,Low,Call
UPI payment deduct ho gaya par order place nahi hua. Txn TXN47276573.,Payment_Issue,Medium,Call
"Order ORD446841 ko 3 din ho gaye, status out for delivery pe hi atka hai, parcel abhi tak nahi mila. Support ko contact kiya but koi update nahi.",Order_Not_Delivered,Low,App
Invoice me extra charge add ho gaya. Order ORD801025. Refund bhi abhi tak process nahi hua.,Billing_Invoice,Medium,Website
Invoice me extra charge add ho gaya. Order ORD961873.,Billing_Invoice,Low,Email
"Tracking TRK7043054 update nahi ho raha, delivery date cross ho gayi.",Order_Not_Delivered,Low,App
UPI payment deduct ho gaya par order place nahi hua. Txn TXN98049937.,Payment_Issue,High,Email
Promised date se 9 din late deliver hua. Refund bhi abhi tak process nahi hua.,Late_Delivery,High,Website
Original bola tha lekin duplicate nikla. Seller response bhi nahi de raha.,Seller_Fraud,High,Website
"Maine headphones order kiye the, wallet deliver kar diya. Order ORD742278.",Wrong_Product,High,Email
Screen cracked thi delivery ke time. Support ko contact kiya but koi update nahi.,Damaged_Product,High,Call
"Tracking TRK6099973 update nahi ho raha, delivery date cross ho gayi. App me tracking bhi galat show ho rahi hai.",Order_Not_Delivered,Medium,App
3 baar complaint ki but koi proper response nahi mila.,Customer_Service,Medium,Call
3 baar complaint ki but koi proper response nahi mila. Refund bhi abhi tak process nahi hua.,Customer_Service,High,Email
Seller ne fake product bhej diya aur return bhi reject kar diya. Order ORD518692. Seller bhi reply nahi kar raha.,Seller_Fraud,Medium,Call
Promised date se 7 din late deliver hua.,Late_Delivery,Medium,App
Promised date se 10 din late deliver hua.,Late_Delivery,High,Website
Original bola tha lekin duplicate nikla. Seller response bhi nahi de raha.,Seller_Fraud,Low,Email
Original bola tha lekin duplicate nikla. Seller response bhi nahi de raha. Support ko contact kiya but koi update nahi.,Seller_Fraud,Medium,App
"Order ORD299943 ko 11 din ho gaye, status out for delivery pe hi atka hai, parcel abhi tak nahi mila. Support ko contact kiya but koi update nahi.",Order_Not_Delivered,High,Website
3 baar complaint ki but koi proper response nahi mila. Support ko contact kiya but koi update nahi.,Customer_Service,Medium,Call
"Tracking TRK4083541 update nahi ho raha, delivery date cross ho gayi. App me tracking bhi galat show ho rahi hai.",Order_Not_Delivered,Medium,Email
"Tracking TRK7088470 update nahi ho raha, delivery date cross ho gayi.",Order_Not_Delivered,High,Website
"Tracking TRK1901838 update nahi ho raha, delivery date cross ho gayi.",Order_Not_Delivered,High,Website
Refund 10 din se pending hai. Support ko contact kiya but koi update nahi.,Refund_Return,High,Website
3 baar complaint ki but koi proper response nahi mila.,Customer_Service,High,Email
Seller ne fake product bhej diya aur return bhi reject kar diya. Order ORD167138. Support ko contact kiya but koi update nahi.,Seller_Fraud,Low,Website
Seller ne fake product bhej diya aur return bhi reject kar diya. Order ORD306410. Seller bhi reply nahi kar raha.,Seller_Fraud,High,Call
Login karte hi something went wrong error aa raha hai. Support ko contact kiya but koi update nahi.,App_Bug,High,Website
Seller ne fake product bhej diya aur return bhi reject kar diya. Order ORD363863. Support ko contact kiya but koi update nahi.,Seller_Fraud,Medium,Website
Refund 10 din se pending hai.,Refund_Return,High,Call
3 baar complaint ki but koi proper response nahi mila.,Customer_Service,Medium,Email
Box kholte hi product broken nikla. Order ORD866891.,Damaged_Product,Medium,Email
Completely different product receive hua.,Wrong_Product,Low,Website
Seller ne fake product bhej diya aur return bhi reject kar diya. Order ORD114689.,Seller_Fraud,Low,Call
Completely different product receive hua.,Wrong_Product,Medium,Email
Seller ne fake product bhej diya aur return bhi reject kar diya. Order ORD381938.,Seller_Fraud,High,Call
"Maine headphones order kiye the, wallet deliver kar diya. Order ORD580325.",Wrong_Product,Medium,Email
Screen cracked thi delivery ke time. Refund bhi abhi tak process nahi hua.,Damaged_Product,High,Call
Original bola tha lekin duplicate nikla. Seller response bhi nahi de raha.,Seller_Fraud,Low,App
Screen cracked thi delivery ke time.,Damaged_Product,High,Call
Box kholte hi product broken nikla. Order ORD982237.,Damaged_Product,High,Call
Customer support sirf ticket close kar raha hai without solution. Ref ORD247044.,Customer_Service,High,App
App crash ho rahi hai payment ke time. Ref TRK2194466. Seller bhi reply nahi kar raha.,App_Bug,High,App
3 baar complaint ki but koi proper response nahi mila.,Customer_Service,Medium,Website
Box kholte hi product broken nikla. Order ORD883747.,Damaged_Product,Medium,Email
Completely different product receive hua.,Wrong_Product,Medium,Email
3 baar complaint ki but koi proper response nahi mila.,Customer_Service,Medium,App
Box kholte hi product broken nikla. Order ORD868776.,Damaged_Product,Low,App
Discount apply hua tha par final bill me reflect nahi hua.,Billing_Invoice,Medium,App
"Tracking TRK2167304 update nahi ho raha, delivery date cross ho gayi.",Order_Not_Delivered,Medium,Call
Seller ne fake product bhej diya aur return bhi reject kar diya. Order ORD821119. Seller bhi reply nahi kar raha.,Seller_Fraud,High,Website
"Tracking TRK1949563 update nahi ho raha, delivery date cross ho gayi. App me tracking bhi galat show ho rahi hai.",Order_Not_Delivered,High,Email
App crash ho rahi hai payment ke time. Ref TRK1490256.,App_Bug,High,Email
Screen cracked thi delivery ke time. App me tracking bhi galat show ho rahi hai.,Damaged_Product,Medium,Email
Login karte hi something went wrong error aa raha hai.,App_Bug,High,App
"Maine headphones order kiye the, wallet deliver kar diya. Order ORD378748.",Wrong_Product,High,Website
"Maine headphones order kiye the, wallet deliver kar diya. Order ORD209804.",Wrong_Product,High,Call
Express delivery li thi fir bhi delay hua. App me tracking bhi galat show ho rahi hai.,Late_Delivery,High,Call
UPI payment deduct ho gaya par order place nahi hua. Txn TXN76962229.,Payment_Issue,High,App
Promised date se 4 din late deliver hua. App me tracking bhi galat show ho rahi hai.,Late_Delivery,High,App
Completely different product receive hua.,Wrong_Product,Medium,App
Screen cracked thi delivery ke time.,Damaged_Product,High,App
Return approve hua but pickup schedule nahi ho raha. Invoice INV973621.,Refund_Return,Medium,Email
Box kholte hi product broken nikla. Order ORD950748.,Damaged_Product,Medium,Website
App crash ho rahi hai payment ke time. Ref TRK9737359.,App_Bug,Medium,Email
Login karte hi something went wrong error aa raha hai. App me tracking bhi galat show ho rahi hai.,App_Bug,High,Website
Discount apply hua tha par final bill me reflect nahi hua.,Billing_Invoice,Low,App
Customer support sirf ticket close kar raha hai without solution. Ref ORD692997.,Customer_Service,High,Call
Completely different product receive hua.,Wrong_Product,Medium,App
"Maine headphones order kiye the, wallet deliver kar diya. Order ORD363658.",Wrong_Product,High,Website
Seller ne fake product bhej diya aur return bhi reject kar diya. Order ORD472732.,Seller_Fraud,Medium,Call
Discount apply hua tha par final bill me reflect nahi hua.,Billing_Invoice,Low,Email
Box kholte hi product broken nikla. Order ORD499880.,Damaged_Product,High,App
UPI payment deduct ho gaya par order place nahi hua. Txn TXN42127507. Support ko contact kiya but koi update nahi.,Payment_Issue,Medium,Call
Discount apply hua tha par final bill me reflect nahi hua. Support ko contact kiya but koi update nahi.,Billing_Invoice,High,Email
"Tracking TRK7784751 update nahi ho raha, delivery date cross ho gayi. Refund bhi abhi tak process nahi hua.",Order_Not_Delivered,High,App
Login karte hi something went wrong error aa raha hai.,App_Bug,High,Website
Customer support sirf ticket close kar raha hai without solution. Ref ORD468558.,Customer_Service,Medium,Email
Box kholte hi product broken nikla. Order ORD373939. Seller bhi reply nahi kar raha.,Damaged_Product,Medium,App
Invoice me extra charge add ho gaya. Order ORD709496. Refund bhi abhi tak process nahi hua.,Billing_Invoice,Medium,Website
Discount apply hua tha par final bill me reflect nahi hua.,Billing_Invoice,High,App
Amount debit hua lekin confirmation nahi aaya.,Payment_Issue,Low,App
3 baar complaint ki but koi proper response nahi mila.,Customer_Service,High,Website
Refund 10 din se pending hai. Support ko contact kiya but koi update nahi.,Refund_Return,Low,App
Original bola tha lekin duplicate nikla. Seller response bhi nahi de raha.,Seller_Fraud,High,Website
Screen cracked thi delivery ke time.,Damaged_Product,Low,Email
Seller ne fake product bhej diya aur return bhi reject kar diya. Order ORD620585. Seller bhi reply nahi kar raha.,Seller_Fraud,Medium,App
Seller ne fake product bhej diya aur return bhi reject kar diya. Order ORD997839.,Seller_Fraud,Medium,App
"Maine headphones order kiye the, wallet deliver kar diya. Order ORD369570.",Wrong_Product,Medium,Call
3 baar complaint ki but koi proper response nahi mila. App me tracking bhi galat show ho rahi hai.,Customer_Service,High,Email
Return approve hua but pickup schedule nahi ho raha. Invoice INV922164.,Refund_Return,Medium,Call
Screen cracked thi delivery ke time.,Damaged_Product,Low,Website
Invoice me extra charge add ho gaya. Order ORD457016. App me tracking bhi galat show ho rahi hai.,Billing_Invoice,High,Website
Completely different product receive hua. Seller bhi reply nahi kar raha.,Wrong_Product,Medium,Email
Discount apply hua tha par final bill me reflect nahi hua.,Billing_Invoice,Low,Email
Seller ne fake product bhej diya aur return bhi reject kar diya. Order ORD658095. App me tracking bhi galat show ho rahi hai.,Seller_Fraud,High,Email
Customer support sirf ticket close kar raha hai without solution. Ref ORD867471.,Customer_Service,Medium,App
App crash ho rahi hai payment ke time. Ref TRK6524540.,App_Bug,Medium,Email
Invoice me extra charge add ho gaya. Order ORD209773. Seller bhi reply nahi kar raha.,Billing_Invoice,High,Email
Return approve hua but pickup schedule nahi ho raha. Invoice INV663315.,Refund_Return,High,App
Customer support sirf ticket close kar raha hai without solution. Ref ORD216771.,Customer_Service,Low,Call
"Order ORD496460 ko 11 din ho gaye, status out for delivery pe hi atka hai, parcel abhi tak nahi mila.",Order_Not_Delivered,Medium,Email
Original bola tha lekin duplicate nikla. Seller response bhi nahi de raha.,Seller_Fraud,High,Email
Customer support sirf ticket close kar raha hai without solution. Ref ORD758457.,Customer_Service,Medium,Call
Seller ne fake product bhej diya aur return bhi reject kar diya. Order ORD882765.,Seller_Fraud,Medium,Email
3 baar complaint ki but koi proper response nahi mila.,Customer_Service,High,Website
Express delivery li thi fir bhi delay hua.,Late_Delivery,Medium,App
Login karte hi something went wrong error aa raha hai.,App_Bug,High,Email
"Order ORD350345 ko 3 din ho gaye, status out for delivery pe hi atka hai, parcel abhi tak nahi mila. Support ko contact kiya but koi update nahi.",Order_Not_Delivered,Medium,Email
Customer support sirf ticket close kar raha hai without solution. Ref ORD632626.,Customer_Service,High,Call
Screen cracked thi delivery ke time. Support ko contact kiya but koi update nahi.,Damaged_Product,High,Website
"Maine headphones order kiye the, wallet deliver kar diya. Order ORD781957.",Wrong_Product,Low,Email
"Tracking TRK6346634 update nahi ho raha, delivery date cross ho gayi.",Order_Not_Delivered,High,App
Login karte hi something went wrong error aa raha hai. Refund bhi abhi tak process nahi hua.,App_Bug,Medium,App
UPI payment deduct ho gaya par order place nahi hua. Txn TXN40050601.,Payment_Issue,High,App
App crash ho rahi hai payment ke time. Ref TRK5436346.,App_Bug,High,Call
Completely different product receive hua. App me tracking bhi galat show ho rahi hai.,Wrong_Product,High,Call
"Tracking TRK5276784 update nahi ho raha, delivery date cross ho gayi.",Order_Not_Delivered,High,App
"Order ORD443307 ko 5 din ho gaye, status out for delivery pe hi atka hai, parcel abhi tak nahi mila.",Order_Not_Delivered,Medium,Call
Express delivery li thi fir bhi delay hua.,Late_Delivery,High,Email
"Order ORD412120 ko 6 din ho gaye, status out for delivery pe hi atka hai, parcel abhi tak nahi mila.",Order_Not_Delivered,Low,Call
Customer support sirf ticket close kar raha hai without solution. Ref ORD917423.,Customer_Service,High,Call
UPI payment deduct ho gaya par order place nahi hua. Txn TXN60523107.,Payment_Issue,High,Email
Screen cracked thi delivery ke time.,Damaged_Product,Low,Website
Login karte hi something went wrong error aa raha hai.,App_Bug,Medium,Website
Seller ne fake product bhej diya aur return bhi reject kar diya. Order ORD997620. Refund bhi abhi tak process nahi hua.,Seller_Fraud,Medium,Call
Customer support sirf ticket close kar raha hai without solution. Ref ORD739981.,Customer_Service,Medium,Website
Promised date se 7 din late deliver hua.,Late_Delivery,High,Call
"Tracking TRK9685662 update nahi ho raha, delivery date cross ho gayi.",Order_Not_Delivered,Medium,Website
"Tracking TRK5027568 update nahi ho raha, delivery date cross ho gayi. Support ko contact kiya but koi update nahi.",Order_Not_Delivered,Medium,App
Original bola tha lekin duplicate nikla. Seller response bhi nahi de raha.,Seller_Fraud,Medium,Call
App crash ho rahi hai payment ke time. Ref TRK8572886.,App_Bug,High,Website
3 baar complaint ki but koi proper response nahi mila.,Customer_Service,Medium,App
3 baar complaint ki but koi proper response nahi mila. App me tracking bhi galat show ho rahi hai.,Customer_Service,Low,Website
Screen cracked thi delivery ke time.,Damaged_Product,Low,App
Discount apply hua tha par final bill me reflect nahi hua.,Billing_Invoice,Medium,Call
Discount apply hua tha par final bill me reflect nahi hua.,Billing_Invoice,Medium,Website
Original bola tha lekin duplicate nikla. Seller response bhi nahi de raha.,Seller_Fraud,High,Call
"Tracking TRK7028175 update nahi ho raha, delivery date cross ho gayi.",Order_Not_Delivered,Medium,Website
Original bola tha lekin duplicate nikla. Seller response bhi nahi de raha. Seller bhi reply nahi kar raha.,Seller_Fraud,High,Call
Original bola tha lekin duplicate nikla. Seller response bhi nahi de raha.,Seller_Fraud,High,Email
"Maine headphones order kiye the, wallet deliver kar diya. Order ORD999148.",Wrong_Product,High,Call
"Order ORD572852 ko 9 din ho gaye, status out for delivery pe hi atka hai, parcel abhi tak nahi mila.",Order_Not_Delivered,Low,Website
Promised date se 6 din late deliver hua.,Late_Delivery,Medium,Website
Discount apply hua tha par final bill me reflect nahi hua.,Billing_Invoice,High,Website
Box kholte hi product broken nikla. Order ORD134670.,Damaged_Product,Medium,App
3 baar complaint ki but koi proper response nahi mila. App me tracking bhi galat show ho rahi hai.,Customer_Service,High,Call
"Maine headphones order kiye the, wallet deliver kar diya. Order ORD487648.",Wrong_Product,Medium,Website
3 baar complaint ki but koi proper response nahi mila.,Customer_Service,Medium,Website
Discount apply hua tha par final bill me reflect nahi hua.,Billing_Invoice,High,App
"Tracking TRK3219423 update nahi ho raha, delivery date cross ho gayi.",Order_Not_Delivered,Medium,App
Invoice me extra charge add ho gaya. Order ORD388100.,Billing_Invoice,Low,App
"Order ORD379294 ko 12 din ho gaye, status out for delivery pe hi atka hai, parcel abhi tak nahi mila.",Order_Not_Delivered,Medium,App
Discount apply hua tha par final bill me reflect nahi hua.,Billing_Invoice,Medium,Website
Promised date se 4 din late deliver hua.,Late_Delivery,Medium,Website
"Maine headphones order kiye the, wallet deliver kar diya. Order ORD209947.",Wrong_Product,Medium,Email
Completely different product receive hua.,Wrong_Product,Medium,Website
"Order ORD106429 ko 8 din ho gaye, status out for delivery pe hi atka hai, parcel abhi tak nahi mila.",Order_Not_Delivered,High,Website
"Tracking TRK5030711 update nahi ho raha, delivery date cross ho gayi.",Order_Not_Delivered,High,App
Box kholte hi product broken nikla. Order ORD225532.,Damaged_Product,Medium,Website
Completely different product receive hua.,Wrong_Product,High,App
Original bola tha lekin duplicate nikla. Seller response bhi nahi de raha.,Seller_Fraud,Medium,App
Refund 10 din se pending hai.,Refund_Return,High,App
Return approve hua but pickup schedule nahi ho raha. Invoice INV114252.,Refund_Return,Low,Website
Amount debit hua lekin confirmation nahi aaya. Support ko contact kiya but koi update nahi.,Payment_Issue,Medium,Call
Seller ne fake product bhej diya aur return bhi reject kar diya. Order ORD103127. Support ko contact kiya but koi update nahi.,Seller_Fraud,Medium,App
Customer support sirf ticket close kar raha hai without solution. Ref ORD932975.,Customer_Service,Low,App
Express delivery li thi fir bhi delay hua. Refund bhi abhi tak process nahi hua.,Late_Delivery,High,App
App crash ho rahi hai payment ke time. Ref TRK5744841.,App_Bug,Medium,Email
"Order ORD487559 ko 12 din ho gaye, status out for delivery pe hi atka hai, parcel abhi tak nahi mila. Seller bhi reply nahi kar raha.",Order_Not_Delivered,Medium,Call
"Maine headphones order kiye the, wallet deliver kar diya. Order ORD754804.",Wrong_Product,High,Call
"Maine headphones order kiye the, wallet deliver kar diya. Order ORD373847.",Wrong_Product,High,Website
3 baar complaint ki but koi proper response nahi mila.,Customer_Service,Low,App
Seller ne fake product bhej diya aur return bhi reject kar diya. Order ORD324766. Refund bhi abhi tak process nahi hua.,Seller_Fraud,Low,Call
Completely different product receive hua. App me tracking bhi galat show ho rahi hai.,Wrong_Product,Low,App
Screen cracked thi delivery ke time.,Damaged_Product,High,App
Box kholte hi product broken nikla. Order ORD354546. Refund bhi abhi tak process nahi hua.,Damaged_Product,Medium,Email
Customer support sirf ticket close kar raha hai without solution. Ref ORD858890. Seller bhi reply nahi kar raha.,Customer_Service,High,Email
App crash ho rahi hai payment ke time. Ref TRK6483271. Refund bhi abhi tak process nahi hua.,App_Bug,High,Email
Customer support sirf ticket close kar raha hai without solution. Ref ORD795376.,Customer_Service,Medium,App
3 baar complaint ki but koi proper response nahi mila. Refund bhi abhi tak process nahi hua.,Customer_Service,Medium,Website
Seller ne fake product bhej diya aur return bhi reject kar diya. Order ORD728004.,Seller_Fraud,High,App
Original bola tha lekin duplicate nikla. Seller response bhi nahi de raha.,Seller_Fraud,Low,App
"Order ORD272697 ko 3 din ho gaye, status out for delivery pe hi atka hai, parcel abhi tak nahi mila.",Order_Not_Delivered,Medium,Call
3 baar complaint ki but koi proper response nahi mila. Support ko contact kiya but koi update nahi.,Customer_Service,High,Email
"Order ORD422208 ko 4 din ho gaye, status out for delivery pe hi atka hai, parcel abhi tak nahi mila.",Order_Not_Delivered,High,Call
